Loan_ID,Gender,Married,Dependents,Education,Self_Employed,ApplicantIncome,CoapplicantIncome,LoanAmount,Loan_Amount_Term,Credit_History,Property_Area,Loan_Status
LP100000,Male,Yes,0,Graduate,No,2046,1620,165,360,1.0,Urban,Y
LP100001,Female,No,0,Not Graduate,No,5538,1595,149,360,1.0,Urban,Y
LP100002,Male,Yes,0,Graduate,Yes,8726,1609,484,360,0.0,Semiurban,N
LP100003,Male,No,0,Not Graduate,No,3764,2075,175,360,1.0,Urban,Y
LP100004,Male,No,3+,Graduate,No,3097,0,140,180,1.0,Semiurban,Y
LP100005,Male,Yes,0,Graduate,No,1778,3397,107,360,1.0,Rural,Y
LP100006,Male,No,0,Not Graduate,No,3435,0,144,360,1.0,Urban,Y
LP100007,Female,Yes,1,Graduate,No,1994,1450,65,240,1.0,Semiurban,Y
LP100008,Male,No,1,Graduate,No,1846,0,29,60,1.0,Urban,Y
LP100009,Male,Yes,0,Graduate,No,4140,3368,374,360,1.0,Urban,Y
LP100010,Male,No,2,Graduate,No,2751,0,48,360,1.0,Semiurban,Y
LP100011,Female,Yes,2,Graduate,No,5063,0,158,180,1.0,Rural,Y
LP100012,Female,Yes,0,Graduate,Yes,4219,0,193,360,1.0,Urban,Y
LP100013,Male,No,0,Graduate,No,2999,0,131,60,1.0,Semiurban,Y
LP100014,Male,Yes,3+,Not Graduate,Yes,1411,1027,77,360,1.0,Semiurban,Y
LP100015,Male,Yes,2,Graduate,No,2619,691,120,360,1.0,Urban,Y
LP100016,Male,Yes,1,Graduate,No,2673,1462,153,360,1.0,Semiurban,Y
LP100017,Male,No,0,Graduate,No,2134,0,40,360,0.0,Rural,N
LP100018,Male,Yes,0,Not Graduate,No,2734,2648,134,180,1.0,Semiurban,Y
LP100019,Male,Yes,0,Graduate,No,2228,1670,100,180,1.0,Urban,Y
LP100020,Male,Yes,0,Graduate,No,3826,0,108,300,1.0,Semiurban,Y
LP100021,Male,Yes,0,Not Graduate,Yes,4114,2140,154,360,0.0,Semiurban,N
LP100022,Male,Yes,1,Not Graduate,No,2080,1075,75,180,1.0,Urban,Y
LP100023,Male,Yes,0,Graduate,No,5291,726,165,120,1.0,Urban,N
LP100024,Male,Yes,2,Graduate,No,1980,2836,136,120,1.0,Urban,Y
LP100025,Female,Yes,2,Graduate,No,2271,5366,245,360,1.0,Urban,Y
LP100026,Male,Yes,0,Graduate,No,3934,9147,276,360,1.0,Urban,Y
LP100027,Male,No,2,Not Graduate,No,4782,0,204,360,1.0,Semiurban,N
LP100028,Male,Yes,0,Not Graduate,No,5280,0,238,360,1.0,Urban,Y
LP100029,Male,Yes,2,Graduate,No,10164,0,241,360,1.0,Rural,Y
LP100030,Male,No,0,Graduate,No,3404,0,66,360,1.0,Semiurban,Y
LP100031,Male,Yes,0,Graduate,No,3904,2136,243,360,1.0,Rural,Y
LP100032,Male,No,1,Not Graduate,No,1857,0,88,360,1.0,Semiurban,Y
LP100033,Female,Yes,0,Graduate,No,2101,2876,81,360,1.0,Urban,Y
LP100034,Female,Yes,2,Graduate,No,4748,1462,96,360,1.0,Semiurban,Y
LP100035,Female,Yes,0,Graduate,No,2733,1829,98,180,1.0,Rural,Y
LP100036,Male,No,0,Graduate,No,8247,986,360,360,1.0,Urban,Y
LP100037,Male,No,0,Graduate,No,1873,0,91,360,1.0,Urban,N
LP100038,Male,Yes,0,Not Graduate,No,4282,1124,223,360,0.0,Urban,N
LP100039,Male,Yes,0,Graduate,No,2408,2039,156,360,1.0,Semiurban,Y
LP100040,Male,No,1,Graduate,Yes,2933,0,116,360,1.0,Urban,Y
LP100041,Male,Yes,2,Graduate,No,5632,2840,195,360,1.0,Urban,Y
LP100042,Male,Yes,2,Not Graduate,No,2260,3174,212,360,0.0,Urban,N
LP100043,Female,No,3+,Graduate,No,3153,1758,129,360,0.0,Semiurban,N
LP100044,Male,No,0,Graduate,No,2679,0,61,36,1.0,Semiurban,Y
LP100045,Male,Yes,1,Not Graduate,No,8746,1492,238,360,1.0,Semiurban,Y
LP100046,Male,No,0,Not Graduate,No,2333,612,113,300,0.0,Semiurban,N
LP100047,Male,No,1,Not Graduate,No,3371,0,141,360,1.0,Semiurban,Y
LP100048,Male,Yes,0,Graduate,No,3747,0,133,360,1.0,Urban,Y
LP100049,Male,Yes,3+,Graduate,No,4729,3670,145,360,1.0,Semiurban,Y
LP100050,Female,Yes,1,Graduate,No,2986,1968,81,180,1.0,Urban,Y
LP100051,Male,No,3+,Graduate,No,3749,0,85,360,1.0,Semiurban,Y
LP100052,Female,No,2,Graduate,Yes,5720,0,143,360,1.0,Semiurban,Y
LP100053,Female,Yes,2,Graduate,No,2605,3401,175,360,0.0,Urban,N
LP100054,Male,No,2,Graduate,No,7623,0,135,240,1.0,Urban,Y
LP100055,Female,Yes,0,Graduate,No,8037,0,325,360,1.0,Urban,Y
LP100056,Male,Yes,0,Graduate,No,5845,736,263,120,1.0,Urban,Y
LP100057,Male,Yes,0,Not Graduate,No,3405,1080,122,360,1.0,Urban,N
LP100058,Male,Yes,0,Graduate,No,808,2661,120,360,1.0,Rural,Y
LP100059,Male,No,0,Graduate,No,5288,0,98,360,0.0,Urban,N
LP100060,Male,Yes,0,Graduate,No,3376,0,100,360,0.0,Semiurban,N
LP100061,Male,No,0,Graduate,No,3657,0,165,360,1.0,Semiurban,N
LP100062,Female,Yes,3+,Graduate,No,1475,3984,208,360,1.0,Semiurban,Y
LP100063,Male,Yes,2,Graduate,No,5493,2889,156,180,1.0,Rural,Y
LP100064,Male,No,0,Graduate,No,1888,0,84,360,1.0,Rural,Y
LP100065,Male,Yes,0,Not Graduate,Yes,3847,2395,242,360,1.0,Rural,Y
LP100066,Male,Yes,0,Graduate,No,6887,1203,250,120,1.0,Rural,Y
LP100067,Female,Yes,0,Graduate,No,3235,1383,181,120,1.0,Urban,Y
LP100068,Male,No,2,Graduate,No,8173,0,172,360,1.0,Semiurban,Y
LP100069,Female,Yes,0,Graduate,No,2776,2848,193,360,1.0,Rural,Y
LP100070,Male,Yes,0,Graduate,No,5826,1318,262,360,1.0,Semiurban,Y
LP100071,Male,Yes,2,Graduate,No,2043,0,97,360,1.0,Rural,Y
LP100072,Male,Yes,2,Graduate,Yes,8121,2025,176,360,1.0,Urban,Y
LP100073,Female,No,0,Not Graduate,No,5305,0,149,360,1.0,Semiurban,Y
LP100074,Male,Yes,1,Not Graduate,Yes,4664,2964,365,360,1.0,Rural,N
LP100075,Male,Yes,0,Not Graduate,No,2639,0,60,120,1.0,Urban,Y
LP100076,Male,Yes,0,Graduate,No,1937,0,84,240,1.0,Semiurban,Y
LP100077,Male,Yes,0,Graduate,No,3378,5382,132,180,0.0,Urban,N
LP100078,Male,No,0,Not Graduate,No,6035,0,96,360,1.0,Semiurban,N
LP100079,Male,Yes,0,Graduate,No,4497,766,139,60,1.0,Rural,Y
LP100080,Female,No,0,Not Graduate,No,1395,0,58,360,0.0,Semiurban,N
LP100081,Male,Yes,1,Graduate,No,2256,1102,63,360,1.0,Urban,Y
LP100082,Male,Yes,2,Graduate,No,8341,4743,372,240,1.0,Urban,Y
LP100083,Male,No,0,Graduate,No,5476,0,107,360,1.0,Rural,Y
LP100084,Male,Yes,0,Graduate,No,2124,0,48,360,1.0,Semiurban,Y
LP100085,Male,No,2,Not Graduate,Yes,1365,0,45,180,1.0,Urban,Y
LP100086,Male,No,0,Not Graduate,No,2324,0,61,240,1.0,Urban,Y
LP100087,Male,Yes,3+,Graduate,No,1512,2090,81,360,1.0,Rural,Y
LP100088,Female,Yes,1,Graduate,No,3843,0,111,180,1.0,Rural,N
LP100089,Male,No,0,Not Graduate,No,12620,0,499,360,0.0,Urban,N
LP100090,Male,Yes,0,Graduate,No,1740,835,49,360,1.0,Urban,Y
LP100091,Male,Yes,0,Graduate,No,3780,4287,256,360,1.0,Rural,Y
LP100092,Male,Yes,0,Graduate,No,8616,695,229,84,1.0,Semiurban,Y
LP100093,Male,Yes,0,Graduate,No,6322,690,198,240,1.0,Rural,Y
LP100094,Male,No,1,Graduate,No,3858,2594,282,360,1.0,Semiurban,Y
LP100095,Male,Yes,0,Graduate,No,3863,951,229,240,1.0,Semiurban,Y
LP100096,Male,Yes,0,Not Graduate,No,1735,1479,76,240,1.0,Semiurban,Y
LP100097,Male,Yes,1,Graduate,No,3975,0,147,360,1.0,Rural,Y
LP100098,Male,Yes,0,Graduate,No,4787,2996,301,60,0.0,Semiurban,N
LP100099,Male,Yes,0,Graduate,No,7689,1750,420,84,1.0,Urban,Y
LP100100,Male,No,0,Graduate,No,2977,0,138,360,1.0,Urban,Y
LP100101,Male,Yes,0,Graduate,No,3772,1998,181,360,1.0,Rural,Y
LP100102,Male,No,1,Graduate,No,2484,4083,324,360,1.0,Semiurban,Y
LP100103,Male,No,0,Graduate,No,4740,2362,348,360,1.0,Urban,Y
LP100104,Female,Yes,2,Graduate,No,6444,7178,446,360,1.0,Semiurban,Y
LP100105,Male,Yes,0,Graduate,No,5920,3771,329,360,0.0,Urban,N
LP100106,Male,Yes,0,Graduate,No,2200,2051,163,84,0.0,Urban,N
LP100107,Male,Yes,0,Graduate,No,4539,0,127,180,1.0,Urban,Y
LP100108,Male,No,1,Graduate,No,2885,1709,175,240,1.0,Semiurban,Y
LP100109,Male,No,0,Graduate,Yes,8032,1698,321,84,1.0,Semiurban,Y
LP100110,Male,Yes,0,Graduate,No,3832,0,62,360,1.0,Rural,Y
LP100111,Male,Yes,0,Not Graduate,No,1421,1230,119,360,0.0,Rural,N
LP100112,Female,No,0,Graduate,No,3710,6881,507,360,1.0,Semiurban,Y
LP100113,Female,No,0,Not Graduate,Yes,4638,970,89,360,1.0,Semiurban,Y
LP100114,Male,Yes,1,Graduate,No,4788,1348,262,360,1.0,Urban,Y
LP100115,Female,Yes,0,Not Graduate,No,2473,1889,124,360,1.0,Urban,Y
LP100116,Female,Yes,1,Graduate,No,3035,1927,176,360,1.0,Urban,Y
LP100117,Male,No,0,Graduate,No,2432,2516,161,360,1.0,Semiurban,Y
LP100118,Female,Yes,1,Graduate,No,3370,0,116,60,1.0,Urban,Y
LP100119,Male,Yes,1,Graduate,No,2615,2610,169,360,0.0,Urban,N
LP100120,Female,Yes,0,Graduate,No,7139,3966,498,360,1.0,Semiurban,Y
LP100121,Female,Yes,1,Graduate,No,2551,4273,266,360,0.0,Urban,N
LP100122,Male,Yes,2,Graduate,No,4478,1702,182,360,1.0,Semiurban,Y
LP100123,Male,No,0,Graduate,No,4314,0,169,300,1.0,Semiurban,Y
LP100124,Male,Yes,0,Not Graduate,No,5512,0,269,360,1.0,Urban,Y
LP100125,Male,Yes,2,Graduate,No,7623,1296,159,360,1.0,Urban,Y
LP100126,Female,Yes,1,Graduate,No,6140,0,176,360,1.0,Urban,Y
LP100127,Female,Yes,0,Graduate,No,5593,1944,343,360,0.0,Urban,N
LP100128,Male,Yes,2,Graduate,Yes,2587,1193,154,360,0.0,Semiurban,N
LP100129,Male,Yes,0,Graduate,No,2326,802,149,360,1.0,Rural,Y
LP100130,Male,Yes,1,Graduate,No,2630,1585,69,120,1.0,Urban,Y
LP100131,Male,Yes,2,Not Graduate,No,4955,708,256,360,0.0,Semiurban,N
LP100132,Male,Yes,3+,Not Graduate,No,3412,4431,335,360,1.0,Rural,Y
LP100133,Male,Yes,0,Graduate,No,6752,1430,356,60,0.0,Urban,N
LP100134,Female,No,1,Graduate,Yes,7995,0,287,360,1.0,Urban,Y
LP100135,Male,No,0,Graduate,Yes,3090,0,52,360,0.0,Semiurban,N
LP100136,Male,Yes,0,Graduate,No,4262,976,177,360,1.0,Semiurban,Y
LP100137,Male,Yes,0,Graduate,No,4157,4045,240,360,1.0,Semiurban,Y
LP100138,Male,No,0,Graduate,Yes,3846,2107,199,180,1.0,Semiurban,Y
LP100139,Female,Yes,0,Graduate,No,3120,6199,381,120,0.0,Urban,N
LP100140,Female,No,0,Graduate,No,8034,0,288,360,1.0,Semiurban,Y
LP100141,Male,No,1,Graduate,No,4309,1530,147,180,1.0,Urban,Y
LP100142,Male,Yes,1,Not Graduate,No,3301,0,119,360,1.0,Semiurban,Y
LP100143,Male,Yes,2,Graduate,No,2693,0,48,360,0.0,Rural,N
LP100144,Male,No,2,Graduate,No,6070,0,92,180,1.0,Urban,Y
LP100145,Male,Yes,0,Graduate,No,2409,14782,499,360,1.0,Urban,Y
LP100146,Male,Yes,3+,Graduate,No,5377,0,223,240,1.0,Urban,Y
LP100147,Male,Yes,2,Graduate,No,5459,0,239,360,1.0,Urban,Y
LP100148,Male,Yes,0,Graduate,No,3337,1095,152,360,1.0,Urban,Y
LP100149,Male,No,0,Graduate,No,4986,0,226,180,1.0,Semiurban,Y
LP100150,Female,No,0,Graduate,No,4637,0,90,180,0.0,Rural,N
LP100151,Male,No,0,Not Graduate,No,3207,0,156,360,1.0,Semiurban,Y
LP100152,Male,Yes,0,Graduate,No,4217,0,199,360,1.0,Urban,Y
LP100153,Male,Yes,1,Graduate,No,4332,2593,249,360,1.0,Urban,Y
LP100154,Female,Yes,1,Not Graduate,No,3520,3828,125,300,1.0,Urban,Y
LP100155,Male,Yes,0,Not Graduate,No,3387,2521,183,240,1.0,Urban,Y
LP100156,Male,Yes,0,Graduate,No,2282,2509,102,360,1.0,Rural,Y
LP100157,Male,No,2,Graduate,No,3851,0,142,120,1.0,Urban,Y
LP100158,Male,No,0,Graduate,No,4844,1422,136,240,1.0,Rural,Y
LP100159,Male,Yes,3+,Graduate,No,4417,1432,186,360,1.0,Semiurban,Y
LP100160,Male,Yes,0,Graduate,No,7075,0,157,360,1.0,Semiurban,Y
LP100161,Male,Yes,3+,Graduate,No,5889,6404,263,360,0.0,Urban,N
LP100162,Male,Yes,0,Graduate,No,2594,793,80,360,1.0,Semiurban,Y
LP100163,Male,No,0,Graduate,No,3820,0,61,360,1.0,Semiurban,Y
LP100164,Male,Yes,0,Graduate,No,3528,1706,210,120,1.0,Urban,Y
LP100165,Female,No,1,Graduate,No,4177,0,107,360,0.0,Urban,N
LP100166,Male,Yes,2,Graduate,No,4180,2061,246,360,1.0,Rural,Y
LP100167,Male,Yes,0,Graduate,No,5861,991,259,360,0.0,Urban,N
LP100168,Male,No,3+,Graduate,No,4616,2095,116,360,1.0,Semiurban,Y
LP100169,Male,Yes,1,Graduate,No,8238,706,232,240,1.0,Urban,Y
LP100170,Male,Yes,1,Graduate,No,4781,2914,165,360,1.0,Urban,Y
LP100171,Male,Yes,2,Graduate,No,2652,1660,203,360,1.0,Urban,Y
LP100172,Male,Yes,0,Graduate,No,3238,1902,149,360,1.0,Urban,Y
LP100173,Male,No,0,Not Graduate,No,4568,0,149,180,1.0,Semiurban,Y
LP100174,Male,Yes,2,Not Graduate,No,1349,2261,149,300,1.0,Semiurban,Y
LP100175,Male,No,2,Graduate,No,1997,1444,148,360,1.0,Rural,Y
LP100176,Male,Yes,0,Not Graduate,Yes,3626,3715,347,360,1.0,Semiurban,Y
LP100177,Male,Yes,2,Graduate,No,7064,0,229,120,1.0,Urban,Y
LP100178,Female,No,0,Graduate,No,8592,0,187,360,1.0,Semiurban,Y
LP100179,Male,Yes,2,Not Graduate,No,2908,1740,194,360,1.0,Semiurban,Y
LP100180,Male,Yes,0,Graduate,No,7504,0,146,360,1.0,Semiurban,Y
LP100181,Male,Yes,3+,Graduate,No,4357,0,129,360,1.0,Semiurban,Y
LP100182,Female,Yes,0,Graduate,No,1803,2755,169,360,1.0,Semiurban,Y
LP100183,Female,Yes,0,Graduate,No,4169,1554,224,360,1.0,Urban,N
LP100184,Male,Yes,0,Graduate,No,2979,1834,196,360,1.0,Semiurban,Y
LP100185,Male,Yes,0,Graduate,Yes,7632,0,166,240,1.0,Urban,Y
LP100186,Female,Yes,0,Graduate,No,4128,2495,327,360,1.0,Semiurban,Y
LP100187,Male,No,2,Graduate,No,2073,0,44,12,1.0,Urban,Y
LP100188,Male,Yes,2,Graduate,No,1835,7348,169,360,1.0,Rural,Y
LP100189,Male,No,0,Not Graduate,No,3239,0,124,360,1.0,Semiurban,Y
LP100190,Male,Yes,2,Not Graduate,No,866,0,41,360,1.0,Semiurban,Y
LP100191,Female,Yes,1,Graduate,Yes,3464,0,120,360,1.0,Rural,Y
LP100192,Female,No,0,Graduate,No,4754,0,170,84,1.0,Rural,Y
LP100193,Male,Yes,0,Not Graduate,Yes,2015,0,68,180,0.0,Semiurban,N
LP100194,Male,No,2,Graduate,No,7233,0,119,360,1.0,Urban,Y
LP100195,Male,Yes,1,Graduate,No,8061,1273,363,360,1.0,Rural,Y
LP100196,Male,Yes,0,Graduate,No,2394,1451,106,360,1.0,Semiurban,Y
LP100197,Female,Yes,1,Not Graduate,No,2781,1044,183,360,1.0,Semiurban,Y
LP100198,Female,Yes,0,Graduate,No,7236,2277,205,360,1.0,Rural,Y
LP100199,Male,No,0,Graduate,No,4184,0,107,360,1.0,Urban,Y
LP100200,Male,Yes,0,Graduate,No,1945,3209,168,360,1.0,Urban,Y
LP100201,Male,No,0,Graduate,No,3870,1529,171,360,1.0,Semiurban,Y
LP100202,Male,No,1,Graduate,No,2619,2793,157,360,1.0,Semiurban,Y
LP100203,Female,Yes,2,Graduate,Yes,8473,0,220,300,1.0,Semiurban,Y
LP100204,Male,Yes,0,Graduate,No,5843,1015,138,360,1.0,Semiurban,Y
LP100205,Male,No,0,Graduate,No,3523,1443,217,360,1.0,Semiurban,Y
LP100206,Male,No,1,Graduate,No,4528,0,139,180,1.0,Semiurban,Y
LP100207,Male,Yes,2,Not Graduate,Yes,1755,5843,266,360,1.0,Rural,Y
LP100208,Male,Yes,1,Not Graduate,Yes,2381,2177,156,360,0.0,Urban,N
LP100209,Male,Yes,2,Graduate,No,9839,1240,389,360,1.0,Semiurban,Y
LP100210,Male,No,0,Graduate,No,4312,1593,234,12,1.0,Rural,Y
LP100211,Male,Yes,2,Graduate,No,6984,0,259,180,1.0,Semiurban,Y
LP100212,Male,No,0,Graduate,No,4757,0,117,84,1.0,Urban,Y
LP100213,Male,Yes,0,Graduate,Yes,9489,4456,479,360,1.0,Urban,Y
LP100214,Male,Yes,0,Graduate,No,1395,2131,83,360,1.0,Rural,Y
LP100215,Male,Yes,0,Graduate,No,3775,2420,221,360,1.0,Urban,Y
LP100216,Male,Yes,3+,Graduate,No,10346,934,340,120,1.0,Urban,Y
LP100217,Male,Yes,2,Not Graduate,No,5544,976,165,360,1.0,Urban,Y
LP100218,Male,Yes,0,Graduate,Yes,9547,722,418,360,1.0,Semiurban,Y
LP100219,Female,Yes,0,Graduate,No,4172,1814,147,60,1.0,Semiurban,Y
LP100220,Male,Yes,0,Graduate,No,3116,3777,325,360,0.0,Rural,N
LP100221,Male,Yes,0,Not Graduate,No,1863,1588,86,360,1.0,Semiurban,Y
LP100222,Male,No,1,Not Graduate,No,1792,0,89,180,1.0,Semiurban,Y
LP100223,Male,Yes,2,Graduate,No,6527,0,204,360,1.0,Semiurban,Y
LP100224,Male,Yes,3+,Graduate,No,5553,754,100,360,1.0,Urban,Y
LP100225,Male,Yes,1,Graduate,No,4037,6047,178,360,1.0,Urban,Y
LP100226,Female,No,2,Graduate,No,5537,0,99,360,1.0,Rural,Y
LP100227,Male,Yes,0,Graduate,No,4528,0,77,360,1.0,Semiurban,Y
LP100228,Female,No,0,Graduate,No,7108,0,173,360,1.0,Semiurban,Y
LP100229,Male,No,0,Graduate,No,7071,0,186,240,1.0,Urban,Y
LP100230,Female,Yes,0,Graduate,No,2330,2382,89,360,1.0,Rural,Y
LP100231,Male,Yes,1,Graduate,No,4867,4708,290,120,1.0,Semiurban,Y
LP100232,Male,No,0,Graduate,No,1672,0,46,360,1.0,Rural,Y
LP100233,Male,Yes,0,Graduate,Yes,4955,0,185,360,1.0,Rural,N
LP100234,Male,Yes,0,Not Graduate,No,4569,4416,196,360,1.0,Rural,Y
LP100235,Male,No,3+,Graduate,No,2033,398,114,360,1.0,Rural,N
LP100236,Male,Yes,0,Not Graduate,No,2606,2599,172,360,1.0,Urban,Y
LP100237,Male,No,2,Graduate,No,4209,0,155,12,0.0,Rural,Y
LP100238,Male,Yes,2,Not Graduate,No,3727,717,73,360,1.0,Urban,Y
LP100239,Male,No,0,Not Graduate,No,2811,0,97,300,1.0,Rural,Y
LP100240,Female,Yes,0,Graduate,No,2197,1241,96,360,0.0,Urban,N
LP100241,Female,Yes,2,Not Graduate,No,3181,2535,271,360,1.0,Semiurban,Y
LP100242,Female,Yes,0,Graduate,No,1688,1887,164,360,1.0,Urban,Y
LP100243,Male,No,3+,Graduate,No,3684,0,137,180,1.0,Rural,Y
LP100244,Male,Yes,0,Graduate,No,3285,3889,300,120,1.0,Urban,Y
LP100245,Female,Yes,0,Graduate,No,3889,1555,204,120,0.0,Semiurban,N
LP100246,Male,Yes,2,Graduate,No,3078,2350,85,180,1.0,Rural,Y
LP100247,Female,Yes,2,Graduate,No,1827,0,72,360,1.0,Semiurban,N
LP100248,Female,Yes,3+,Graduate,No,3423,1153,97,360,1.0,Urban,Y
LP100249,Female,Yes,1,Graduate,Yes,7685,0,299,360,1.0,Semiurban,Y
LP100250,Male,Yes,3+,Graduate,No,8380,1484,152,360,1.0,Urban,Y
LP100251,Male,Yes,2,Graduate,No,16017,1697,458,360,1.0,Semiurban,Y
LP100252,Female,Yes,2,Graduate,No,10617,7286,592,360,1.0,Rural,Y
LP100253,Male,Yes,0,Not Graduate,No,1697,0,45,360,1.0,Semiurban,Y
LP100254,Male,No,0,Graduate,No,3345,0,131,360,1.0,Urban,Y
LP100255,Male,Yes,3+,Graduate,No,4135,0,138,360,1.0,Urban,Y
LP100256,Female,Yes,0,Not Graduate,No,3126,2587,278,360,1.0,Rural,Y
LP100257,Male,Yes,0,Graduate,No,4350,0,120,360,0.0,Urban,N
LP100258,Male,No,0,Graduate,No,15740,0,634,360,1.0,Semiurban,Y
LP100259,Male,No,0,Graduate,No,2309,830,139,180,1.0,Semiurban,Y
LP100260,Male,No,0,Graduate,No,2828,0,68,360,1.0,Rural,N
LP100261,Female,Yes,0,Not Graduate,No,8093,2895,455,360,1.0,Rural,Y
LP100262,Male,Yes,2,Graduate,No,2984,2227,150,360,1.0,Urban,Y
LP100263,Male,Yes,0,Graduate,No,5199,1664,134,360,1.0,Semiurban,Y
LP100264,Female,Yes,1,Graduate,No,7397,0,112,360,1.0,Semiurban,Y
LP100265,Male,Yes,0,Graduate,No,5472,0,225,360,1.0,Urban,Y
LP100266,Male,No,0,Not Graduate,No,3641,0,78,360,1.0,Urban,N
LP100267,Male,No,0,Not Graduate,No,5491,0,92,180,0.0,Semiurban,N
LP100268,Male,No,1,Not Graduate,No,2005,0,65,360,1.0,Urban,Y
LP100269,Male,Yes,0,Graduate,No,3187,2060,142,360,1.0,Rural,Y
LP100270,Female,No,2,Graduate,Yes,6184,0,242,360,1.0,Urban,Y
LP100271,Female,Yes,0,Graduate,No,1342,3004,82,360,1.0,Urban,Y
LP100272,Female,Yes,0,Graduate,Yes,10039,1356,224,360,1.0,Urban,Y
LP100273,Female,No,0,Graduate,Yes,5442,0,159,360,1.0,Urban,Y
LP100274,Male,Yes,0,Graduate,No,4555,3603,271,36,1.0,Semiurban,Y
LP100275,Male,Yes,2,Not Graduate,Yes,1470,1933,149,360,1.0,Semiurban,N
LP100276,Female,Yes,2,Graduate,No,2063,0,73,360,1.0,Semiurban,Y
LP100277,Male,Yes,1,Graduate,No,3363,0,157,36,1.0,Rural,Y
LP100278,Male,No,0,Graduate,Yes,7181,0,162,360,1.0,Semiurban,Y
LP100279,Female,Yes,0,Graduate,No,1336,0,48,360,1.0,Urban,Y
LP100280,Female,No,0,Graduate,No,6460,0,245,360,1.0,Rural,Y
LP100281,Male,Yes,3+,Graduate,No,3435,3033,261,300,1.0,Semiurban,Y
LP100282,Male,Yes,0,Graduate,No,3703,3085,337,300,1.0,Semiurban,Y
LP100283,Male,No,1,Graduate,No,4814,449,165,360,0.0,Semiurban,N
LP100284,Male,No,0,Graduate,No,4856,1347,173,360,1.0,Urban,Y
LP100285,Male,No,0,Graduate,Yes,3113,0,140,360,1.0,Rural,N
LP100286,Male,Yes,0,Graduate,No,5904,2074,169,84,1.0,Urban,Y
LP100287,Male,No,0,Graduate,No,1169,0,19,360,1.0,Semiurban,Y
LP100288,Male,Yes,2,Graduate,No,3268,2112,164,36,1.0,Urban,Y
LP100289,Male,Yes,0,Not Graduate,No,3566,4178,183,120,1.0,Rural,Y
LP100290,Male,Yes,1,Graduate,No,3464,2140,162,360,1.0,Rural,Y
LP100291,Male,No,0,Graduate,No,1533,4696,308,360,1.0,Urban,Y
LP100292,Female,Yes,3+,Not Graduate,No,4972,1110,165,360,1.0,Semiurban,Y
LP100293,Male,Yes,0,Graduate,No,2107,1851,157,360,1.0,Semiurban,Y
LP100294,Male,Yes,2,Graduate,No,4034,1400,129,360,1.0,Semiurban,Y
LP100295,Male,Yes,2,Graduate,Yes,5010,2523,193,360,0.0,Semiurban,Y
LP100296,Male,Yes,3+,Graduate,No,4233,1691,139,360,1.0,Semiurban,Y
LP100297,Male,No,0,Not Graduate,Yes,6856,0,240,360,1.0,Urban,N
LP100298,Male,Yes,1,Graduate,No,4066,1309,123,360,1.0,Semiurban,Y
LP100299,Male,Yes,0,Graduate,No,5297,1516,273,360,0.0,Semiurban,N
LP100300,Male,Yes,0,Graduate,No,4060,0,158,84,1.0,Semiurban,Y
LP100301,Male,Yes,0,Graduate,Yes,6452,594,210,180,1.0,Rural,Y
LP100302,Male,Yes,0,Graduate,No,9011,0,143,360,1.0,Urban,Y
LP100303,Male,Yes,3+,Graduate,No,4516,2070,104,360,0.0,Urban,N
LP100304,Male,Yes,0,Graduate,Yes,7080,0,238,360,1.0,Urban,Y
LP100305,Female,Yes,1,Graduate,Yes,10255,1780,534,360,1.0,Urban,Y
LP100306,Male,Yes,1,Not Graduate,No,6913,0,249,360,1.0,Urban,Y
LP100307,Male,Yes,0,Graduate,No,3388,0,102,360,1.0,Rural,Y
LP100308,Female,Yes,1,Graduate,No,7404,1335,401,360,1.0,Urban,Y
LP100309,Male,Yes,0,Graduate,No,4801,0,105,60,1.0,Semiurban,Y
LP100310,Male,Yes,0,Not Graduate,No,6058,3324,259,360,1.0,Urban,Y
LP100311,Male,No,0,Graduate,Yes,6297,0,219,360,1.0,Semiurban,Y
LP100312,Male,No,3+,Not Graduate,No,3813,0,96,240,1.0,Rural,Y
LP100313,Female,No,2,Graduate,Yes,5847,4996,541,360,1.0,Urban,Y
LP100314,Female,Yes,3+,Not Graduate,Yes,4148,1315,168,360,1.0,Rural,Y
LP100315,Male,No,0,Graduate,No,4923,0,83,300,1.0,Rural,Y
LP100316,Male,No,0,Graduate,No,3837,0,81,360,1.0,Semiurban,Y
LP100317,Male,No,0,Graduate,No,3646,0,123,180,1.0,Urban,Y
LP100318,Male,Yes,0,Not Graduate,No,8642,3920,430,300,1.0,Semiurban,N
LP100319,Male,Yes,0,Graduate,No,5445,1157,326,360,1.0,Rural,Y
LP100320,Male,No,1,Not Graduate,No,2391,353,99,360,0.0,Urban,N
LP100321,Male,Yes,0,Not Graduate,No,2813,4176,268,120,1.0,Semiurban,Y
LP100322,Male,Yes,0,Graduate,No,7485,2600,227,120,1.0,Urban,Y
LP100323,Male,Yes,2,Graduate,No,2793,2705,103,360,1.0,Urban,Y
LP100324,Female,Yes,1,Graduate,No,1853,0,67,360,1.0,Rural,Y
LP100325,Male,Yes,0,Not Graduate,No,1510,1088,118,360,0.0,Semiurban,N
LP100326,Male,Yes,0,Graduate,No,1618,3985,199,120,1.0,Urban,Y
LP100327,Male,Yes,0,Not Graduate,No,1604,2312,119,360,1.0,Semiurban,Y
LP100328,Male,Yes,0,Graduate,No,2187,1862,143,360,1.0,Urban,Y
LP100329,Male,Yes,1,Graduate,No,8970,2281,353,360,1.0,Urban,Y
LP100330,Male,Yes,0,Graduate,No,4082,4940,180,360,1.0,Semiurban,Y
LP100331,Male,Yes,2,Graduate,Yes,3772,3085,281,60,1.0,Semiurban,Y
LP100332,Male,No,2,Not Graduate,No,1481,0,50,84,1.0,Urban,Y
LP100333,Male,No,1,Graduate,No,3870,0,112,360,1.0,Urban,Y
LP100334,Male,Yes,0,Graduate,No,1610,0,56,360,1.0,Semiurban,Y
LP100335,Male,Yes,0,Graduate,No,3417,1148,107,360,1.0,Rural,Y
LP100336,Female,Yes,2,Graduate,No,13033,983,420,360,1.0,Rural,Y
LP100337,Male,No,0,Graduate,No,6032,0,222,360,0.0,Urban,N
LP100338,Male,Yes,0,Graduate,No,3731,3373,163,360,1.0,Semiurban,Y
LP100339,Male,Yes,0,Not Graduate,Yes,5292,2518,322,360,1.0,Rural,Y
LP100340,Male,Yes,0,Graduate,No,3143,950,136,360,1.0,Semiurban,Y
LP100341,Male,Yes,2,Graduate,Yes,2965,0,134,360,1.0,Rural,Y
LP100342,Male,No,0,Graduate,No,10690,0,477,360,0.0,Rural,N
LP100343,Male,No,0,Graduate,No,2234,0,72,360,1.0,Urban,Y
LP100344,Male,Yes,0,Graduate,No,3446,1467,107,360,0.0,Urban,N
LP100345,Male,Yes,0,Graduate,No,4955,2095,288,360,1.0,Urban,Y
LP100346,Male,Yes,2,Graduate,No,2502,0,74,180,1.0,Urban,Y
LP100347,Male,Yes,2,Graduate,No,5988,0,214,240,1.0,Rural,N
LP100348,Male,Yes,0,Graduate,No,3537,1586,96,360,1.0,Rural,Y
LP100349,Male,Yes,0,Graduate,No,6032,1053,263,360,0.0,Urban,N
LP100350,Male,Yes,0,Not Graduate,No,4523,0,127,360,1.0,Semiurban,Y
LP100351,Female,Yes,1,Graduate,No,3663,1420,136,360,1.0,Semiurban,Y
LP100352,Male,No,0,Graduate,No,10728,0,529,180,1.0,Semiurban,Y
LP100353,Male,Yes,1,Graduate,No,2904,2997,178,360,1.0,Semiurban,Y
LP100354,Male,No,0,Graduate,No,8792,0,341,360,1.0,Rural,N
LP100355,Male,No,1,Not Graduate,No,6253,0,231,60,0.0,Urban,N
LP100356,Male,Yes,0,Graduate,No,11089,1941,243,180,1.0,Urban,Y
LP100357,Male,No,2,Graduate,No,4608,0,190,360,1.0,Urban,Y
LP100358,Female,Yes,0,Graduate,No,2714,1970,123,360,0.0,Urban,N
LP100359,Male,Yes,1,Graduate,Yes,14434,3177,700,360,1.0,Urban,Y
LP100360,Male,Yes,0,Graduate,Yes,3831,0,139,180,0.0,Semiurban,N
LP100361,Male,No,0,Not Graduate,Yes,2304,1040,87,360,1.0,Semiurban,Y
LP100362,Male,Yes,1,Graduate,No,3772,0,104,360,1.0,Semiurban,N
LP100363,Male,Yes,0,Graduate,Yes,2684,0,109,360,1.0,Semiurban,Y
LP100364,Female,No,2,Graduate,No,5592,0,192,360,1.0,Urban,Y
LP100365,Male,Yes,1,Graduate,No,3001,0,115,360,1.0,Rural,N
LP100366,Female,No,1,Graduate,No,3575,0,73,240,1.0,Rural,Y
LP100367,Female,No,0,Graduate,No,7130,0,303,12,1.0,Urban,N
LP100368,Male,No,0,Graduate,No,5901,0,155,180,1.0,Urban,Y
LP100369,Male,No,1,Graduate,No,4223,1344,204,360,0.0,Rural,N
LP100370,Male,No,0,Not Graduate,No,3600,5445,172,360,1.0,Urban,Y
LP100371,Male,Yes,1,Graduate,No,4215,2462,175,360,1.0,Urban,Y
LP100372,Male,No,0,Not Graduate,Yes,2844,2078,186,360,1.0,Semiurban,Y
LP100373,Male,Yes,0,Graduate,No,4181,0,103,360,1.0,Urban,Y
LP100374,Male,Yes,0,Graduate,No,5485,2515,366,300,1.0,Urban,Y
LP100375,Male,Yes,0,Not Graduate,No,3057,2661,218,360,1.0,Semiurban,Y
LP100376,Female,No,0,Graduate,Yes,5802,0,264,120,1.0,Semiurban,Y
LP100377,Male,No,1,Not Graduate,No,2068,0,60,360,1.0,Rural,Y
LP100378,Female,No,0,Graduate,No,3004,0,49,360,1.0,Rural,Y
LP100379,Male,Yes,0,Graduate,No,2796,1393,147,300,1.0,Urban,Y
LP100380,Male,Yes,3+,Graduate,No,3068,0,82,180,0.0,Urban,N
LP100381,Male,Yes,0,Not Graduate,No,6651,2457,279,360,1.0,Semiurban,Y
LP100382,Male,No,2,Not Graduate,Yes,5374,0,209,360,1.0,Semiurban,Y
LP100383,Female,No,1,Graduate,No,2316,0,92,360,1.0,Urban,Y
LP100384,Male,Yes,1,Graduate,No,5326,1156,103,120,1.0,Urban,Y
LP100385,Female,Yes,0,Graduate,No,3378,2539,248,360,1.0,Urban,Y
LP100386,Male,Yes,0,Not Graduate,No,2251,1482,120,360,1.0,Semiurban,Y
LP100387,Male,Yes,0,Graduate,Yes,2034,2471,155,360,1.0,Urban,N
LP100388,Male,No,1,Graduate,No,7146,634,198,180,1.0,Rural,Y
LP100389,Female,Yes,0,Graduate,No,1978,2445,131,360,1.0,Urban,Y
LP100390,Female,Yes,2,Graduate,No,4069,3128,287,360,1.0,Rural,Y
LP100391,Male,Yes,0,Graduate,No,2488,2898,227,360,1.0,Rural,Y
LP100392,Male,Yes,2,Not Graduate,No,5021,1776,194,360,1.0,Semiurban,Y
LP100393,Male,No,0,Graduate,No,3484,0,137,360,1.0,Semiurban,Y
LP100394,Male,Yes,0,Not Graduate,No,3043,0,73,36,1.0,Semiurban,Y
LP100395,Female,Yes,0,Graduate,No,3961,1894,258,180,1.0,Urban,Y
LP100396,Female,Yes,0,Graduate,No,4945,0,180,360,1.0,Urban,Y
LP100397,Male,No,0,Graduate,No,4217,3721,334,360,1.0,Semiurban,Y
LP100398,Male,No,2,Graduate,No,4089,0,130,360,1.0,Semiurban,Y
LP100399,Male,No,0,Not Graduate,Yes,2710,1059,87,84,1.0,Semiurban,Y
LP100400,Male,Yes,0,Graduate,Yes,1937,0,58,12,1.0,Semiurban,Y
LP100401,Female,Yes,2,Graduate,No,2263,465,77,360,1.0,Semiurban,Y
LP100402,Male,Yes,0,Graduate,No,6216,3257,252,360,1.0,Semiurban,Y
LP100403,Female,No,3+,Graduate,No,3539,0,79,360,1.0,Semiurban,Y
LP100404,Male,Yes,3+,Not Graduate,No,2274,2328,191,360,1.0,Semiurban,Y
LP100405,Female,Yes,0,Graduate,Yes,2126,0,38,360,1.0,Rural,Y
LP100406,Male,No,0,Graduate,No,1626,0,75,360,1.0,Semiurban,Y
LP100407,Male,No,0,Graduate,No,2844,4725,160,360,1.0,Semiurban,Y
LP100408,Female,Yes,2,Graduate,No,6824,0,336,360,1.0,Semiurban,Y
LP100409,Male,Yes,1,Graduate,Yes,3390,1610,248,360,1.0,Semiurban,Y
LP100410,Male,Yes,1,Graduate,No,5219,0,151,360,1.0,Semiurban,Y
LP100411,Male,No,2,Graduate,No,3005,0,149,180,1.0,Urban,Y
LP100412,Female,No,0,Graduate,No,5950,2860,400,360,1.0,Rural,Y
LP100413,Male,Yes,2,Not Graduate,No,2700,4065,121,360,0.0,Urban,N
LP100414,Male,Yes,1,Graduate,No,2126,3364,264,360,1.0,Semiurban,Y
LP100415,Male,No,0,Graduate,Yes,3972,0,65,360,1.0,Urban,N
LP100416,Male,No,2,Not Graduate,No,8985,0,192,180,1.0,Urban,Y
LP100417,Male,Yes,1,Not Graduate,No,8770,2366,395,360,0.0,Rural,N
LP100418,Male,Yes,0,Not Graduate,No,4282,0,76,360,0.0,Semiurban,Y
LP100419,Male,Yes,0,Not Graduate,No,3039,2096,106,360,1.0,Rural,Y
LP100420,Female,Yes,0,Graduate,No,4949,2385,355,360,1.0,Urban,Y
LP100421,Female,No,0,Graduate,No,4984,0,248,360,1.0,Urban,Y
LP100422,Male,No,3+,Graduate,No,4096,0,176,360,1.0,Urban,N
LP100423,Male,No,0,Graduate,No,5336,984,209,360,1.0,Semiurban,N
LP100424,Male,Yes,1,Not Graduate,No,3674,0,171,360,1.0,Rural,Y
LP100425,Male,No,0,Graduate,No,3519,0,67,360,1.0,Semiurban,Y
LP100426,Male,Yes,0,Graduate,No,2170,2143,207,360,0.0,Urban,N
LP100427,Female,Yes,3+,Graduate,Yes,3576,1779,146,360,1.0,Rural,Y
LP100428,Male,Yes,2,Graduate,Yes,7150,0,323,360,1.0,Urban,Y
LP100429,Male,Yes,0,Not Graduate,No,3221,5832,348,360,1.0,Semiurban,Y
LP100430,Male,No,0,Graduate,No,4939,0,240,360,1.0,Semiurban,Y
LP100431,Male,Yes,0,Graduate,Yes,3942,2373,286,360,1.0,Urban,Y
LP100432,Male,Yes,0,Not Graduate,No,1830,1362,147,360,0.0,Urban,N
LP100433,Male,Yes,0,Graduate,No,3672,1558,165,84,0.0,Urban,N
LP100434,Male,Yes,0,Graduate,No,2386,0,105,360,1.0,Rural,Y
LP100435,Male,Yes,3+,Graduate,No,2304,1637,164,240,1.0,Semiurban,Y
LP100436,Male,Yes,0,Graduate,No,8126,0,168,360,1.0,Rural,Y
LP100437,Female,No,2,Not Graduate,Yes,2861,0,108,240,1.0,Semiurban,Y
LP100438,Male,Yes,1,Graduate,No,2785,1464,86,360,1.0,Semiurban,N
LP100439,Male,Yes,0,Graduate,No,10195,898,504,300,1.0,Semiurban,Y
LP100440,Male,Yes,2,Graduate,No,6555,800,127,60,1.0,Rural,Y
LP100441,Female,No,0,Not Graduate,No,2671,0,132,300,1.0,Urban,Y
LP100442,Male,Yes,2,Graduate,Yes,5827,0,169,180,1.0,Urban,Y
LP100443,Male,Yes,0,Not Graduate,No,2878,2962,122,360,1.0,Semiurban,Y
LP100444,Female,Yes,0,Graduate,No,2861,0,137,360,1.0,Rural,Y
LP100445,Female,Yes,2,Graduate,No,5436,898,105,300,1.0,Rural,Y
LP100446,Female,Yes,1,Not Graduate,No,2742,0,86,360,1.0,Semiurban,Y
LP100447,Male,No,2,Graduate,No,4365,1889,262,360,1.0,Urban,Y
LP100448,Male,Yes,3+,Graduate,No,7343,1013,218,360,0.0,Urban,N
LP100449,Male,Yes,0,Graduate,No,6911,827,259,360,1.0,Rural,Y
LP100450,Male,No,0,Graduate,No,3094,0,122,360,1.0,Semiurban,Y
LP100451,Male,No,0,Graduate,Yes,6017,0,291,84,1.0,Urban,Y
LP100452,Male,Yes,1,Graduate,Yes,2477,970,64,240,0.0,Rural,N
LP100453,Female,Yes,2,Graduate,No,5364,2406,159,360,1.0,Urban,Y
LP100454,Male,Yes,0,Not Graduate,No,3556,1574,168,360,1.0,Semiurban,Y
LP100455,Male,Yes,0,Graduate,Yes,5673,2846,253,360,1.0,Semiurban,Y
LP100456,Male,No,1,Graduate,No,3555,0,104,360,1.0,Urban,Y
LP100457,Male,No,0,Not Graduate,No,10310,0,262,240,1.0,Urban,Y
LP100458,Male,No,2,Graduate,No,2551,0,88,360,0.0,Urban,N
LP100459,Male,Yes,1,Graduate,No,7145,1870,414,360,1.0,Semiurban,Y
LP100460,Male,Yes,3+,Graduate,Yes,2611,1381,82,360,0.0,Semiurban,N
LP100461,Male,Yes,0,Graduate,No,5526,3598,206,360,1.0,Urban,Y
LP100462,Male,No,0,Graduate,No,5747,0,221,360,1.0,Rural,Y
LP100463,Male,Yes,0,Graduate,No,4316,0,73,360,0.0,Urban,N
LP100464,Male,Yes,0,Graduate,No,3189,0,123,240,1.0,Urban,Y
LP100465,Male,No,3+,Graduate,No,4525,0,118,360,1.0,Urban,Y
LP100466,Male,No,0,Graduate,Yes,5334,0,147,360,0.0,Urban,N
LP100467,Female,No,2,Graduate,No,11206,0,327,180,1.0,Rural,Y
LP100468,Male,Yes,0,Graduate,No,2591,1207,103,120,1.0,Urban,Y
LP100469,Female,No,0,Graduate,No,3084,0,137,120,1.0,Semiurban,Y
LP100470,Male,No,0,Graduate,No,4897,0,236,240,1.0,Rural,Y
LP100471,Female,Yes,1,Graduate,No,3637,3009,227,360,1.0,Semiurban,Y
LP100472,Male,Yes,1,Not Graduate,No,3101,1952,179,360,1.0,Urban,Y
LP100473,Female,Yes,0,Not Graduate,No,5904,0,103,360,1.0,Rural,Y
LP100474,Male,No,2,Not Graduate,No,695,0,28,360,0.0,Semiurban,N
LP100475,Female,Yes,0,Graduate,No,3315,2591,209,360,1.0,Urban,Y
LP100476,Male,Yes,0,Graduate,No,1606,0,27,60,1.0,Semiurban,Y
LP100477,Male,Yes,0,Graduate,No,2169,0,48,360,1.0,Rural,Y
LP100478,Female,No,0,Graduate,No,15714,2675,406,360,1.0,Semiurban,Y
LP100479,Male,Yes,3+,Graduate,No,5818,0,122,360,0.0,Semiurban,N
LP100480,Male,Yes,0,Graduate,No,7067,0,269,360,1.0,Rural,Y
LP100481,Male,Yes,0,Graduate,No,4006,3815,371,360,0.0,Semiurban,N
LP100482,Male,No,0,Graduate,No,6355,0,265,360,1.0,Urban,Y
LP100483,Male,Yes,1,Not Graduate,No,1240,1524,88,360,1.0,Urban,Y
LP100484,Male,Yes,0,Graduate,No,7412,2236,281,180,1.0,Semiurban,Y
LP100485,Female,No,1,Not Graduate,No,2088,0,60,360,1.0,Urban,Y
LP100486,Male,Yes,0,Graduate,No,3126,6914,362,120,1.0,Rural,Y
LP100487,Male,No,0,Not Graduate,No,4326,0,119,360,1.0,Semiurban,Y
LP100488,Female,Yes,2,Graduate,Yes,5481,0,126,360,1.0,Semiurban,Y
LP100489,Female,Yes,0,Not Graduate,No,3433,0,124,180,1.0,Semiurban,Y
LP100490,Male,Yes,2,Graduate,No,1978,1041,87,120,1.0,Semiurban,Y
LP100491,Male,Yes,0,Graduate,No,4423,0,69,360,1.0,Semiurban,N
LP100492,Male,No,2,Graduate,No,7102,1080,129,120,0.0,Urban,N
LP100493,Male,Yes,0,Graduate,No,3124,943,100,360,0.0,Semiurban,N
LP100494,Male,No,1,Not Graduate,No,6754,0,222,360,1.0,Rural,Y
LP100495,Male,Yes,0,Not Graduate,No,2028,0,56,360,1.0,Semiurban,Y
LP100496,Male,Yes,0,Graduate,No,4202,0,67,360,1.0,Semiurban,Y
LP100497,Male,Yes,0,Graduate,No,9742,1740,262,360,1.0,Urban,Y
LP100498,Female,No,0,Graduate,No,2878,289,58,360,1.0,Rural,Y
LP100499,Female,Yes,0,Not Graduate,No,5851,0,282,360,1.0,Rural,Y
LP100500,Male,Yes,0,Graduate,No,12405,2785,394,240,1.0,Semiurban,Y
LP100501,Male,Yes,1,Graduate,No,4600,1552,95,360,1.0,Semiurban,Y
LP100502,Male,Yes,2,Graduate,No,3133,0,119,360,1.0,Semiurban,N
LP100503,Female,Yes,1,Graduate,No,2737,1878,107,12,1.0,Semiurban,Y
LP100504,Male,No,1,Graduate,Yes,9439,0,329,360,0.0,Rural,N
LP100505,Male,Yes,0,Graduate,No,8450,1113,194,360,1.0,Urban,Y
LP100506,Female,No,0,Graduate,Yes,10221,0,505,120,1.0,Semiurban,Y
LP100507,Female,Yes,0,Not Graduate,Yes,3540,0,173,360,1.0,Urban,Y
LP100508,Female,No,2,Graduate,No,7410,3435,412,360,1.0,Urban,Y
LP100509,Male,No,0,Graduate,No,4076,0,162,360,1.0,Semiurban,N
LP100510,Male,Yes,0,Graduate,No,2576,709,98,180,1.0,Urban,Y
LP100511,Male,No,1,Graduate,No,7770,0,378,240,1.0,Semiurban,Y
LP100512,Female,Yes,0,Graduate,No,10284,3176,402,360,1.0,Urban,Y
LP100513,Female,No,2,Not Graduate,No,1869,0,44,360,1.0,Semiurban,Y
LP100514,Male,No,2,Not Graduate,No,1850,0,35,360,1.0,Urban,Y
LP100515,Male,Yes,0,Not Graduate,No,3350,1931,118,360,0.0,Semiurban,N
LP100516,Male,Yes,0,Not Graduate,No,5544,0,194,360,1.0,Semiurban,Y
LP100517,Female,Yes,0,Graduate,No,2244,1456,87,240,0.0,Rural,N
LP100518,Female,Yes,1,Graduate,No,4744,0,180,84,1.0,Rural,Y
LP100519,Male,Yes,0,Graduate,No,3026,1970,142,360,1.0,Urban,Y
LP100520,Male,Yes,1,Not Graduate,Yes,5300,1202,299,84,1.0,Urban,N
LP100521,Male,Yes,1,Graduate,No,2700,1266,137,360,1.0,Semiurban,Y
LP100522,Female,No,0,Graduate,No,6401,0,236,120,0.0,Semiurban,N
LP100523,Female,Yes,0,Graduate,No,3838,1099,170,360,1.0,Urban,Y
LP100524,Female,Yes,2,Graduate,No,2501,0,115,360,1.0,Urban,Y
LP100525,Male,Yes,0,Graduate,No,4336,2457,117,360,1.0,Semiurban,Y
LP100526,Male,Yes,2,Not Graduate,No,1129,0,20,360,1.0,Rural,Y
LP100527,Male,Yes,0,Graduate,No,3079,910,158,180,1.0,Rural,Y
LP100528,Male,Yes,0,Not Graduate,No,3945,1463,226,240,0.0,Urban,N
LP100529,Female,No,2,Graduate,No,1580,1224,85,360,1.0,Semiurban,Y
LP100530,Female,Yes,2,Graduate,No,1018,0,28,180,0.0,Urban,N
LP100531,Female,Yes,0,Not Graduate,No,905,9090,247,360,1.0,Semiurban,Y
LP100532,Female,No,0,Not Graduate,No,6799,1666,196,180,1.0,Semiurban,Y
LP100533,Male,Yes,2,Graduate,No,4014,1178,244,360,1.0,Rural,Y
LP100534,Male,No,0,Graduate,No,3124,0,79,360,1.0,Semiurban,Y
LP100535,Female,No,0,Graduate,No,7042,0,265,60,1.0,Urban,Y
LP100536,Female,Yes,2,Graduate,No,3352,3087,274,360,1.0,Semiurban,Y
LP100537,Male,Yes,0,Graduate,Yes,5339,1212,103,180,1.0,Rural,Y
LP100538,Male,Yes,0,Not Graduate,Yes,3656,4084,125,360,0.0,Urban,N
LP100539,Male,Yes,0,Graduate,No,3232,0,86,300,1.0,Urban,Y
LP100540,Female,No,1,Graduate,No,4922,0,194,360,1.0,Semiurban,Y
LP100541,Male,Yes,1,Graduate,No,6406,714,172,360,1.0,Semiurban,Y
LP100542,Male,No,0,Not Graduate,No,2960,0,45,360,1.0,Rural,Y
LP100543,Male,No,0,Not Graduate,No,2544,5642,205,360,1.0,Semiurban,Y
LP100544,Male,Yes,0,Graduate,No,3468,0,63,360,1.0,Semiurban,Y
LP100545,Male,No,1,Graduate,No,1183,0,27,360,1.0,Semiurban,Y
LP100546,Male,No,0,Not Graduate,No,3829,0,102,120,1.0,Rural,Y
LP100547,Male,No,3+,Graduate,No,2153,0,42,360,1.0,Rural,Y
LP100548,Male,No,0,Graduate,No,5920,0,235,360,1.0,Rural,Y
LP100549,Male,No,3+,Not Graduate,No,3118,0,75,360,1.0,Urban,Y
LP100550,Male,Yes,0,Not Graduate,No,3472,0,132,180,1.0,Rural,Y
LP100551,Female,No,2,Graduate,No,6155,0,165,360,1.0,Semiurban,Y
LP100552,Male,Yes,0,Graduate,No,2515,1271,176,360,0.0,Urban,N
LP100553,Male,No,0,Graduate,No,5130,0,93,360,1.0,Urban,Y
LP100554,Female,No,2,Graduate,No,4851,0,109,360,1.0,Semiurban,Y
LP100555,Male,Yes,2,Graduate,No,3782,0,171,360,1.0,Urban,Y
LP100556,Male,Yes,0,Graduate,No,2513,2589,223,180,1.0,Rural,Y
LP100557,Male,Yes,1,Graduate,No,5809,1143,151,360,1.0,Semiurban,Y
LP100558,Male,Yes,0,Graduate,Yes,6782,1567,157,360,1.0,Urban,Y
LP100559,Male,Yes,2,Graduate,No,4457,0,200,360,1.0,Semiurban,N
LP100560,Male,No,0,Graduate,No,2324,0,49,360,1.0,Urban,Y
LP100561,Male,No,0,Graduate,No,3133,1070,191,240,1.0,Semiurban,Y
LP100562,Male,No,0,Graduate,No,4050,0,197,36,1.0,Semiurban,Y
LP100563,Male,Yes,0,Graduate,No,6115,0,139,360,1.0,Rural,Y
LP100564,Male,Yes,2,Graduate,No,1753,0,78,360,1.0,Semiurban,N
LP100565,Male,No,0,Not Graduate,No,2403,0,72,360,1.0,Rural,Y
LP100566,Male,Yes,0,Graduate,No,3355,2314,242,360,1.0,Rural,Y
LP100567,Male,Yes,0,Not Graduate,No,3130,2433,163,360,1.0,Semiurban,Y
LP100568,Female,Yes,1,Graduate,No,2047,1496,62,180,0.0,Semiurban,N
LP100569,Male,No,0,Graduate,No,3715,0,148,360,1.0,Semiurban,Y
LP100570,Male,Yes,0,Graduate,No,3530,1329,99,12,1.0,Urban,Y
LP100571,Male,No,3+,Graduate,No,2366,0,112,360,0.0,Rural,N
LP100572,Male,Yes,0,Not Graduate,Yes,3378,1122,133,360,1.0,Rural,Y
LP100573,Male,No,1,Not Graduate,Yes,2677,1747,79,360,1.0,Urban,N
LP100574,Female,Yes,1,Not Graduate,No,4304,0,99,180,1.0,Rural,Y
LP100575,Female,Yes,0,Graduate,No,2573,1010,162,360,1.0,Urban,Y
LP100576,Male,Yes,3+,Graduate,No,4399,1492,155,360,0.0,Rural,N
LP100577,Female,Yes,1,Graduate,No,2684,2727,243,360,1.0,Urban,Y
LP100578,Male,No,0,Graduate,No,3011,574,75,360,1.0,Rural,Y
LP100579,Male,Yes,0,Graduate,No,4931,6084,346,360,0.0,Semiurban,Y
LP100580,Male,No,1,Not Graduate,No,3728,0,171,360,1.0,Semiurban,Y
LP100581,Female,Yes,1,Not Graduate,No,2605,0,43,180,1.0,Urban,Y
LP100582,Male,Yes,2,Graduate,Yes,3971,565,116,360,0.0,Urban,N
LP100583,Male,Yes,0,Graduate,No,1882,2034,183,240,1.0,Urban,Y
LP100584,Male,Yes,0,Graduate,No,9057,0,325,180,1.0,Rural,Y
LP100585,Male,Yes,0,Graduate,No,6111,0,245,360,1.0,Urban,Y
LP100586,Male,Yes,0,Graduate,No,5991,0,266,360,1.0,Semiurban,Y
LP100587,Male,No,0,Not Graduate,Yes,1499,2152,122,360,1.0,Rural,Y
LP100588,Male,No,2,Graduate,No,3018,1419,198,360,1.0,Rural,Y
LP100589,Male,Yes,1,Graduate,No,3483,5219,325,360,1.0,Urban,Y
LP100590,Male,Yes,1,Graduate,No,1448,3140,179,240,1.0,Rural,Y
LP100591,Male,No,1,Graduate,Yes,7514,0,153,360,1.0,Urban,Y
LP100592,Male,No,2,Not Graduate,No,7290,4105,545,360,1.0,Semiurban,Y
LP100593,Male,No,0,Graduate,No,13015,0,558,360,1.0,Semiurban,Y
LP100594,Female,Yes,2,Not Graduate,No,1843,4319,147,60,1.0,Urban,Y
LP100595,Male,No,0,Graduate,No,4466,1705,218,360,1.0,Urban,Y
LP100596,Male,Yes,3+,Graduate,No,8667,0,244,360,1.0,Semiurban,Y
LP100597,Male,Yes,1,Graduate,Yes,4006,0,153,360,1.0,Semiurban,Y
LP100598,Male,No,0,Graduate,No,3065,0,153,360,1.0,Rural,Y
LP100599,Male,Yes,0,Graduate,No,1500,0,25,300,1.0,Urban,Y
LP100600,Male,Yes,0,Graduate,No,7806,669,410,360,1.0,Rural,Y
LP100601,Male,Yes,0,Graduate,No,4143,1119,92,360,0.0,Semiurban,N
LP100602,Male,Yes,1,Graduate,Yes,3084,1523,143,360,1.0,Rural,Y
LP100603,Male,No,0,Not Graduate,No,3831,619,142,240,0.0,Semiurban,N
LP100604,Male,Yes,0,Not Graduate,No,3565,1032,112,360,0.0,Rural,N
LP100605,Male,Yes,3+,Graduate,No,4593,0,160,360,1.0,Urban,Y
LP100606,Male,Yes,1,Not Graduate,No,2908,1623,200,120,1.0,Semiurban,Y
LP100607,Male,No,2,Graduate,No,10220,1705,302,360,1.0,Urban,Y
LP100608,Male,Yes,1,Graduate,No,3890,1154,88,360,0.0,Urban,N
LP100609,Male,Yes,0,Graduate,No,10203,2054,455,360,1.0,Semiurban,Y
LP100610,Male,Yes,0,Not Graduate,No,4469,1644,165,360,1.0,Semiurban,Y
LP100611,Female,No,1,Graduate,No,5079,0,246,360,1.0,Urban,Y
LP100612,Male,No,3+,Graduate,No,3934,1771,117,120,1.0,Semiurban,Y
LP100613,Male,Yes,0,Graduate,No,7154,948,377,360,1.0,Semiurban,Y
LP100614,Female,Yes,2,Graduate,Yes,4901,3424,265,360,1.0,Urban,Y
LP100615,Female,Yes,3+,Graduate,No,2508,0,58,360,1.0,Semiurban,Y
LP100616,Male,Yes,1,Graduate,Yes,2708,9072,574,36,1.0,Semiurban,Y
LP100617,Male,Yes,3+,Graduate,No,5282,0,123,360,1.0,Urban,Y
LP100618,Female,No,0,Not Graduate,Yes,2188,1848,164,360,1.0,Rural,Y
LP100619,Male,Yes,3+,Not Graduate,No,3167,0,135,12,1.0,Semiurban,N
LP100620,Male,No,1,Not Graduate,No,5861,570,193,240,1.0,Rural,Y
LP100621,Male,Yes,0,Graduate,No,4949,0,194,360,1.0,Urban,Y
LP100622,Male,No,2,Graduate,No,2815,0,99,360,1.0,Rural,Y
LP100623,Male,No,0,Graduate,No,9093,0,198,360,1.0,Urban,Y
LP100624,Male,Yes,0,Graduate,No,5660,0,235,360,1.0,Semiurban,Y
LP100625,Male,Yes,0,Not Graduate,No,5735,1376,338,360,1.0,Urban,Y
LP100626,Male,Yes,0,Graduate,No,1203,1792,96,360,1.0,Rural,Y
LP100627,Male,Yes,0,Not Graduate,No,3931,2092,300,360,1.0,Semiurban,N
LP100628,Male,Yes,2,Graduate,No,6654,1966,258,360,0.0,Urban,N
LP100629,Male,Yes,0,Not Graduate,No,8348,1996,329,240,1.0,Urban,Y
LP100630,Male,No,0,Graduate,No,1872,0,72,180,1.0,Urban,Y
LP100631,Female,Yes,0,Graduate,No,8128,8097,349,360,1.0,Urban,Y
LP100632,Male,No,0,Graduate,No,10344,2297,589,360,1.0,Semiurban,Y
LP100633,Male,Yes,1,Graduate,No,1381,2598,171,240,1.0,Semiurban,Y
LP100634,Male,No,2,Graduate,No,5448,0,248,360,1.0,Rural,Y
LP100635,Male,Yes,3+,Graduate,No,5881,1183,257,360,1.0,Rural,Y
LP100636,Male,No,1,Graduate,No,3498,0,161,300,1.0,Semiurban,Y
LP100637,Male,Yes,0,Not Graduate,No,2503,0,97,360,1.0,Urban,Y
LP100638,Male,Yes,3+,Graduate,No,6046,0,199,360,1.0,Urban,Y
LP100639,Male,Yes,2,Graduate,No,2985,6951,473,180,1.0,Semiurban,Y
LP100640,Male,Yes,0,Graduate,No,3716,4847,260,360,1.0,Semiurban,Y
LP100641,Male,Yes,1,Graduate,Yes,7201,692,257,360,1.0,Semiurban,Y
LP100642,Male,Yes,3+,Graduate,No,10987,1516,262,84,1.0,Rural,Y
LP100643,Male,Yes,1,Graduate,No,5629,2444,389,360,1.0,Rural,Y
LP100644,Male,No,0,Graduate,No,4506,0,102,360,1.0,Urban,Y
LP100645,Female,Yes,1,Graduate,No,3152,0,70,180,0.0,Urban,N
LP100646,Male,Yes,0,Graduate,No,2402,0,45,360,1.0,Rural,Y
LP100647,Male,No,0,Graduate,Yes,8479,0,262,360,1.0,Rural,Y
LP100648,Female,Yes,0,Graduate,No,3848,649,111,360,1.0,Urban,Y
LP100649,Male,Yes,0,Graduate,No,7884,778,355,360,1.0,Semiurban,Y
LP100650,Male,Yes,0,Graduate,No,3493,1087,118,240,1.0,Semiurban,Y
LP100651,Male,No,0,Graduate,No,2930,0,118,120,0.0,Semiurban,N
LP100652,Male,No,1,Graduate,Yes,5805,0,127,360,1.0,Urban,Y
LP100653,Male,No,2,Graduate,No,4014,0,93,360,1.0,Rural,Y
LP100654,Male,Yes,3+,Graduate,No,2158,0,93,360,1.0,Semiurban,Y
LP100655,Male,No,0,Not Graduate,Yes,9794,0,274,360,1.0,Urban,Y
LP100656,Male,Yes,1,Graduate,Yes,3262,0,62,360,1.0,Semiurban,Y
LP100657,Male,Yes,3+,Graduate,No,6974,952,386,360,0.0,Semiurban,N
LP100658,Male,Yes,0,Graduate,No,6653,1935,182,240,1.0,Rural,Y
LP100659,Male,Yes,1,Graduate,No,2094,1842,80,360,1.0,Urban,Y
LP100660,Male,Yes,2,Graduate,No,2413,1240,101,240,1.0,Rural,Y
LP100661,Female,Yes,0,Not Graduate,No,2776,1938,86,360,1.0,Urban,Y
LP100662,Male,Yes,2,Not Graduate,No,2036,642,55,180,1.0,Semiurban,Y
LP100663,Male,Yes,2,Graduate,No,10822,0,483,120,1.0,Semiurban,Y
LP100664,Male,No,0,Graduate,No,3751,0,79,360,1.0,Semiurban,Y
LP100665,Male,Yes,0,Not Graduate,No,5345,0,101,360,1.0,Semiurban,N
LP100666,Male,No,0,Not Graduate,Yes,4781,3331,372,360,0.0,Rural,N
LP100667,Male,Yes,0,Graduate,No,4841,2590,227,360,1.0,Semiurban,Y
LP100668,Male,No,0,Graduate,No,4281,0,88,360,1.0,Semiurban,Y
LP100669,Male,Yes,0,Graduate,No,8268,1023,328,360,0.0,Urban,N
LP100670,Male,Yes,0,Graduate,Yes,2926,4435,121,360,1.0,Urban,Y
LP100671,Female,Yes,2,Graduate,Yes,11903,894,383,360,0.0,Urban,N
LP100672,Male,Yes,0,Not Graduate,No,1614,0,58,360,1.0,Rural,Y
LP100673,Male,No,0,Graduate,No,6436,0,312,300,1.0,Rural,N
LP100674,Male,Yes,0,Not Graduate,No,1513,3466,132,360,1.0,Rural,N
LP100675,Female,Yes,0,Graduate,No,3520,3664,300,360,1.0,Urban,Y
LP100676,Male,No,0,Graduate,No,4408,0,87,360,1.0,Semiurban,Y
LP100677,Male,No,0,Graduate,No,3204,0,97,360,1.0,Urban,Y
LP100678,Female,Yes,0,Graduate,Yes,4168,2490,152,360,0.0,Rural,N
LP100679,Female,Yes,2,Graduate,No,1953,3047,161,360,1.0,Semiurban,Y
LP100680,Female,Yes,3+,Graduate,No,2432,2488,146,360,0.0,Urban,N
LP100681,Male,Yes,0,Not Graduate,No,4310,0,212,360,1.0,Semiurban,Y
LP100682,Male,Yes,0,Not Graduate,Yes,3664,1754,255,360,1.0,Urban,Y
LP100683,Male,No,1,Graduate,No,2864,0,101,360,1.0,Semiurban,Y
LP100684,Female,Yes,1,Graduate,No,8674,1028,205,360,0.0,Semiurban,N
LP100685,Male,Yes,0,Graduate,No,2141,2425,157,360,1.0,Semiurban,Y
LP100686,Male,Yes,2,Not Graduate,No,2686,0,115,360,1.0,Rural,N
LP100687,Male,No,0,Graduate,Yes,3488,0,57,360,0.0,Semiurban,Y
LP100688,Male,No,0,Graduate,No,5872,0,165,360,0.0,Semiurban,N
LP100689,Male,Yes,1,Graduate,Yes,4729,935,93,360,1.0,Rural,Y
LP100690,Male,No,3+,Graduate,No,3945,2533,152,360,1.0,Semiurban,Y
LP100691,Male,Yes,2,Graduate,No,1518,930,45,360,1.0,Urban,Y
LP100692,Male,Yes,0,Not Graduate,No,5273,0,256,360,1.0,Rural,Y
LP100693,Male,Yes,0,Not Graduate,No,2907,0,61,84,1.0,Urban,Y
LP100694,Male,Yes,0,Graduate,No,4462,1938,130,360,1.0,Urban,Y
LP100695,Male,Yes,0,Graduate,No,2774,1253,197,360,1.0,Urban,Y
LP100696,Male,No,1,Graduate,No,2544,0,84,360,1.0,Urban,Y
LP100697,Male,Yes,2,Not Graduate,No,7474,1918,390,360,1.0,Urban,Y
LP100698,Male,No,1,Graduate,No,1579,2622,111,360,1.0,Urban,Y
LP100699,Male,Yes,3+,Graduate,No,2345,5279,257,60,0.0,Semiurban,N
LP100700,Male,Yes,0,Graduate,No,9452,0,144,360,1.0,Urban,Y
LP100701,Male,Yes,2,Graduate,Yes,6552,0,192,360,1.0,Urban,Y
LP100702,Male,Yes,2,Graduate,No,3501,0,121,180,1.0,Semiurban,Y
LP100703,Male,Yes,0,Graduate,Yes,9143,0,302,180,1.0,Urban,Y
LP100704,Male,Yes,1,Graduate,No,5354,7887,387,360,1.0,Urban,Y
LP100705,Female,Yes,0,Graduate,No,4759,0,203,360,1.0,Semiurban,Y
LP100706,Male,Yes,2,Graduate,No,4740,1061,189,36,1.0,Urban,Y
LP100707,Female,No,0,Graduate,No,5408,0,202,360,1.0,Urban,Y
LP100708,Male,Yes,0,Graduate,No,5530,1287,146,360,0.0,Semiurban,N
LP100709,Male,Yes,1,Graduate,No,14010,1257,689,36,1.0,Semiurban,Y
LP100710,Male,Yes,1,Graduate,Yes,4138,1435,154,240,1.0,Semiurban,Y
LP100711,Male,No,0,Not Graduate,No,2994,0,95,360,1.0,Rural,Y
LP100712,Male,No,0,Graduate,No,2121,0,58,360,0.0,Semiurban,N
LP100713,Male,Yes,0,Graduate,No,4069,0,188,180,1.0,Semiurban,Y
LP100714,Male,Yes,0,Graduate,No,11665,3484,700,360,1.0,Urban,Y
LP100715,Female,Yes,2,Graduate,No,7196,1433,197,360,1.0,Semiurban,Y
LP100716,Male,No,3+,Graduate,No,3105,0,128,84,0.0,Urban,N
LP100717,Female,No,0,Graduate,No,4257,0,79,360,1.0,Semiurban,Y
LP100718,Male,Yes,2,Graduate,Yes,2258,2271,73,180,1.0,Semiurban,Y
LP100719,Male,Yes,0,Graduate,No,2457,2614,225,360,1.0,Semiurban,Y
LP100720,Female,Yes,1,Not Graduate,Yes,3913,1941,115,180,1.0,Rural,Y
LP100721,Male,No,0,Not Graduate,No,2497,0,165,300,1.0,Rural,Y
LP100722,Male,Yes,0,Not Graduate,No,1845,0,67,360,1.0,Urban,Y
LP100723,Male,Yes,1,Graduate,Yes,6030,453,283,180,1.0,Urban,Y
LP100724,Male,Yes,0,Not Graduate,No,3132,3831,151,180,1.0,Rural,N
LP100725,Female,No,1,Graduate,Yes,1945,0,37,60,1.0,Semiurban,N
LP100726,Male,No,2,Graduate,No,1337,2699,71,360,1.0,Semiurban,Y
LP100727,Female,No,0,Graduate,No,3060,0,49,240,1.0,Semiurban,Y
LP100728,Male,Yes,0,Graduate,Yes,1923,1001,56,360,0.0,Semiurban,N
LP100729,Male,No,2,Not Graduate,No,1172,0,56,360,1.0,Rural,Y
LP100730,Male,Yes,2,Graduate,No,7791,1161,164,360,1.0,Semiurban,Y
LP100731,Female,Yes,0,Graduate,No,3968,0,143,360,1.0,Semiurban,Y
LP100732,Male,Yes,0,Graduate,No,3618,2526,290,360,1.0,Semiurban,Y
LP100733,Male,No,1,Not Graduate,No,2954,6819,361,360,1.0,Rural,Y
LP100734,Male,Yes,0,Graduate,Yes,2463,1651,66,12,1.0,Semiurban,Y
LP100735,Female,No,0,Not Graduate,No,4108,762,175,360,1.0,Semiurban,Y
LP100736,Male,No,0,Graduate,No,3897,0,182,360,1.0,Rural,Y
LP100737,Female,Yes,2,Graduate,Yes,3037,819,101,120,1.0,Semiurban,Y
LP100738,Male,Yes,1,Graduate,No,2998,0,78,360,1.0,Semiurban,Y
LP100739,Male,Yes,3+,Graduate,No,2132,2915,120,360,1.0,Semiurban,Y
LP100740,Male,Yes,2,Graduate,No,3349,3187,214,360,1.0,Semiurban,Y
LP100741,Male,Yes,3+,Graduate,No,3670,3188,160,360,1.0,Urban,Y
LP100742,Male,Yes,0,Graduate,No,3301,1318,186,84,1.0,Semiurban,Y
LP100743,Male,No,2,Graduate,Yes,4748,0,178,240,1.0,Semiurban,Y
LP100744,Male,No,0,Graduate,No,4010,0,116,240,1.0,Semiurban,Y
LP100745,Female,Yes,1,Graduate,No,4754,0,192,240,1.0,Rural,Y
LP100746,Male,Yes,0,Graduate,No,7034,998,148,360,0.0,Semiurban,N
LP100747,Male,Yes,0,Graduate,No,5802,1291,292,180,1.0,Rural,Y
LP100748,Female,No,2,Graduate,No,7078,0,256,180,1.0,Urban,Y
LP100749,Male,No,2,Graduate,No,2627,0,97,300,1.0,Urban,Y
LP100750,Male,Yes,0,Graduate,No,3165,833,69,360,1.0,Semiurban,Y
LP100751,Female,Yes,1,Graduate,No,5998,394,234,360,1.0,Semiurban,Y
LP100752,Male,No,0,Graduate,No,6058,0,196,360,1.0,Urban,Y
LP100753,Male,Yes,0,Not Graduate,No,2256,0,72,360,0.0,Urban,N
LP100754,Male,Yes,2,Graduate,No,5861,1988,206,360,1.0,Semiurban,Y
LP100755,Female,Yes,0,Not Graduate,No,1950,3299,80,360,0.0,Urban,N
LP100756,Male,Yes,3+,Graduate,Yes,6001,1409,221,360,1.0,Semiurban,Y
LP100757,Male,Yes,0,Graduate,No,4127,1884,175,360,1.0,Rural,Y
LP100758,Female,No,1,Graduate,No,1955,5260,215,360,1.0,Rural,Y
LP100759,Female,No,1,Not Graduate,No,2581,5073,279,360,1.0,Urban,Y
LP100760,Male,Yes,0,Graduate,No,13905,0,355,84,1.0,Semiurban,Y
LP100761,Male,No,0,Graduate,No,4681,0,114,180,1.0,Semiurban,Y
LP100762,Male,Yes,2,Not Graduate,No,11613,2727,465,360,1.0,Rural,Y
LP100763,Male,No,2,Graduate,Yes,2082,0,74,240,1.0,Rural,Y
LP100764,Male,Yes,0,Graduate,Yes,6960,0,243,360,0.0,Urban,N
LP100765,Male,No,0,Graduate,No,1039,0,48,360,0.0,Urban,N
LP100766,Male,No,0,Graduate,No,4187,0,176,360,1.0,Urban,Y
LP100767,Female,Yes,0,Graduate,No,5925,918,115,360,1.0,Urban,N
LP100768,Male,No,0,Graduate,No,6638,4878,400,360,1.0,Semiurban,Y
LP100769,Male,No,0,Graduate,No,2698,1694,130,360,0.0,Semiurban,N
LP100770,Male,No,2,Graduate,No,7415,0,205,360,1.0,Urban,Y
LP100771,Female,Yes,1,Graduate,Yes,3434,1440,237,120,1.0,Semiurban,Y
LP100772,Male,No,3+,Graduate,No,3826,0,165,360,1.0,Rural,Y
LP100773,Male,No,1,Graduate,Yes,3629,1415,203,12,1.0,Semiurban,N
LP100774,Female,Yes,3+,Graduate,No,2241,1399,178,360,0.0,Urban,N
LP100775,Male,No,0,Graduate,No,9928,1366,229,360,1.0,Semiurban,Y
LP100776,Male,Yes,1,Graduate,No,4299,1661,101,120,0.0,Semiurban,N
LP100777,Male,Yes,3+,Graduate,No,7614,1922,248,240,1.0,Rural,Y
LP100778,Male,Yes,1,Graduate,No,7438,3160,175,360,0.0,Urban,N
LP100779,Male,Yes,0,Not Graduate,Yes,2117,1725,73,360,1.0,Semiurban,Y
LP100780,Male,Yes,1,Graduate,No,8173,0,406,360,1.0,Semiurban,Y
LP100781,Male,Yes,2,Graduate,No,5523,2007,366,360,0.0,Semiurban,N
LP100782,Male,No,2,Graduate,No,2362,0,93,360,1.0,Semiurban,Y
LP100783,Male,Yes,1,Graduate,No,5360,2055,307,360,1.0,Urban,Y
LP100784,Male,Yes,1,Not Graduate,Yes,2054,1355,68,360,0.0,Semiurban,N
LP100785,Female,Yes,3+,Graduate,Yes,11144,1152,441,360,1.0,Urban,Y
LP100786,Male,Yes,0,Graduate,No,6551,2267,180,360,1.0,Urban,Y
LP100787,Male,No,1,Graduate,No,4026,0,114,240,0.0,Semiurban,N
LP100788,Male,No,0,Graduate,No,8395,0,227,180,1.0,Urban,Y
LP100789,Female,No,1,Graduate,No,1754,1312,112,360,0.0,Urban,N
LP100790,Male,Yes,1,Graduate,No,2773,1714,80,360,1.0,Semiurban,Y
LP100791,Male,Yes,0,Graduate,No,4009,1427,101,360,1.0,Semiurban,Y
LP100792,Male,Yes,0,Graduate,No,14320,0,520,360,1.0,Urban,Y
LP100793,Male,Yes,1,Graduate,No,2324,840,118,360,1.0,Semiurban,Y
LP100794,Male,Yes,0,Graduate,No,1637,1726,90,360,1.0,Urban,Y
LP100795,Female,No,0,Graduate,No,1892,0,38,360,1.0,Urban,Y
LP100796,Female,Yes,2,Graduate,No,6892,1044,365,360,1.0,Semiurban,Y
LP100797,Male,No,0,Not Graduate,No,2363,0,40,360,0.0,Urban,N
LP100798,Male,Yes,0,Graduate,No,3836,1131,199,360,1.0,Rural,Y
LP100799,Female,Yes,3+,Not Graduate,No,4985,870,117,360,1.0,Urban,Y
LP100800,Male,Yes,0,Graduate,No,3838,0,143,84,1.0,Rural,N
LP100801,Male,Yes,0,Not Graduate,No,3666,1775,208,360,1.0,Rural,Y
LP100802,Male,No,1,Graduate,No,5620,0,242,360,0.0,Rural,N
LP100803,Male,Yes,2,Graduate,Yes,3634,0,105,360,1.0,Semiurban,Y
LP100804,Male,Yes,2,Not Graduate,Yes,3289,1310,72,360,1.0,Rural,Y
LP100805,Male,No,2,Not Graduate,No,3743,0,162,360,1.0,Rural,Y
LP100806,Female,Yes,2,Graduate,No,6750,2506,283,360,0.0,Urban,N
LP100807,Male,Yes,0,Graduate,No,2708,1361,182,360,1.0,Semiurban,Y
LP100808,Male,Yes,0,Graduate,No,795,1507,97,180,1.0,Urban,Y
LP100809,Male,Yes,0,Not Graduate,No,4762,4354,296,300,1.0,Semiurban,N
LP100810,Female,No,0,Graduate,No,6974,1151,406,360,1.0,Semiurban,Y
LP100811,Female,No,1,Graduate,No,4674,0,146,360,0.0,Urban,N
LP100812,Male,No,1,Graduate,Yes,5338,1622,274,240,1.0,Rural,Y
LP100813,Female,Yes,0,Graduate,No,3070,0,118,360,1.0,Urban,Y
LP100814,Female,Yes,2,Graduate,No,5513,0,183,60,1.0,Rural,Y
LP100815,Male,No,0,Graduate,No,6694,0,238,360,1.0,Urban,Y
LP100816,Male,Yes,0,Not Graduate,No,3380,0,145,360,1.0,Semiurban,Y
LP100817,Male,Yes,1,Graduate,Yes,18129,3227,700,360,1.0,Urban,Y
LP100818,Male,Yes,0,Graduate,No,1949,0,60,360,1.0,Urban,Y
LP100819,Male,Yes,0,Graduate,No,4580,4256,337,360,0.0,Semiurban,N
LP100820,Female,Yes,0,Graduate,Yes,2414,0,39,360,0.0,Urban,N
LP100821,Male,No,0,Graduate,No,6793,0,128,360,1.0,Semiurban,Y
LP100822,Male,No,2,Graduate,No,1755,2407,81,120,1.0,Rural,N
LP100823,Male,Yes,2,Graduate,No,2010,2424,133,360,1.0,Urban,Y
LP100824,Male,Yes,0,Graduate,No,2956,0,135,360,1.0,Rural,Y
LP100825,Female,Yes,0,Graduate,No,4846,1086,223,84,1.0,Urban,Y
LP100826,Male,No,1,Graduate,No,3018,0,148,360,1.0,Urban,Y
LP100827,Male,Yes,3+,Graduate,No,3034,3901,114,360,1.0,Urban,Y
LP100828,Male,No,0,Graduate,No,3791,6305,407,120,1.0,Rural,Y
LP100829,Male,Yes,0,Graduate,No,3665,1341,130,360,0.0,Urban,N
LP100830,Male,Yes,2,Graduate,No,9489,911,164,120,1.0,Rural,Y
LP100831,Male,Yes,1,Graduate,No,6106,3260,411,360,1.0,Rural,Y
LP100832,Male,No,0,Not Graduate,No,2741,0,57,360,1.0,Semiurban,Y
LP100833,Male,Yes,1,Graduate,Yes,14595,3882,416,240,1.0,Semiurban,Y
LP100834,Male,Yes,0,Graduate,No,5487,1275,182,360,1.0,Rural,Y
LP100835,Male,Yes,0,Graduate,Yes,2703,11122,589,360,1.0,Semiurban,Y
LP100836,Female,No,0,Graduate,Yes,5304,0,196,360,1.0,Urban,Y
LP100837,Male,No,2,Graduate,No,5621,0,136,360,0.0,Semiurban,N
LP100838,Male,Yes,0,Graduate,No,2869,0,60,360,1.0,Rural,Y
LP100839,Male,No,0,Graduate,No,2347,1186,67,360,1.0,Rural,Y
LP100840,Male,Yes,0,Graduate,No,4391,1377,117,360,1.0,Urban,Y
LP100841,Male,Yes,2,Graduate,No,3435,3090,296,360,1.0,Urban,Y
LP100842,Male,Yes,0,Graduate,No,9445,1969,540,360,1.0,Rural,Y
LP100843,Female,Yes,0,Graduate,No,6294,0,308,360,1.0,Urban,Y
LP100844,Male,No,0,Graduate,No,2943,0,130,360,1.0,Semiurban,Y
LP100845,Male,No,2,Not Graduate,No,4142,0,191,360,0.0,Urban,N
LP100846,Male,Yes,0,Not Graduate,No,6578,0,287,360,0.0,Rural,N
LP100847,Female,Yes,0,Not Graduate,Yes,1675,2370,196,360,1.0,Rural,Y
LP100848,Male,No,0,Not Graduate,No,1867,1679,158,360,0.0,Urban,N
LP100849,Male,No,2,Graduate,No,4161,0,130,120,1.0,Urban,Y
LP100850,Male,Yes,0,Not Graduate,Yes,3676,1270,130,360,1.0,Semiurban,Y
LP100851,Male,No,1,Graduate,No,4069,0,144,300,1.0,Urban,Y
LP100852,Male,Yes,2,Graduate,No,3529,0,128,360,1.0,Semiurban,Y
LP100853,Female,Yes,2,Not Graduate,No,2739,4334,248,360,1.0,Semiurban,Y
LP100854,Male,No,0,Graduate,No,5172,0,206,360,1.0,Urban,Y
LP100855,Male,Yes,3+,Not Graduate,Yes,6725,1781,336,360,1.0,Urban,Y
LP100856,Male,Yes,0,Graduate,No,3214,857,73,360,1.0,Rural,N
LP100857,Male,Yes,0,Graduate,Yes,17609,0,440,360,1.0,Semiurban,Y
LP100858,Male,No,2,Graduate,No,12310,4385,700,360,1.0,Urban,Y
LP100859,Male,No,0,Graduate,No,8698,3716,443,360,1.0,Semiurban,Y
LP100860,Male,Yes,0,Graduate,No,5897,1117,165,300,1.0,Rural,Y
LP100861,Male,Yes,0,Not Graduate,No,9888,1189,496,360,1.0,Semiurban,Y
LP100862,Male,Yes,1,Graduate,No,3570,5397,213,360,1.0,Urban,Y
LP100863,Male,Yes,0,Graduate,No,2649,0,78,36,1.0,Urban,Y
LP100864,Male,Yes,1,Graduate,Yes,3449,2662,151,180,1.0,Rural,Y
LP100865,Male,No,2,Graduate,No,2412,0,110,360,0.0,Rural,N
LP100866,Male,Yes,1,Graduate,No,4477,1669,249,240,1.0,Semiurban,Y
LP100867,Male,Yes,0,Graduate,No,4938,2839,242,360,1.0,Urban,Y
LP100868,Female,Yes,3+,Graduate,No,4676,1963,316,360,1.0,Semiurban,N
LP100869,Female,Yes,0,Graduate,No,4159,0,197,240,1.0,Rural,Y
LP100870,Male,No,0,Graduate,No,4505,0,180,360,0.0,Semiurban,N
LP100871,Male,Yes,0,Graduate,No,10881,0,503,360,1.0,Urban,Y
LP100872,Male,Yes,0,Graduate,No,5889,0,237,360,1.0,Semiurban,Y
LP100873,Male,Yes,0,Graduate,No,6954,3036,370,360,1.0,Rural,Y
LP100874,Male,Yes,0,Not Graduate,No,3639,2280,176,360,1.0,Urban,Y
LP100875,Male,Yes,0,Graduate,No,1722,3527,129,360,0.0,Semiurban,Y
LP100876,Male,Yes,0,Graduate,Yes,1698,739,42,360,1.0,Semiurban,Y
LP100877,Male,Yes,1,Graduate,No,13165,1511,632,360,1.0,Semiurban,Y
LP100878,Male,Yes,2,Graduate,No,3125,0,60,36,1.0,Semiurban,Y
LP100879,Male,Yes,2,Graduate,Yes,3281,0,96,360,1.0,Semiurban,Y
LP100880,Male,Yes,0,Graduate,No,4793,0,111,360,1.0,Urban,Y
LP100881,Male,No,0,Not Graduate,No,4435,0,137,360,1.0,Urban,Y
LP100882,Male,Yes,3+,Graduate,No,6076,3718,255,360,1.0,Semiurban,Y
LP100883,Male,Yes,0,Graduate,Yes,12222,2585,652,180,1.0,Urban,Y
LP100884,Female,Yes,2,Graduate,No,9558,804,510,240,1.0,Semiurban,Y
LP100885,Male,Yes,0,Graduate,No,2680,0,129,360,1.0,Semiurban,Y
LP100886,Male,Yes,3+,Not Graduate,No,5583,0,205,360,1.0,Urban,Y
LP100887,Male,Yes,0,Graduate,No,3390,3152,322,360,1.0,Semiurban,Y
LP100888,Male,No,0,Not Graduate,No,3038,0,88,360,1.0,Semiurban,Y
LP100889,Male,Yes,1,Graduate,No,2294,5216,250,360,1.0,Urban,Y
LP100890,Male,Yes,1,Graduate,No,1650,1694,80,180,0.0,Semiurban,N
LP100891,Female,No,0,Graduate,No,4115,0,191,360,1.0,Rural,Y
LP100892,Female,Yes,0,Graduate,No,2475,1322,81,360,1.0,Semiurban,Y
LP100893,Male,Yes,1,Graduate,No,6975,1633,313,180,0.0,Semiurban,Y
LP100894,Male,Yes,0,Graduate,No,3587,0,154,360,1.0,Urban,Y
LP100895,Male,No,0,Graduate,No,4962,4407,336,360,1.0,Urban,Y
LP100896,Male,Yes,0,Graduate,No,8883,0,158,360,1.0,Urban,Y
LP100897,Female,No,0,Graduate,No,1850,0,67,360,1.0,Rural,N
LP100898,Male,Yes,1,Graduate,No,2811,0,118,360,1.0,Urban,Y
LP100899,Male,No,0,Not Graduate,No,3620,0,78,360,0.0,Urban,N
LP100900,Male,Yes,0,Graduate,Yes,5470,2167,312,360,1.0,Semiurban,Y
LP100901,Male,No,0,Graduate,No,7682,0,351,360,1.0,Urban,Y
LP100902,Male,Yes,0,Graduate,No,6746,1661,416,180,1.0,Urban,Y
LP100903,Male,No,0,Graduate,No,4416,1094,162,180,1.0,Semiurban,Y
LP100904,Male,Yes,0,Graduate,No,4947,1497,102,360,1.0,Urban,Y
LP100905,Female,Yes,0,Graduate,No,5023,2158,213,360,1.0,Semiurban,Y
LP100906,Female,Yes,3+,Graduate,No,1866,0,71,360,1.0,Urban,Y
LP100907,Male,Yes,0,Graduate,No,3842,6318,469,360,1.0,Semiurban,Y
LP100908,Male,Yes,1,Graduate,No,4800,1381,296,360,1.0,Rural,Y
LP100909,Male,No,0,Graduate,No,5388,0,252,360,1.0,Rural,Y
LP100910,Male,No,0,Not Graduate,No,1971,0,75,180,1.0,Rural,Y
LP100911,Male,Yes,0,Graduate,No,2084,3495,217,60,1.0,Rural,N
LP100912,Male,No,0,Graduate,No,3680,2034,86,360,1.0,Semiurban,Y
LP100913,Male,Yes,3+,Graduate,Yes,13590,0,377,360,1.0,Semiurban,Y
LP100914,Male,Yes,3+,Not Graduate,No,2088,639,127,240,1.0,Semiurban,Y
LP100915,Male,No,0,Graduate,No,7986,0,313,360,1.0,Rural,Y
LP100916,Male,No,1,Graduate,No,10010,0,314,360,1.0,Semiurban,Y
LP100917,Female,No,0,Not Graduate,No,3360,0,63,12,1.0,Urban,Y
LP100918,Male,Yes,0,Graduate,No,2881,2071,117,360,0.0,Rural,N
LP100919,Male,No,3+,Graduate,No,5551,0,191,360,1.0,Rural,Y
LP100920,Female,Yes,1,Graduate,No,4661,5309,463,360,1.0,Rural,Y
LP100921,Male,Yes,0,Not Graduate,No,2043,1072,57,360,0.0,Urban,N
LP100922,Female,Yes,0,Not Graduate,No,2281,1377,75,360,1.0,Urban,Y
LP100923,Female,No,0,Graduate,No,5373,0,204,360,0.0,Urban,N
LP100924,Male,No,3+,Graduate,No,6996,0,177,360,1.0,Semiurban,Y
LP100925,Male,No,0,Graduate,No,3506,0,73,360,0.0,Urban,N
LP100926,Male,Yes,0,Graduate,No,4031,0,86,360,1.0,Semiurban,Y
LP100927,Male,Yes,0,Graduate,No,6048,1178,233,360,0.0,Urban,Y
LP100928,Male,Yes,2,Graduate,No,3808,4870,165,360,1.0,Urban,Y
LP100929,Male,Yes,0,Not Graduate,Yes,3057,1522,214,360,1.0,Semiurban,Y
LP100930,Male,Yes,2,Graduate,No,2764,0,93,180,0.0,Rural,N
LP100931,Female,No,0,Graduate,No,2737,0,107,360,1.0,Urban,Y
LP100932,Female,Yes,2,Graduate,No,18172,1183,413,120,1.0,Semiurban,Y
LP100933,Male,Yes,1,Graduate,No,3759,0,150,120,1.0,Urban,Y
LP100934,Male,Yes,0,Graduate,No,8871,1846,404,360,1.0,Urban,Y
LP100935,Male,Yes,0,Graduate,No,10572,6758,391,360,1.0,Semiurban,Y
LP100936,Male,Yes,0,Graduate,No,3785,1689,210,180,0.0,Semiurban,Y
LP100937,Female,No,0,Graduate,No,5128,0,115,360,1.0,Rural,Y
LP100938,Male,Yes,2,Graduate,No,4430,2290,240,240,1.0,Semiurban,Y
LP100939,Male,No,0,Not Graduate,Yes,1485,0,57,360,1.0,Rural,Y
LP100940,Male,Yes,0,Graduate,Yes,1962,3144,200,360,1.0,Urban,Y
LP100941,Male,Yes,0,Graduate,No,4301,2113,300,180,0.0,Urban,N
LP100942,Male,Yes,0,Graduate,No,3314,0,160,360,1.0,Urban,Y
LP100943,Female,No,2,Graduate,No,11851,0,514,360,1.0,Rural,Y
LP100944,Male,No,0,Graduate,No,3676,1390,232,360,1.0,Urban,Y
LP100945,Male,Yes,3+,Graduate,No,12244,1700,219,360,1.0,Urban,Y
LP100946,Male,Yes,3+,Not Graduate,No,2522,2788,147,360,1.0,Semiurban,Y
LP100947,Female,Yes,0,Graduate,No,11986,2782,242,360,1.0,Urban,Y
LP100948,Female,Yes,0,Graduate,Yes,6085,4218,236,120,1.0,Urban,Y
LP100949,Male,No,2,Graduate,No,5708,0,162,360,1.0,Urban,Y
LP100950,Male,Yes,0,Graduate,Yes,3476,0,158,180,1.0,Urban,Y
LP100951,Male,Yes,0,Graduate,No,5751,2167,261,360,1.0,Semiurban,Y
LP100952,Male,Yes,0,Graduate,No,10623,1779,468,360,1.0,Semiurban,Y
LP100953,Female,Yes,1,Not Graduate,No,3026,0,84,300,1.0,Urban,Y
LP100954,Male,Yes,2,Not Graduate,No,2719,2804,199,360,1.0,Urban,Y
LP100955,Male,Yes,0,Graduate,Yes,4021,3187,314,360,1.0,Rural,Y
LP100956,Male,No,0,Graduate,No,10207,0,261,360,1.0,Semiurban,Y
LP100957,Male,No,3+,Graduate,No,6702,0,319,360,0.0,Semiurban,N
LP100958,Male,Yes,2,Not Graduate,Yes,7992,0,180,360,1.0,Semiurban,Y
LP100959,Male,No,1,Graduate,No,4975,0,235,360,0.0,Urban,N
LP100960,Male,Yes,2,Graduate,No,4279,1955,100,360,0.0,Rural,N
LP100961,Male,Yes,0,Graduate,No,5287,0,180,360,1.0,Semiurban,Y
LP100962,Male,Yes,2,Graduate,No,7543,2198,482,360,1.0,Urban,N
LP100963,Male,Yes,0,Graduate,No,3655,2348,218,240,1.0,Semiurban,N
LP100964,Male,Yes,0,Not Graduate,No,6956,2530,327,360,1.0,Urban,Y
LP100965,Male,Yes,1,Not Graduate,No,4007,0,156,360,1.0,Urban,Y
LP100966,Male,Yes,0,Graduate,No,1115,5007,154,360,1.0,Rural,Y
LP100967,Male,No,3+,Graduate,No,6807,0,115,360,1.0,Rural,Y
LP100968,Male,Yes,0,Not Graduate,No,1628,1268,69,120,0.0,Urban,N
LP100969,Male,Yes,3+,Graduate,No,6716,0,142,360,1.0,Urban,Y
LP100970,Male,Yes,3+,Graduate,No,6875,0,325,360,1.0,Rural,Y
LP100971,Female,Yes,0,Graduate,No,5020,3925,401,360,0.0,Urban,N
LP100972,Male,Yes,2,Not Graduate,No,4419,0,115,360,1.0,Semiurban,Y
LP100973,Male,No,0,Graduate,No,7663,0,339,120,1.0,Semiurban,Y
LP100974,Male,Yes,2,Graduate,Yes,3507,1892,121,180,0.0,Semiurban,N
LP100975,Male,Yes,0,Not Graduate,No,5070,821,130,360,1.0,Semiurban,Y
LP100976,Male,Yes,1,Graduate,No,7938,2451,435,360,1.0,Semiurban,Y
LP100977,Male,Yes,0,Not Graduate,No,8627,1914,279,360,1.0,Rural,Y
LP100978,Male,Yes,0,Graduate,No,2279,0,39,120,1.0,Urban,Y
LP100979,Male,Yes,0,Graduate,Yes,5766,2974,351,360,1.0,Rural,Y
LP100980,Male,Yes,0,Graduate,No,2467,1450,165,360,1.0,Urban,Y
LP100981,Male,Yes,2,Graduate,No,2411,1091,122,360,1.0,Urban,Y
LP100982,Male,Yes,1,Graduate,No,5101,0,124,360,1.0,Urban,Y
LP100983,Male,No,1,Not Graduate,No,3419,0,96,360,1.0,Semiurban,Y
LP100984,Male,Yes,0,Graduate,No,7860,2097,375,180,1.0,Urban,Y
LP100985,Male,No,0,Not Graduate,No,2709,0,107,360,1.0,Rural,Y
LP100986,Male,No,0,Graduate,No,3889,0,179,240,1.0,Semiurban,N
LP100987,Male,Yes,2,Graduate,No,4704,0,220,360,1.0,Urban,Y
LP100988,Male,Yes,3+,Graduate,No,2606,2006,208,360,1.0,Semiurban,Y
LP100989,Female,Yes,0,Graduate,No,2813,5145,300,360,1.0,Rural,Y
LP100990,Female,No,0,Graduate,No,7736,0,238,360,1.0,Semiurban,Y
LP100991,Male,Yes,0,Not Graduate,Yes,2665,3599,243,360,0.0,Urban,N
LP100992,Male,No,1,Graduate,No,8023,0,308,84,0.0,Rural,N
LP100993,Male,No,1,Graduate,No,5848,0,132,360,1.0,Semiurban,Y
LP100994,Male,No,2,Graduate,No,1788,0,59,360,1.0,Urban,N
LP100995,Male,Yes,0,Graduate,No,5605,2553,182,360,1.0,Urban,Y
LP100996,Male,Yes,2,Graduate,Yes,6139,1046,334,360,1.0,Semiurban,Y
LP100997,Male,No,1,Graduate,No,5284,0,139,360,1.0,Rural,Y
LP100998,Female,Yes,0,Graduate,No,3873,350,182,360,1.0,Urban,Y
LP100999,Male,Yes,0,Graduate,No,2497,0,70,360,1.0,Urban,Y
LP101000,Male,No,0,Graduate,No,8780,0,366,360,1.0,Rural,N
LP101001,Male,Yes,0,Graduate,No,3960,4635,195,120,1.0,Urban,Y
LP101002,Female,No,2,Graduate,No,2576,1391,166,360,1.0,Rural,Y
LP101003,Male,No,0,Not Graduate,No,4214,0,90,360,1.0,Urban,Y
LP101004,Female,Yes,2,Graduate,No,2783,0,90,360,1.0,Semiurban,Y
LP101005,Male,No,1,Graduate,Yes,2733,0,52,360,1.0,Urban,N
LP101006,Male,Yes,0,Graduate,Yes,3746,3078,228,360,1.0,Rural,Y
LP101007,Female,Yes,1,Not Graduate,No,2273,605,126,120,1.0,Semiurban,Y
LP101008,Male,Yes,0,Graduate,No,2535,3952,269,360,1.0,Rural,Y
LP101009,Male,Yes,0,Graduate,No,6524,1984,143,360,1.0,Semiurban,N
LP101010,Male,Yes,0,Graduate,Yes,4326,4363,280,84,0.0,Urban,N
LP101011,Female,Yes,0,Graduate,No,8337,384,391,180,1.0,Urban,Y
LP101012,Female,Yes,0,Graduate,No,2617,0,99,360,1.0,Semiurban,Y
LP101013,Male,Yes,0,Graduate,Yes,1781,1677,59,360,1.0,Semiurban,Y
LP101014,Male,No,0,Graduate,No,4544,0,120,60,1.0,Rural,Y
LP101015,Female,No,0,Graduate,No,11621,0,401,360,1.0,Semiurban,Y
LP101016,Male,Yes,0,Graduate,Yes,6168,0,130,360,1.0,Semiurban,Y
LP101017,Male,Yes,0,Graduate,No,24544,3600,700,360,1.0,Rural,Y
LP101018,Female,Yes,2,Graduate,No,5026,0,187,360,0.0,Urban,N
LP101019,Male,Yes,0,Not Graduate,No,3730,0,82,360,1.0,Rural,Y
LP101020,Male,No,1,Graduate,Yes,1408,0,48,360,0.0,Semiurban,N
LP101021,Male,No,0,Not Graduate,No,4146,0,180,360,1.0,Semiurban,Y
LP101022,Female,Yes,3+,Graduate,No,4594,1933,184,360,1.0,Urban,Y
LP101023,Female,Yes,0,Not Graduate,Yes,2881,1081,94,360,1.0,Urban,Y
LP101024,Female,Yes,2,Graduate,No,3884,1248,203,360,1.0,Urban,Y
LP101025,Male,Yes,0,Graduate,No,4033,0,70,360,1.0,Rural,Y
LP101026,Female,Yes,0,Graduate,No,3793,1514,234,84,0.0,Rural,N
LP101027,Female,No,1,Graduate,No,13215,0,635,240,1.0,Urban,Y
LP101028,Male,No,0,Graduate,No,3415,0,167,360,0.0,Rural,N
LP101029,Female,Yes,0,Graduate,No,4596,2510,214,360,1.0,Semiurban,Y
LP101030,Male,Yes,0,Graduate,No,3353,1756,188,360,1.0,Rural,Y
LP101031,Male,No,1,Graduate,No,6442,0,290,360,0.0,Urban,Y
LP101032,Male,Yes,3+,Graduate,No,4615,2565,164,180,0.0,Semiurban,N
LP101033,Male,Yes,0,Graduate,No,3590,0,57,84,0.0,Semiurban,N
LP101034,Male,Yes,2,Graduate,No,1452,2254,105,360,1.0,Urban,Y
LP101035,Male,No,0,Graduate,No,4787,0,220,180,0.0,Semiurban,N
LP101036,Male,Yes,0,Not Graduate,No,2764,1750,148,360,1.0,Semiurban,Y
LP101037,Male,No,3+,Graduate,No,4050,0,136,240,1.0,Urban,Y
LP101038,Male,No,2,Graduate,No,2185,0,86,180,1.0,Urban,Y
LP101039,Male,No,2,Not Graduate,No,7208,0,253,360,1.0,Rural,Y
LP101040,Male,No,0,Graduate,No,6707,0,113,120,1.0,Urban,Y
LP101041,Female,Yes,0,Graduate,No,9197,3089,425,360,1.0,Urban,Y
LP101042,Male,Yes,0,Not Graduate,No,6158,1103,274,360,1.0,Semiurban,Y
LP101043,Male,No,0,Graduate,No,5800,0,217,60,1.0,Semiurban,Y
LP101044,Female,No,0,Graduate,No,2234,0,90,360,1.0,Semiurban,Y
LP101045,Male,Yes,2,Not Graduate,No,9032,2403,380,12,1.0,Semiurban,Y
LP101046,Male,Yes,2,Not Graduate,No,1967,2160,192,360,1.0,Urban,Y
LP101047,Male,No,0,Graduate,No,3612,0,113,360,0.0,Semiurban,N
LP101048,Female,No,0,Graduate,Yes,6794,0,225,360,1.0,Rural,Y
LP101049,Male,Yes,2,Graduate,No,6348,3882,433,360,1.0,Rural,Y
LP101050,Female,Yes,0,Graduate,Yes,6309,1191,165,360,1.0,Semiurban,Y
LP101051,Male,Yes,1,Graduate,Yes,3696,1801,207,360,0.0,Urban,N
LP101052,Female,Yes,0,Graduate,No,2999,3823,133,60,1.0,Semiurban,Y
LP101053,Female,Yes,0,Not Graduate,No,13209,0,352,360,0.0,Urban,N
LP101054,Female,Yes,3+,Not Graduate,No,3207,1266,70,360,1.0,Semiurban,Y
LP101055,Male,Yes,0,Graduate,No,3831,3104,176,240,1.0,Urban,Y
LP101056,Male,Yes,0,Graduate,Yes,3111,850,138,180,0.0,Urban,N
LP101057,Male,No,0,Graduate,No,4790,0,207,360,1.0,Semiurban,Y
LP101058,Male,No,2,Graduate,No,4669,0,166,360,1.0,Semiurban,Y
LP101059,Male,Yes,2,Graduate,Yes,4565,2555,117,180,1.0,Semiurban,Y
LP101060,Female,Yes,0,Graduate,No,5165,961,147,360,0.0,Semiurban,Y
LP101061,Female,No,0,Graduate,No,11045,0,389,12,1.0,Semiurban,Y
LP101062,Male,Yes,1,Not Graduate,No,2362,963,132,360,0.0,Urban,N
LP101063,Male,No,0,Graduate,No,4287,3087,334,120,1.0,Semiurban,N
LP101064,Male,No,1,Graduate,No,2932,0,143,180,1.0,Urban,N
LP101065,Male,Yes,0,Graduate,No,4924,5913,501,360,1.0,Urban,Y
LP101066,Male,No,0,Graduate,No,3063,0,96,360,1.0,Semiurban,Y
LP101067,Male,Yes,1,Not Graduate,Yes,2700,6441,376,360,1.0,Semiurban,Y
LP101068,Male,Yes,0,Graduate,No,1876,1223,73,360,1.0,Semiurban,Y
LP101069,Male,Yes,2,Graduate,No,4418,1532,103,360,1.0,Semiurban,Y
LP101070,Male,Yes,0,Graduate,No,5304,4132,160,360,1.0,Rural,Y
LP101071,Male,No,0,Graduate,No,11650,0,273,360,1.0,Semiurban,Y
LP101072,Male,Yes,3+,Not Graduate,No,4242,1313,91,360,1.0,Semiurban,Y
LP101073,Male,Yes,0,Graduate,Yes,3597,2689,281,360,0.0,Semiurban,N
LP101074,Female,Yes,1,Graduate,No,1982,1084,99,120,0.0,Urban,N
LP101075,Male,No,0,Graduate,Yes,2353,2733,221,360,1.0,Semiurban,Y
LP101076,Male,Yes,1,Graduate,No,2053,2213,204,360,1.0,Semiurban,Y
LP101077,Male,Yes,1,Graduate,No,11763,806,626,360,1.0,Urban,Y
LP101078,Male,No,0,Graduate,No,4905,3571,405,360,1.0,Semiurban,Y
LP101079,Female,Yes,2,Graduate,No,3039,937,159,360,1.0,Semiurban,N
LP101080,Female,No,1,Not Graduate,No,1933,0,59,360,0.0,Rural,N
LP101081,Male,Yes,0,Graduate,No,2615,2158,171,360,0.0,Rural,N
LP101082,Male,No,0,Graduate,No,2995,0,131,360,1.0,Urban,Y
LP101083,Female,No,0,Not Graduate,No,6759,0,314,360,0.0,Semiurban,N
LP101084,Female,Yes,0,Graduate,No,4119,0,200,84,1.0,Urban,Y
LP101085,Male,Yes,0,Graduate,No,1889,1184,125,12,0.0,Urban,N
LP101086,Male,No,0,Graduate,No,14921,0,506,360,1.0,Rural,Y
LP101087,Male,Yes,0,Graduate,No,2237,0,109,360,1.0,Urban,Y
LP101088,Female,No,2,Graduate,No,3025,0,147,120,1.0,Urban,Y
LP101089,Male,Yes,0,Graduate,No,8607,2365,348,360,0.0,Rural,N
LP101090,Female,Yes,3+,Graduate,No,5261,0,198,360,1.0,Rural,Y
LP101091,Male,Yes,0,Graduate,Yes,3557,1672,227,360,0.0,Rural,N
LP101092,Male,No,0,Not Graduate,No,1665,1600,165,360,1.0,Rural,Y
LP101093,Male,Yes,2,Graduate,No,2460,2319,210,84,1.0,Semiurban,N
LP101094,Male,No,0,Not Graduate,No,1990,0,38,120,0.0,Urban,N
LP101095,Male,No,0,Graduate,No,4203,4184,267,360,1.0,Semiurban,Y
LP101096,Male,Yes,0,Graduate,Yes,5116,2022,228,360,0.0,Semiurban,N
LP101097,Male,Yes,0,Graduate,Yes,4244,0,165,360,1.0,Urban,Y
LP101098,Male,No,0,Graduate,Yes,4508,1565,116,240,1.0,Rural,Y
LP101099,Male,Yes,3+,Graduate,Yes,2584,0,48,360,1.0,Semiurban,Y
LP101100,Male,No,0,Not Graduate,No,3850,0,179,360,1.0,Urban,Y
LP101101,Female,Yes,2,Graduate,No,8468,3113,297,360,1.0,Urban,Y
LP101102,Female,Yes,1,Graduate,No,3828,1581,143,360,1.0,Urban,N
LP101103,Female,No,0,Graduate,No,3788,0,160,60,1.0,Rural,Y
LP101104,Female,Yes,0,Graduate,No,4383,0,129,300,1.0,Semiurban,Y
LP101105,Male,Yes,2,Graduate,No,7745,0,342,360,0.0,Semiurban,N
LP101106,Male,Yes,2,Not Graduate,No,2003,2451,129,360,1.0,Semiurban,Y
LP101107,Male,Yes,0,Not Graduate,No,7278,1707,374,360,1.0,Semiurban,Y
LP101108,Male,Yes,0,Graduate,No,5279,918,207,180,0.0,Semiurban,N
LP101109,Male,No,0,Graduate,No,4254,0,203,360,0.0,Semiurban,N
LP101110,Female,Yes,0,Graduate,No,8160,898,240,360,1.0,Rural,Y
LP101111,Male,Yes,1,Graduate,No,2186,1659,106,360,1.0,Rural,Y
LP101112,Male,No,2,Graduate,No,5580,0,273,360,1.0,Rural,Y
LP101113,Male,Yes,0,Not Graduate,Yes,4567,485,206,180,1.0,Semiurban,Y
LP101114,Male,Yes,1,Not Graduate,No,1959,4596,276,360,1.0,Rural,Y
LP101115,Male,No,1,Not Graduate,No,4222,0,107,360,1.0,Semiurban,Y
LP101116,Male,No,0,Graduate,No,4893,0,165,180,1.0,Rural,Y
LP101117,Female,Yes,0,Graduate,No,3795,2753,170,180,1.0,Rural,Y
LP101118,Male,Yes,1,Graduate,No,6730,4381,268,360,1.0,Rural,Y
LP101119,Male,Yes,2,Graduate,No,3057,1242,145,360,1.0,Rural,Y
LP101120,Female,Yes,1,Graduate,No,4858,443,263,360,1.0,Semiurban,Y
LP101121,Female,Yes,0,Graduate,No,3895,0,88,360,0.0,Urban,N
LP101122,Male,Yes,0,Graduate,No,2986,944,92,360,0.0,Urban,N
LP101123,Female,Yes,0,Graduate,Yes,6073,2479,201,360,1.0,Rural,Y
LP101124,Male,Yes,0,Graduate,No,3735,2573,269,360,1.0,Urban,Y
LP101125,Male,Yes,2,Not Graduate,No,1458,284,57,360,1.0,Semiurban,Y
LP101126,Male,No,0,Graduate,Yes,1710,758,70,360,1.0,Semiurban,Y
LP101127,Male,Yes,2,Graduate,No,6462,1516,355,360,1.0,Semiurban,Y
LP101128,Male,Yes,0,Not Graduate,No,1675,424,53,240,1.0,Rural,Y
LP101129,Male,Yes,1,Graduate,No,4883,895,166,360,1.0,Semiurban,Y
LP101130,Male,Yes,3+,Graduate,No,4316,2151,114,360,1.0,Rural,Y
LP101131,Male,No,0,Graduate,No,3419,0,66,360,1.0,Semiurban,Y
LP101132,Male,Yes,2,Graduate,Yes,13511,2396,315,360,1.0,Rural,Y
LP101133,Male,Yes,0,Graduate,No,4622,2616,196,180,1.0,Urban,Y
LP101134,Male,Yes,0,Not Graduate,No,4965,728,190,180,1.0,Urban,Y
LP101135,Male,Yes,2,Not Graduate,No,3833,0,58,360,1.0,Rural,Y
LP101136,Female,Yes,2,Graduate,No,3686,3155,148,360,1.0,Semiurban,Y
LP101137,Male,Yes,0,Graduate,Yes,4558,4987,202,36,1.0,Semiurban,Y
LP101138,Male,Yes,1,Not Graduate,No,7309,1118,201,360,1.0,Semiurban,Y
LP101139,Male,Yes,1,Graduate,No,7618,2334,207,360,1.0,Urban,Y
LP101140,Female,Yes,2,Graduate,Yes,13476,3243,365,180,1.0,Semiurban,Y
LP101141,Male,Yes,0,Not Graduate,No,3702,2304,297,360,1.0,Urban,Y
LP101142,Male,No,2,Not Graduate,No,2023,0,72,360,1.0,Semiurban,Y
LP101143,Male,No,0,Not Graduate,No,2572,0,107,36,1.0,Semiurban,N
LP101144,Male,Yes,0,Graduate,No,2179,6576,382,180,1.0,Semiurban,Y
LP101145,Female,Yes,0,Graduate,Yes,7023,2117,351,120,1.0,Semiurban,Y
LP101146,Female,Yes,0,Not Graduate,No,2374,2523,194,360,1.0,Rural,Y
LP101147,Male,No,3+,Graduate,No,780,2427,119,300,1.0,Semiurban,Y
LP101148,Female,Yes,0,Not Graduate,No,12705,0,479,180,1.0,Rural,Y
LP101149,Female,No,3+,Graduate,No,3059,0,145,180,1.0,Semiurban,Y
LP101150,Male,Yes,0,Not Graduate,No,2386,1647,87,360,1.0,Semiurban,Y
LP101151,Female,Yes,1,Graduate,No,10500,1629,299,360,1.0,Urban,Y
LP101152,Male,Yes,2,Graduate,No,2154,0,39,360,1.0,Urban,Y
LP101153,Male,Yes,1,Graduate,No,7824,0,347,360,1.0,Semiurban,Y
LP101154,Male,No,1,Graduate,No,3031,0,93,360,1.0,Semiurban,N
LP101155,Male,No,0,Graduate,No,2022,2702,165,360,1.0,Rural,Y
LP101156,Male,Yes,2,Graduate,No,10699,1452,357,360,0.0,Semiurban,N
LP101157,Female,Yes,2,Not Graduate,No,5444,0,166,360,0.0,Rural,N
LP101158,Female,No,0,Graduate,No,6945,0,213,180,0.0,Rural,N
LP101159,Male,No,2,Graduate,No,5125,0,187,360,0.0,Urban,N
LP101160,Female,Yes,0,Graduate,Yes,6403,2736,382,360,0.0,Semiurban,N
LP101161,Male,Yes,0,Not Graduate,No,1664,0,45,360,0.0,Semiurban,N
LP101162,Male,Yes,2,Graduate,No,4452,0,165,360,1.0,Urban,N
LP101163,Male,Yes,0,Graduate,No,2512,805,73,12,1.0,Urban,Y
LP101164,Male,Yes,2,Not Graduate,No,1526,2293,131,360,1.0,Rural,Y
LP101165,Female,Yes,0,Graduate,No,5249,1386,226,360,1.0,Rural,Y
LP101166,Female,Yes,0,Graduate,No,7917,1121,417,360,1.0,Rural,Y
LP101167,Male,Yes,0,Graduate,No,3391,2697,282,120,0.0,Semiurban,N
LP101168,Male,Yes,0,Graduate,No,3726,5405,293,180,0.0,Semiurban,N
LP101169,Male,No,2,Graduate,No,2239,0,36,180,1.0,Semiurban,Y
LP101170,Male,No,0,Not Graduate,No,3290,0,147,360,1.0,Semiurban,Y
LP101171,Female,Yes,0,Not Graduate,No,4977,1962,104,36,1.0,Semiurban,Y
LP101172,Male,No,0,Graduate,No,6471,0,205,60,1.0,Urban,Y
LP101173,Male,No,0,Graduate,No,5651,0,89,360,1.0,Rural,Y
LP101174,Male,Yes,2,Graduate,No,2980,1700,128,360,0.0,Semiurban,N
LP101175,Male,Yes,0,Graduate,No,2928,0,109,240,0.0,Semiurban,N
LP101176,Male,No,1,Graduate,No,6485,0,182,360,1.0,Rural,Y
LP101177,Male,No,2,Not Graduate,No,5122,0,243,360,1.0,Urban,Y
LP101178,Male,No,1,Graduate,No,3809,0,143,360,1.0,Urban,Y
LP101179,Male,No,2,Graduate,Yes,3643,0,137,360,1.0,Rural,N
LP101180,Female,Yes,0,Graduate,No,7957,3437,320,360,1.0,Rural,Y
LP101181,Male,Yes,0,Graduate,No,3435,6928,169,360,0.0,Semiurban,N
LP101182,Male,Yes,2,Graduate,No,6311,4385,437,360,1.0,Urban,Y
LP101183,Female,Yes,1,Graduate,No,3884,0,156,240,1.0,Rural,Y
LP101184,Male,Yes,1,Graduate,No,2353,1200,119,240,0.0,Urban,N
LP101185,Female,Yes,1,Graduate,No,10163,1221,337,180,1.0,Semiurban,Y
LP101186,Male,Yes,0,Graduate,No,4473,903,182,360,1.0,Urban,Y
LP101187,Male,No,0,Graduate,No,2832,0,117,180,1.0,Rural,Y
LP101188,Male,Yes,2,Not Graduate,No,1525,3458,199,360,1.0,Semiurban,Y
LP101189,Male,Yes,1,Not Graduate,No,1612,5296,263,360,1.0,Rural,Y
LP101190,Male,Yes,0,Graduate,No,3411,0,159,360,1.0,Urban,N
LP101191,Male,Yes,2,Graduate,No,12071,0,165,360,1.0,Semiurban,Y
LP101192,Male,No,0,Not Graduate,No,2376,0,37,360,0.0,Rural,N
LP101193,Male,No,0,Graduate,No,9282,1868,408,120,1.0,Urban,Y
LP101194,Male,No,2,Graduate,No,3897,0,142,300,1.0,Semiurban,Y
LP101195,Female,Yes,2,Graduate,No,2187,0,38,360,1.0,Semiurban,Y
LP101196,Female,Yes,0,Graduate,No,3228,0,97,360,1.0,Rural,Y
LP101197,Female,Yes,0,Graduate,No,2070,0,78,360,0.0,Urban,N
LP101198,Male,Yes,0,Graduate,No,2615,3350,237,360,0.0,Semiurban,Y
LP101199,Male,No,1,Not Graduate,No,2013,0,93,84,1.0,Semiurban,Y
LP101200,Male,No,0,Graduate,No,1469,2388,171,360,1.0,Semiurban,Y
LP101201,Male,No,2,Graduate,Yes,10584,0,202,120,1.0,Urban,Y
LP101202,Male,Yes,3+,Not Graduate,No,3680,1625,193,360,0.0,Semiurban,N
LP101203,Male,No,2,Not Graduate,No,2247,0,81,360,1.0,Semiurban,Y
LP101204,Male,Yes,0,Not Graduate,No,3702,1847,142,360,1.0,Urban,Y
LP101205,Male,No,2,Not Graduate,No,2070,0,44,360,1.0,Semiurban,Y
LP101206,Male,Yes,0,Graduate,No,964,0,21,180,1.0,Rural,Y
LP101207,Male,Yes,0,Not Graduate,No,16661,2518,407,360,1.0,Urban,Y
LP101208,Male,Yes,0,Graduate,No,4647,4554,398,360,0.0,Semiurban,N
LP101209,Female,No,0,Graduate,No,3028,0,61,180,1.0,Semiurban,Y
LP101210,Male,Yes,2,Graduate,No,1445,0,35,360,1.0,Urban,Y
LP101211,Male,Yes,0,Graduate,No,1841,1439,74,300,1.0,Urban,Y
LP101212,Male,No,0,Not Graduate,No,8141,0,325,360,0.0,Semiurban,N
LP101213,Female,Yes,3+,Graduate,Yes,10521,1459,246,360,1.0,Rural,Y
LP101214,Male,Yes,0,Graduate,No,6336,0,100,360,1.0,Urban,Y
LP101215,Male,Yes,2,Graduate,No,2268,0,64,360,1.0,Rural,Y
LP101216,Male,Yes,0,Graduate,No,9607,4204,355,360,0.0,Semiurban,N
LP101217,Male,No,0,Graduate,No,5362,0,155,360,1.0,Urban,Y
LP101218,Male,No,2,Graduate,No,6003,1470,309,360,1.0,Semiurban,Y
LP101219,Male,Yes,0,Not Graduate,No,4188,1553,89,360,1.0,Rural,Y
LP101220,Female,No,0,Graduate,No,1828,0,30,360,1.0,Urban,Y
LP101221,Male,Yes,0,Graduate,No,2166,971,75,180,1.0,Semiurban,Y
LP101222,Male,Yes,0,Graduate,No,3163,1957,236,360,1.0,Semiurban,Y
LP101223,Female,Yes,0,Graduate,No,5966,2509,165,360,1.0,Urban,Y
LP101224,Male,Yes,0,Graduate,No,1960,2683,232,240,1.0,Urban,Y
LP101225,Male,Yes,0,Graduate,Yes,4182,0,181,360,1.0,Urban,Y
LP101226,Male,No,2,Graduate,No,3800,0,118,180,1.0,Urban,Y
LP101227,Male,No,0,Graduate,No,6475,0,267,360,1.0,Urban,Y
LP101228,Female,Yes,0,Graduate,No,6068,1590,254,360,1.0,Rural,Y
LP101229,Male,Yes,0,Graduate,No,2402,3019,189,360,1.0,Rural,Y
LP101230,Female,No,3+,Graduate,Yes,10206,912,393,360,1.0,Urban,Y
LP101231,Male,No,2,Graduate,No,2208,0,83,360,0.0,Semiurban,N
LP101232,Male,No,1,Graduate,No,7635,1671,159,60,1.0,Urban,Y
LP101233,Male,Yes,2,Not Graduate,No,2421,881,121,360,1.0,Urban,Y
LP101234,Male,No,0,Graduate,No,4582,0,184,360,1.0,Urban,N
LP101235,Male,Yes,0,Graduate,No,4741,0,123,180,0.0,Semiurban,N
LP101236,Female,Yes,1,Graduate,No,4668,0,230,360,1.0,Rural,Y
LP101237,Male,Yes,1,Graduate,No,6068,0,122,120,1.0,Semiurban,Y
LP101238,Female,Yes,0,Graduate,No,5193,2954,382,360,1.0,Semiurban,Y
LP101239,Male,Yes,0,Not Graduate,No,5042,0,195,360,1.0,Urban,Y
LP101240,Female,Yes,3+,Not Graduate,No,4231,0,162,360,1.0,Urban,N
LP101241,Male,Yes,2,Not Graduate,No,1635,0,75,36,0.0,Rural,N
LP101242,Male,No,0,Not Graduate,No,3801,1719,243,360,1.0,Urban,N
LP101243,Female,Yes,1,Graduate,No,3071,1770,131,360,1.0,Rural,Y
LP101244,Male,Yes,0,Graduate,No,2275,6963,367,360,1.0,Urban,N
LP101245,Male,Yes,0,Graduate,No,3570,2337,99,360,1.0,Semiurban,Y
LP101246,Male,No,0,Not Graduate,No,3624,0,113,360,1.0,Rural,Y
LP101247,Male,Yes,0,Graduate,No,4803,1005,278,360,1.0,Urban,Y
LP101248,Female,Yes,0,Graduate,No,7484,2556,247,180,1.0,Semiurban,Y
LP101249,Male,Yes,2,Graduate,Yes,9453,2966,208,180,1.0,Rural,Y
LP101250,Female,No,0,Not Graduate,No,3943,0,140,36,1.0,Urban,Y
LP101251,Male,No,1,Graduate,No,5565,0,153,360,0.0,Semiurban,N
LP101252,Male,Yes,0,Graduate,No,4412,1852,177,240,1.0,Urban,Y
LP101253,Male,Yes,0,Not Graduate,No,4997,1805,241,360,1.0,Urban,Y
LP101254,Male,Yes,2,Graduate,No,5473,0,201,360,1.0,Urban,N
LP101255,Male,Yes,1,Not Graduate,No,3180,2131,161,360,1.0,Rural,Y
LP101256,Male,Yes,3+,Graduate,No,13675,0,448,36,1.0,Urban,Y
LP101257,Male,Yes,3+,Graduate,No,3101,0,154,36,1.0,Urban,N
LP101258,Male,Yes,0,Not Graduate,No,7292,3139,506,240,1.0,Semiurban,Y
LP101259,Male,Yes,0,Graduate,No,1988,0,79,360,1.0,Urban,Y
LP101260,Male,Yes,2,Graduate,No,6550,406,144,120,1.0,Semiurban,Y
LP101261,Female,No,3+,Graduate,No,9227,0,255,360,0.0,Urban,N
LP101262,Male,No,1,Graduate,No,1467,0,67,360,1.0,Semiurban,Y
LP101263,Male,Yes,2,Graduate,No,4520,1335,175,360,1.0,Semiurban,N
LP101264,Male,No,2,Graduate,No,6206,0,301,360,1.0,Urban,Y
LP101265,Male,Yes,0,Graduate,No,4809,713,177,360,1.0,Urban,Y
LP101266,Male,Yes,0,Not Graduate,No,4034,0,182,120,1.0,Semiurban,Y
LP101267,Male,Yes,2,Graduate,No,4513,0,73,360,0.0,Rural,N
LP101268,Male,No,1,Graduate,No,2294,0,69,360,1.0,Urban,Y
LP101269,Male,No,0,Graduate,No,15401,0,608,360,1.0,Urban,Y
LP101270,Male,No,0,Graduate,No,3174,0,144,180,1.0,Urban,N
LP101271,Female,No,0,Not Graduate,No,4161,0,151,360,1.0,Semiurban,Y
LP101272,Male,Yes,0,Graduate,No,2934,803,79,180,1.0,Rural,Y
LP101273,Male,No,2,Not Graduate,Yes,1031,0,47,360,1.0,Urban,N
LP101274,Male,No,0,Graduate,No,2518,0,88,360,1.0,Urban,Y
LP101275,Male,No,0,Graduate,No,1889,0,35,360,1.0,Urban,Y
LP101276,Male,Yes,0,Graduate,No,7632,3329,342,360,1.0,Urban,Y
LP101277,Female,Yes,1,Graduate,No,2999,813,150,360,1.0,Semiurban,Y
LP101278,Male,Yes,0,Graduate,No,3156,1093,131,300,1.0,Rural,N
LP101279,Male,Yes,0,Graduate,No,2332,3009,243,360,1.0,Urban,Y
LP101280,Male,Yes,0,Graduate,No,4409,720,153,360,1.0,Rural,Y
LP101281,Male,Yes,0,Not Graduate,No,2210,3252,193,360,1.0,Semiurban,Y
LP101282,Male,Yes,0,Graduate,No,7227,2617,220,360,1.0,Rural,Y
LP101283,Male,Yes,0,Graduate,No,4944,0,163,84,1.0,Semiurban,Y
LP101284,Male,Yes,3+,Graduate,No,3057,0,70,360,1.0,Urban,Y
LP101285,Male,Yes,0,Graduate,No,6683,0,153,360,1.0,Rural,Y
LP101286,Male,No,0,Not Graduate,No,3291,0,82,360,1.0,Urban,Y
LP101287,Male,Yes,1,Graduate,No,4237,1558,96,360,0.0,Semiurban,N
LP101288,Male,Yes,0,Graduate,No,1873,2042,81,360,1.0,Rural,Y
LP101289,Male,No,1,Graduate,No,4027,1165,155,12,1.0,Urban,Y
LP101290,Male,Yes,0,Graduate,No,4997,2278,142,180,1.0,Semiurban,Y
LP101291,Male,Yes,0,Graduate,No,8719,1006,191,360,1.0,Rural,Y
LP101292,Male,Yes,2,Graduate,No,2769,2348,250,360,1.0,Rural,Y
LP101293,Male,Yes,3+,Not Graduate,No,11471,5682,514,360,1.0,Semiurban,Y
LP101294,Female,No,0,Graduate,No,5688,0,166,360,0.0,Urban,N
LP101295,Male,Yes,0,Graduate,No,1815,1971,165,360,1.0,Semiurban,Y
LP101296,Male,Yes,0,Graduate,No,2630,757,112,360,1.0,Semiurban,Y
LP101297,Male,Yes,3+,Graduate,No,9148,0,328,360,1.0,Semiurban,Y
LP101298,Male,Yes,2,Not Graduate,No,6493,3045,283,60,1.0,Rural,Y
LP101299,Male,No,0,Not Graduate,No,3310,0,95,360,1.0,Urban,N
LP101300,Male,Yes,0,Graduate,Yes,5002,3120,321,360,1.0,Urban,Y
LP101301,Female,Yes,0,Graduate,No,2207,2474,226,360,1.0,Semiurban,Y
LP101302,Male,Yes,0,Graduate,Yes,9527,0,436,360,1.0,Rural,Y
LP101303,Male,Yes,0,Graduate,No,2432,1077,67,180,1.0,Semiurban,Y
LP101304,Male,Yes,0,Graduate,Yes,7330,0,277,360,1.0,Rural,N
LP101305,Female,No,1,Not Graduate,No,6893,0,105,36,0.0,Rural,N
LP101306,Male,No,3+,Graduate,Yes,4729,0,176,360,1.0,Rural,Y
LP101307,Female,No,3+,Graduate,No,7129,0,223,360,0.0,Rural,N
LP101308,Male,No,0,Not Graduate,No,9053,0,291,360,1.0,Rural,Y
LP101309,Female,No,1,Graduate,No,4852,881,204,360,1.0,Rural,Y
LP101310,Male,Yes,2,Not Graduate,No,2976,0,122,120,1.0,Semiurban,N
LP101311,Female,No,0,Graduate,No,4036,0,164,360,1.0,Urban,Y
LP101312,Male,No,1,Not Graduate,No,2178,0,165,84,1.0,Urban,Y
LP101313,Female,No,0,Graduate,No,2748,0,112,360,1.0,Urban,N
LP101314,Male,Yes,0,Graduate,No,5341,0,235,120,1.0,Urban,Y
LP101315,Male,Yes,0,Graduate,No,3826,1317,89,360,1.0,Urban,Y
LP101316,Male,No,0,Graduate,No,5014,0,132,300,1.0,Rural,Y
LP101317,Male,No,1,Graduate,No,1845,4142,256,360,1.0,Semiurban,N
LP101318,Male,No,0,Not Graduate,No,3114,0,100,180,1.0,Urban,Y
LP101319,Male,Yes,0,Not Graduate,No,5774,0,227,360,1.0,Rural,Y
LP101320,Male,Yes,0,Graduate,No,2263,3862,200,360,1.0,Semiurban,Y
LP101321,Male,Yes,2,Graduate,Yes,4648,3171,385,360,1.0,Urban,Y
LP101322,Female,No,0,Graduate,No,1510,0,72,240,1.0,Rural,N
LP101323,Male,Yes,0,Graduate,No,2042,0,51,180,0.0,Urban,N
LP101324,Female,Yes,0,Graduate,No,6529,1435,227,360,0.0,Semiurban,N
LP101325,Male,No,0,Not Graduate,Yes,3041,3990,212,360,1.0,Urban,Y
LP101326,Male,Yes,0,Graduate,No,11406,1411,239,360,0.0,Semiurban,N
LP101327,Female,No,1,Graduate,No,5311,0,155,120,0.0,Rural,N
LP101328,Male,Yes,0,Graduate,No,5606,3700,392,360,1.0,Urban,Y
LP101329,Male,No,0,Not Graduate,No,1813,0,81,300,1.0,Rural,Y
LP101330,Male,Yes,1,Graduate,No,3388,0,156,360,0.0,Urban,N
LP101331,Male,No,0,Graduate,Yes,3078,1191,66,360,1.0,Semiurban,Y
LP101332,Male,No,0,Graduate,No,2330,0,99,120,1.0,Rural,Y
LP101333,Female,Yes,0,Graduate,No,6032,3917,324,360,1.0,Rural,Y
LP101334,Female,Yes,0,Graduate,No,6736,928,170,360,1.0,Urban,Y
LP101335,Male,Yes,1,Graduate,No,5214,4411,312,360,1.0,Urban,N
LP101336,Male,No,1,Graduate,No,2655,0,118,360,1.0,Semiurban,Y
LP101337,Male,No,1,Graduate,No,5022,2882,239,360,1.0,Urban,Y
LP101338,Male,Yes,1,Not Graduate,No,1144,661,90,360,1.0,Semiurban,Y
LP101339,Male,Yes,0,Graduate,No,8668,2053,392,360,1.0,Rural,N
LP101340,Male,Yes,0,Graduate,No,2050,879,94,360,1.0,Semiurban,N
LP101341,Male,No,0,Graduate,No,2261,0,57,240,1.0,Urban,N
LP101342,Female,No,0,Graduate,No,4461,0,69,360,1.0,Semiurban,Y
LP101343,Male,Yes,3+,Graduate,No,4685,1215,215,240,0.0,Rural,N
LP101344,Male,Yes,2,Graduate,No,4023,2755,239,360,1.0,Semiurban,Y
LP101345,Male,Yes,0,Graduate,No,2274,0,75,180,1.0,Semiurban,Y
LP101346,Male,Yes,0,Not Graduate,No,6112,3041,310,240,1.0,Urban,Y
LP101347,Male,Yes,0,Not Graduate,No,1296,1304,116,360,1.0,Urban,N
LP101348,Female,Yes,0,Graduate,No,1852,1245,81,12,1.0,Urban,Y
LP101349,Male,Yes,0,Graduate,No,3948,0,135,360,1.0,Semiurban,Y
LP101350,Female,Yes,0,Not Graduate,No,1635,963,101,360,1.0,Urban,Y
LP101351,Male,Yes,2,Graduate,No,8203,2535,240,360,1.0,Semiurban,Y
LP101352,Male,Yes,1,Graduate,No,2190,3383,264,360,1.0,Semiurban,Y
LP101353,Male,Yes,0,Not Graduate,No,7716,2784,428,240,1.0,Semiurban,Y
LP101354,Male,No,0,Not Graduate,No,5790,0,98,360,1.0,Urban,Y
LP101355,Female,No,0,Graduate,No,8259,630,402,360,1.0,Semiurban,Y
LP101356,Female,Yes,2,Graduate,No,11821,1515,634,360,1.0,Semiurban,Y
LP101357,Male,Yes,2,Graduate,No,4378,1744,262,180,1.0,Urban,Y
LP101358,Male,No,2,Not Graduate,No,1877,0,56,360,1.0,Urban,Y
LP101359,Male,No,0,Not Graduate,No,3096,0,154,360,1.0,Semiurban,N
LP101360,Female,Yes,1,Graduate,No,3066,502,69,360,1.0,Semiurban,Y
LP101361,Male,Yes,0,Graduate,Yes,3118,1094,142,360,1.0,Urban,Y
LP101362,Male,Yes,0,Graduate,No,4549,1344,124,300,0.0,Urban,N
LP101363,Male,Yes,0,Graduate,No,3527,0,107,360,1.0,Urban,Y
LP101364,Male,Yes,0,Not Graduate,No,2167,3573,272,360,1.0,Rural,Y
LP101365,Male,Yes,1,Graduate,No,3658,779,190,360,1.0,Semiurban,Y
LP101366,Male,No,0,Graduate,No,5663,0,240,360,1.0,Semiurban,Y
LP101367,Female,Yes,0,Graduate,No,7085,0,165,360,1.0,Rural,Y
LP101368,Male,Yes,0,Graduate,No,1734,4935,318,360,1.0,Semiurban,Y
LP101369,Male,Yes,0,Graduate,No,3544,1693,146,360,1.0,Semiurban,Y
LP101370,Female,Yes,0,Graduate,No,3874,1499,88,360,1.0,Urban,Y
LP101371,Male,Yes,0,Not Graduate,No,1710,2743,166,360,1.0,Semiurban,N
LP101372,Female,Yes,0,Graduate,No,3920,1092,139,360,1.0,Urban,Y
LP101373,Male,No,0,Not Graduate,Yes,3910,0,80,180,1.0,Semiurban,Y
LP101374,Male,Yes,3+,Graduate,No,5570,1497,337,60,1.0,Urban,N
LP101375,Female,No,0,Graduate,No,4369,0,163,360,1.0,Urban,Y
LP101376,Male,No,0,Graduate,No,2579,0,124,360,1.0,Urban,Y
LP101377,Male,Yes,0,Not Graduate,Yes,10901,1039,423,360,0.0,Semiurban,N
LP101378,Male,Yes,2,Graduate,No,6606,1782,145,360,1.0,Rural,Y
LP101379,Male,Yes,1,Graduate,No,5675,2450,130,60,1.0,Urban,Y
LP101380,Male,No,0,Not Graduate,No,5695,0,265,180,1.0,Rural,N
LP101381,Male,No,0,Graduate,No,4790,3846,141,360,1.0,Semiurban,Y
LP101382,Female,No,1,Not Graduate,No,6648,3260,362,240,1.0,Semiurban,Y
LP101383,Male,Yes,1,Not Graduate,No,3381,657,103,180,1.0,Urban,Y
LP101384,Male,No,1,Graduate,No,4191,0,164,360,1.0,Rural,N
LP101385,Male,Yes,2,Graduate,No,5938,3311,231,360,1.0,Urban,Y
LP101386,Male,Yes,2,Graduate,No,9964,0,162,360,0.0,Semiurban,N
LP101387,Male,Yes,0,Graduate,No,9618,2904,508,360,1.0,Semiurban,Y
LP101388,Female,Yes,0,Not Graduate,No,4540,849,139,360,1.0,Semiurban,Y
LP101389,Male,No,1,Not Graduate,No,4354,0,149,360,0.0,Urban,N
LP101390,Male,Yes,2,Graduate,No,6140,0,258,180,1.0,Semiurban,Y
LP101391,Male,Yes,0,Graduate,No,7200,0,285,120,1.0,Rural,Y
LP101392,Male,Yes,3+,Graduate,No,8553,2324,296,360,1.0,Rural,Y
LP101393,Male,No,0,Graduate,No,3676,0,151,360,1.0,Rural,Y
LP101394,Male,No,0,Graduate,No,8645,0,410,360,0.0,Urban,N
LP101395,Female,Yes,2,Graduate,No,5056,2564,277,120,1.0,Semiurban,Y
LP101396,Male,Yes,0,Graduate,Yes,6589,1908,337,360,1.0,Urban,Y
LP101397,Male,Yes,0,Graduate,No,8954,0,406,120,1.0,Rural,Y
LP101398,Male,No,0,Graduate,No,6315,0,281,300,1.0,Urban,Y
LP101399,Male,Yes,0,Graduate,No,6930,2038,245,360,1.0,Semiurban,Y
LP101400,Male,Yes,0,Not Graduate,Yes,2910,0,145,360,1.0,Rural,Y
LP101401,Male,Yes,0,Graduate,Yes,10500,2465,207,360,1.0,Semiurban,Y
LP101402,Male,Yes,0,Not Graduate,No,5285,2185,370,360,1.0,Semiurban,Y
LP101403,Male,No,3+,Graduate,No,4488,2153,157,360,1.0,Urban,Y
LP101404,Male,Yes,3+,Not Graduate,No,6004,1062,215,120,1.0,Semiurban,Y
LP101405,Male,Yes,0,Not Graduate,No,14962,0,687,360,1.0,Rural,Y
LP101406,Female,Yes,1,Graduate,No,2201,0,52,360,0.0,Semiurban,N
LP101407,Female,Yes,0,Graduate,No,2691,983,84,360,1.0,Urban,N
LP101408,Male,No,0,Not Graduate,No,14351,0,538,240,1.0,Urban,Y
LP101409,Female,Yes,0,Graduate,No,5295,1761,280,360,1.0,Urban,Y
LP101410,Male,No,3+,Not Graduate,No,3640,0,56,180,1.0,Semiurban,Y
LP101411,Male,No,3+,Not Graduate,No,3075,0,95,360,1.0,Urban,Y
LP101412,Male,Yes,0,Graduate,Yes,8953,808,314,360,1.0,Semiurban,Y
LP101413,Male,Yes,0,Graduate,No,17605,4517,542,240,1.0,Semiurban,Y
LP101414,Male,Yes,0,Graduate,No,2904,3821,229,360,1.0,Rural,N
LP101415,Female,No,0,Not Graduate,No,3107,3114,127,360,1.0,Urban,Y
LP101416,Male,Yes,0,Graduate,Yes,3798,2781,173,180,1.0,Rural,Y
LP101417,Male,Yes,0,Graduate,No,6266,0,250,240,1.0,Semiurban,Y
LP101418,Male,Yes,2,Graduate,No,8202,0,374,360,1.0,Urban,Y
LP101419,Female,No,0,Graduate,No,10212,0,364,360,1.0,Rural,Y
LP101420,Male,Yes,3+,Graduate,No,6383,1228,134,360,1.0,Urban,Y
LP101421,Male,Yes,1,Graduate,No,16737,1822,700,120,1.0,Semiurban,Y
LP101422,Male,Yes,0,Graduate,Yes,3358,2618,277,240,1.0,Urban,Y
LP101423,Male,Yes,0,Graduate,No,2646,315,97,360,1.0,Semiurban,Y
LP101424,Female,No,2,Not Graduate,No,7352,1378,282,360,0.0,Semiurban,N
LP101425,Female,Yes,0,Graduate,No,4480,2206,332,360,1.0,Urban,Y
LP101426,Male,No,0,Not Graduate,No,1537,1907,128,360,1.0,Semiurban,Y
LP101427,Female,No,3+,Not Graduate,No,2754,0,119,36,1.0,Semiurban,Y
LP101428,Male,Yes,0,Graduate,No,4819,2845,288,120,0.0,Rural,N
LP101429,Female,No,0,Graduate,Yes,3228,0,73,180,1.0,Urban,Y
LP101430,Male,Yes,0,Graduate,No,2396,960,84,360,1.0,Urban,N
LP101431,Male,Yes,2,Graduate,No,3735,4065,299,36,1.0,Semiurban,Y
LP101432,Male,No,0,Graduate,No,2332,0,72,120,1.0,Urban,Y
LP101433,Male,Yes,2,Not Graduate,No,4647,1395,176,360,1.0,Semiurban,Y
LP101434,Male,Yes,0,Graduate,No,1438,0,23,180,1.0,Urban,Y
LP101435,Male,Yes,0,Not Graduate,No,3444,3320,311,360,1.0,Urban,Y
LP101436,Male,No,1,Graduate,No,5572,0,256,360,1.0,Rural,Y
LP101437,Male,Yes,2,Graduate,No,3984,2747,210,84,1.0,Rural,Y
LP101438,Male,Yes,0,Not Graduate,No,5978,2658,341,360,1.0,Semiurban,Y
LP101439,Male,Yes,0,Graduate,No,1970,1650,77,360,1.0,Rural,Y
LP101440,Female,No,0,Graduate,No,2847,0,93,360,1.0,Semiurban,Y
LP101441,Male,No,1,Graduate,No,3492,0,106,60,1.0,Semiurban,Y
LP101442,Male,Yes,2,Graduate,No,6197,0,235,360,1.0,Rural,Y
LP101443,Male,No,1,Graduate,No,4722,1911,209,360,1.0,Semiurban,Y
LP101444,Female,Yes,3+,Graduate,No,13611,1609,494,360,1.0,Semiurban,Y
LP101445,Male,Yes,0,Graduate,Yes,2957,946,99,360,1.0,Semiurban,Y
LP101446,Male,Yes,2,Graduate,No,1944,2162,69,360,0.0,Rural,N
LP101447,Female,No,2,Not Graduate,No,8766,2045,509,360,1.0,Urban,Y
LP101448,Female,No,0,Graduate,No,1906,0,29,84,1.0,Urban,Y
LP101449,Male,No,3+,Graduate,Yes,6706,0,167,360,0.0,Urban,N
LP101450,Male,Yes,0,Graduate,No,2444,745,98,360,1.0,Urban,Y
LP101451,Male,No,2,Graduate,Yes,1476,1716,84,360,1.0,Urban,Y
LP101452,Female,Yes,2,Graduate,No,3407,2402,199,360,1.0,Rural,Y
LP101453,Male,Yes,2,Graduate,No,6867,6063,403,360,1.0,Semiurban,N
LP101454,Male,Yes,0,Graduate,Yes,2352,1945,103,84,1.0,Urban,Y
LP101455,Female,Yes,0,Graduate,Yes,6323,754,128,360,1.0,Rural,Y
LP101456,Male,Yes,0,Graduate,No,6370,1765,161,120,1.0,Semiurban,Y
LP101457,Male,Yes,0,Not Graduate,No,1628,4234,188,180,1.0,Semiurban,Y
LP101458,Male,Yes,2,Graduate,Yes,4064,1327,240,360,1.0,Urban,Y
LP101459,Male,Yes,2,Graduate,No,9968,3909,257,300,1.0,Rural,Y
LP101460,Male,Yes,2,Graduate,No,5988,2220,318,300,1.0,Urban,Y
LP101461,Male,Yes,0,Graduate,No,3626,0,155,360,1.0,Urban,Y
LP101462,Male,Yes,2,Not Graduate,No,4118,6096,252,300,1.0,Urban,Y
LP101463,Male,No,3+,Graduate,No,3160,0,121,360,1.0,Semiurban,Y
LP101464,Female,No,2,Not Graduate,No,6046,0,236,360,1.0,Semiurban,Y
LP101465,Male,No,0,Graduate,No,7724,0,307,360,0.0,Urban,N
LP101466,Female,Yes,0,Graduate,No,4475,1131,259,360,1.0,Urban,Y
LP101467,Male,No,0,Not Graduate,No,3720,0,108,360,1.0,Semiurban,Y
LP101468,Female,Yes,1,Graduate,No,2417,5511,187,120,1.0,Semiurban,Y
LP101469,Female,Yes,1,Not Graduate,Yes,1714,4451,210,360,1.0,Urban,Y
LP101470,Male,Yes,3+,Graduate,No,3404,602,69,360,0.0,Rural,N
LP101471,Male,No,0,Graduate,No,3991,0,165,60,0.0,Rural,N
LP101472,Female,Yes,0,Graduate,No,7512,3518,165,360,1.0,Urban,Y
LP101473,Male,Yes,1,Graduate,No,6954,1972,300,360,1.0,Semiurban,N
LP101474,Male,Yes,2,Graduate,No,4635,1977,200,300,1.0,Urban,Y
LP101475,Male,No,3+,Graduate,No,8059,780,215,300,0.0,Semiurban,N
LP101476,Female,Yes,2,Graduate,No,2492,1278,90,360,1.0,Semiurban,Y
LP101477,Male,Yes,0,Graduate,No,7573,885,197,360,1.0,Urban,Y
LP101478,Female,Yes,1,Graduate,No,2711,0,119,300,1.0,Semiurban,Y
LP101479,Male,Yes,2,Not Graduate,No,6480,0,321,360,1.0,Rural,N
LP101480,Female,No,0,Graduate,No,4156,0,140,360,1.0,Urban,Y
LP101481,Male,Yes,0,Graduate,No,1395,1266,47,360,1.0,Urban,Y
LP101482,Male,No,0,Graduate,No,6256,0,258,180,1.0,Urban,Y
LP101483,Male,Yes,0,Not Graduate,No,5115,3686,402,360,1.0,Semiurban,Y
LP101484,Male,No,0,Graduate,No,3257,0,155,360,1.0,Rural,Y
LP101485,Male,Yes,0,Not Graduate,No,2672,4702,273,360,1.0,Semiurban,Y
LP101486,Male,Yes,0,Not Graduate,No,3002,1495,147,360,1.0,Semiurban,Y
LP101487,Male,Yes,0,Graduate,No,1452,2601,149,360,1.0,Rural,Y
LP101488,Male,Yes,0,Graduate,No,1140,2651,59,360,1.0,Semiurban,Y
LP101489,Male,Yes,0,Not Graduate,No,6704,1166,299,240,1.0,Semiurban,Y
LP101490,Male,No,1,Graduate,Yes,2927,0,117,300,1.0,Semiurban,N
LP101491,Male,Yes,0,Graduate,No,11616,0,468,180,0.0,Rural,N
LP101492,Male,No,0,Not Graduate,No,6963,2499,328,360,1.0,Urban,Y
LP101493,Male,No,0,Graduate,Yes,10906,0,431,360,1.0,Urban,Y
LP101494,Male,Yes,0,Not Graduate,Yes,2521,0,94,360,0.0,Urban,N
LP101495,Male,No,0,Not Graduate,No,1353,0,26,360,1.0,Rural,N
LP101496,Male,No,0,Graduate,No,2303,0,107,180,1.0,Semiurban,Y
LP101497,Male,Yes,2,Graduate,No,3275,0,121,360,1.0,Urban,Y
LP101498,Male,No,1,Graduate,No,1135,2082,130,84,0.0,Rural,Y
LP101499,Female,Yes,0,Graduate,No,3224,2010,141,180,1.0,Rural,Y
LP101500,Male,Yes,0,Not Graduate,No,2933,0,138,12,0.0,Rural,N
LP101501,Male,No,3+,Not Graduate,No,1608,0,52,360,1.0,Urban,Y
LP101502,Male,Yes,1,Graduate,No,2363,710,119,360,1.0,Rural,Y
LP101503,Male,Yes,0,Graduate,No,3709,1657,259,360,1.0,Urban,Y
LP101504,Male,Yes,1,Graduate,No,5093,3802,419,360,1.0,Urban,Y
LP101505,Male,No,2,Graduate,No,2565,0,96,360,1.0,Semiurban,Y
LP101506,Male,No,2,Graduate,No,4917,0,102,360,1.0,Semiurban,Y
LP101507,Male,Yes,0,Not Graduate,Yes,3886,0,188,360,1.0,Urban,N
LP101508,Male,No,0,Graduate,No,4296,0,212,360,1.0,Semiurban,Y
LP101509,Male,No,0,Not Graduate,No,2289,0,43,36,1.0,Rural,Y
LP101510,Female,Yes,3+,Graduate,No,2011,2539,140,360,1.0,Urban,Y
LP101511,Male,Yes,1,Graduate,No,10645,710,388,120,1.0,Urban,Y
LP101512,Female,No,0,Graduate,Yes,6514,3641,185,360,1.0,Urban,Y
LP101513,Male,No,2,Not Graduate,No,5698,0,123,240,1.0,Rural,Y
LP101514,Male,No,2,Graduate,No,3999,0,135,360,1.0,Urban,Y
LP101515,Male,Yes,3+,Graduate,No,3826,0,186,360,1.0,Semiurban,Y
LP101516,Male,Yes,2,Graduate,No,5484,0,88,360,1.0,Urban,Y
LP101517,Female,Yes,3+,Graduate,No,1526,1017,119,120,1.0,Rural,N
LP101518,Male,Yes,0,Graduate,No,2268,1032,153,360,1.0,Urban,Y
LP101519,Female,Yes,2,Graduate,No,2700,1208,176,360,0.0,Semiurban,N
LP101520,Male,No,2,Graduate,No,3261,0,92,360,1.0,Semiurban,Y
LP101521,Female,Yes,0,Graduate,No,2581,0,83,300,1.0,Rural,Y
LP101522,Male,Yes,0,Graduate,No,5028,0,146,360,1.0,Urban,Y
LP101523,Male,Yes,3+,Not Graduate,No,3427,0,165,360,1.0,Semiurban,Y
LP101524,Male,Yes,0,Graduate,No,9008,1446,348,360,0.0,Urban,N
LP101525,Male,Yes,2,Graduate,No,16323,1488,317,360,0.0,Rural,Y
LP101526,Male,Yes,0,Graduate,No,2091,1260,82,360,1.0,Semiurban,Y
LP101527,Male,Yes,0,Graduate,No,4540,1266,181,360,1.0,Semiurban,Y
LP101528,Female,No,0,Graduate,Yes,4990,0,241,360,1.0,Semiurban,Y
LP101529,Male,No,0,Not Graduate,No,3251,0,114,360,1.0,Urban,Y
LP101530,Male,Yes,1,Graduate,No,2306,618,115,360,1.0,Urban,Y
LP101531,Male,Yes,0,Graduate,No,2528,0,46,120,1.0,Semiurban,Y
LP101532,Male,No,0,Graduate,No,4779,1428,284,120,1.0,Rural,Y
LP101533,Male,Yes,0,Graduate,No,2489,1860,147,360,1.0,Urban,Y
LP101534,Male,Yes,0,Not Graduate,No,3577,1597,244,360,1.0,Rural,Y
LP101535,Male,Yes,0,Not Graduate,No,2862,1726,140,360,0.0,Urban,N
LP101536,Male,No,2,Graduate,No,4526,0,176,120,1.0,Rural,Y
LP101537,Male,Yes,0,Graduate,No,2479,888,106,60,1.0,Urban,Y
LP101538,Male,Yes,0,Not Graduate,No,3573,754,86,360,1.0,Urban,Y
LP101539,Male,No,0,Graduate,No,2579,0,63,180,1.0,Semiurban,Y
LP101540,Male,Yes,0,Graduate,No,4574,1484,105,360,1.0,Semiurban,Y
LP101541,Male,Yes,0,Not Graduate,No,6845,2479,284,360,1.0,Semiurban,Y
LP101542,Male,Yes,0,Graduate,No,4833,0,182,360,0.0,Semiurban,N
LP101543,Male,No,0,Graduate,No,4998,0,118,360,1.0,Semiurban,Y
LP101544,Female,Yes,3+,Not Graduate,No,5136,0,165,180,1.0,Urban,Y
LP101545,Male,No,2,Graduate,No,2128,1082,100,180,0.0,Urban,N
LP101546,Female,No,0,Graduate,No,10777,0,363,60,1.0,Urban,Y
LP101547,Male,Yes,0,Graduate,No,2343,0,50,360,1.0,Semiurban,Y
LP101548,Male,No,0,Graduate,No,6793,0,229,360,1.0,Semiurban,Y
LP101549,Male,Yes,1,Graduate,No,6314,1973,165,360,1.0,Semiurban,Y
LP101550,Female,Yes,3+,Graduate,Yes,2804,1031,96,360,1.0,Semiurban,Y
LP101551,Male,Yes,0,Graduate,No,7293,0,259,360,1.0,Urban,Y
LP101552,Female,Yes,0,Not Graduate,No,4309,0,87,120,0.0,Rural,N
LP101553,Female,Yes,1,Graduate,No,11840,1523,622,360,1.0,Urban,Y
LP101554,Male,Yes,2,Not Graduate,No,3645,3667,349,36,1.0,Semiurban,Y
LP101555,Male,Yes,2,Graduate,Yes,4339,1442,220,360,1.0,Urban,Y
LP101556,Male,No,1,Not Graduate,No,2469,0,63,180,0.0,Semiurban,N
LP101557,Male,Yes,3+,Graduate,Yes,1766,0,65,12,1.0,Semiurban,N
LP101558,Female,No,0,Graduate,No,3515,4835,301,360,1.0,Semiurban,Y
LP101559,Female,Yes,2,Graduate,No,3598,2219,167,360,1.0,Semiurban,Y
LP101560,Male,Yes,3+,Graduate,No,4836,0,121,180,1.0,Urban,N
LP101561,Male,Yes,2,Graduate,No,1914,1094,63,240,1.0,Urban,Y
LP101562,Female,Yes,0,Graduate,No,3671,3095,153,360,1.0,Semiurban,Y
LP101563,Male,Yes,0,Not Graduate,No,4499,0,170,360,1.0,Rural,Y
LP101564,Female,No,0,Not Graduate,No,4751,1645,294,360,0.0,Semiurban,N
LP101565,Male,No,0,Not Graduate,No,1178,0,34,360,1.0,Urban,Y
LP101566,Male,No,2,Graduate,No,6175,0,119,300,1.0,Semiurban,Y
LP101567,Male,Yes,0,Not Graduate,Yes,3147,0,49,360,1.0,Semiurban,Y
LP101568,Male,No,0,Not Graduate,No,2960,0,86,120,1.0,Semiurban,Y
LP101569,Male,Yes,2,Graduate,No,1141,1512,61,240,0.0,Rural,N
LP101570,Male,Yes,0,Graduate,Yes,10473,1529,316,120,1.0,Semiurban,Y
LP101571,Male,No,0,Graduate,No,4615,0,108,360,1.0,Urban,Y
LP101572,Male,Yes,0,Graduate,No,1803,4825,253,360,1.0,Urban,Y
LP101573,Female,Yes,1,Graduate,No,5147,2053,269,60,1.0,Semiurban,Y
LP101574,Male,Yes,0,Graduate,No,5061,2250,343,360,1.0,Semiurban,Y
LP101575,Male,Yes,2,Graduate,No,8202,1378,378,360,1.0,Urban,Y
LP101576,Male,Yes,0,Graduate,Yes,3884,0,81,240,1.0,Rural,Y
LP101577,Male,Yes,2,Graduate,No,4215,1113,220,360,1.0,Urban,Y
LP101578,Male,Yes,0,Graduate,No,2940,0,63,360,1.0,Semiurban,Y
LP101579,Male,Yes,0,Not Graduate,No,4553,0,165,84,1.0,Urban,Y
LP101580,Male,Yes,0,Not Graduate,No,2130,3123,93,180,1.0,Rural,N
LP101581,Male,Yes,0,Graduate,No,2562,1286,64,360,1.0,Rural,Y
LP101582,Male,Yes,0,Graduate,No,4034,3530,236,360,0.0,Urban,N
LP101583,Male,Yes,0,Graduate,No,2134,6275,157,360,1.0,Rural,Y
LP101584,Female,No,0,Graduate,No,10107,0,260,360,1.0,Urban,Y
LP101585,Male,No,1,Graduate,No,12085,0,325,360,1.0,Semiurban,Y
LP101586,Male,No,0,Graduate,No,3263,0,137,360,0.0,Rural,N
LP101587,Male,No,0,Not Graduate,No,1528,0,41,300,1.0,Semiurban,Y
LP101588,Male,No,2,Graduate,No,5039,0,163,360,1.0,Rural,Y
LP101589,Male,Yes,3+,Graduate,Yes,3533,2699,262,360,1.0,Rural,N
LP101590,Male,No,0,Graduate,Yes,8788,0,195,180,1.0,Rural,Y
LP101591,Female,Yes,0,Graduate,No,2716,2224,213,180,0.0,Urban,N
LP101592,Male,Yes,3+,Graduate,No,5649,2207,347,360,0.0,Urban,N
LP101593,Male,Yes,0,Graduate,No,4458,2004,321,360,1.0,Semiurban,Y
LP101594,Male,Yes,3+,Graduate,No,2887,2164,154,300,1.0,Semiurban,Y
LP101595,Male,Yes,0,Graduate,No,4778,959,160,360,1.0,Semiurban,Y
LP101596,Male,No,2,Graduate,No,6788,0,269,180,0.0,Urban,N
LP101597,Male,Yes,0,Graduate,Yes,4831,836,97,300,1.0,Rural,Y
LP101598,Male,Yes,3+,Graduate,No,4417,1482,97,360,1.0,Rural,Y
LP101599,Female,Yes,0,Not Graduate,No,2028,0,54,360,1.0,Semiurban,Y
LP101600,Male,Yes,1,Graduate,No,7856,1349,373,180,1.0,Urban,Y
LP101601,Male,Yes,0,Graduate,Yes,8181,0,156,360,1.0,Urban,Y
LP101602,Male,Yes,0,Graduate,No,3341,0,124,360,1.0,Urban,Y
LP101603,Male,Yes,2,Graduate,No,3910,1651,136,300,0.0,Semiurban,N
LP101604,Male,Yes,0,Graduate,No,9114,1553,403,360,1.0,Rural,N
LP101605,Male,No,3+,Graduate,No,2245,0,70,360,1.0,Urban,Y
LP101606,Male,No,0,Graduate,No,5838,0,111,180,1.0,Semiurban,Y
LP101607,Female,Yes,2,Graduate,No,3080,3973,167,120,0.0,Semiurban,N
LP101608,Male,Yes,0,Graduate,Yes,12247,4010,369,360,1.0,Urban,Y
LP101609,Male,Yes,3+,Not Graduate,No,3393,2500,122,360,1.0,Semiurban,Y
LP101610,Female,No,3+,Graduate,No,8375,0,263,120,0.0,Semiurban,N
LP101611,Male,Yes,0,Graduate,Yes,3030,0,147,360,1.0,Rural,Y
LP101612,Male,Yes,2,Graduate,No,2107,1339,131,360,1.0,Semiurban,Y
LP101613,Male,No,2,Graduate,No,3681,0,163,360,0.0,Semiurban,N
LP101614,Male,Yes,0,Graduate,No,4838,1280,302,360,0.0,Urban,N
LP101615,Male,Yes,1,Graduate,No,3162,3446,224,360,0.0,Urban,N
LP101616,Female,Yes,0,Graduate,No,6354,3191,223,240,1.0,Urban,Y
LP101617,Male,No,2,Not Graduate,No,2919,0,139,360,1.0,Urban,N
LP101618,Male,No,0,Graduate,No,1333,0,53,240,1.0,Urban,N
LP101619,Male,No,0,Graduate,No,5675,0,276,240,1.0,Urban,Y
LP101620,Male,Yes,0,Graduate,Yes,2835,2474,201,360,0.0,Semiurban,N
LP101621,Male,Yes,0,Graduate,No,3432,0,145,360,0.0,Semiurban,N
LP101622,Male,No,2,Not Graduate,No,7699,0,355,60,0.0,Urban,N
LP101623,Female,No,3+,Graduate,Yes,12211,1168,556,360,1.0,Urban,Y
LP101624,Male,Yes,0,Not Graduate,Yes,2627,1934,158,360,1.0,Semiurban,Y
LP101625,Male,No,0,Graduate,Yes,6329,1943,261,360,0.0,Urban,Y
LP101626,Male,Yes,1,Graduate,No,3090,2847,260,120,1.0,Semiurban,N
LP101627,Male,Yes,0,Not Graduate,No,2799,1338,174,360,1.0,Semiurban,Y
LP101628,Male,No,0,Graduate,No,3001,2085,142,360,1.0,Urban,Y
LP101629,Male,Yes,0,Graduate,No,1622,0,53,240,1.0,Urban,Y
LP101630,Male,No,0,Graduate,No,4412,0,164,84,0.0,Urban,N
LP101631,Male,Yes,0,Graduate,No,4906,2018,111,360,1.0,Urban,Y
LP101632,Male,Yes,2,Graduate,Yes,3184,861,96,360,1.0,Rural,Y
LP101633,Female,No,0,Graduate,No,7616,0,181,120,0.0,Urban,N
LP101634,Female,No,2,Graduate,Yes,3624,1136,219,120,0.0,Semiurban,N
LP101635,Male,Yes,0,Graduate,No,2949,1453,117,360,1.0,Semiurban,Y
LP101636,Male,Yes,0,Graduate,No,5593,985,224,360,1.0,Urban,Y
LP101637,Male,Yes,2,Graduate,No,1792,1933,164,360,1.0,Urban,N
LP101638,Female,Yes,0,Graduate,No,6894,3843,259,360,0.0,Rural,N
LP101639,Male,No,0,Not Graduate,No,2627,3089,110,120,1.0,Rural,Y
LP101640,Male,No,1,Graduate,No,7215,0,348,360,1.0,Urban,Y
LP101641,Female,Yes,0,Graduate,No,8504,3609,480,360,1.0,Urban,Y
LP101642,Male,Yes,2,Graduate,No,5954,1147,151,360,1.0,Semiurban,Y
LP101643,Male,Yes,0,Graduate,No,2679,1519,183,120,0.0,Urban,Y
LP101644,Male,No,1,Graduate,No,2104,2890,212,180,1.0,Urban,Y
LP101645,Male,Yes,0,Graduate,No,1903,0,84,360,0.0,Urban,N
LP101646,Male,Yes,0,Graduate,No,7680,1553,228,360,1.0,Semiurban,Y
LP101647,Female,Yes,3+,Not Graduate,No,3043,6109,281,360,1.0,Urban,Y
LP101648,Female,Yes,2,Not Graduate,No,2357,2116,176,360,1.0,Semiurban,Y
LP101649,Male,Yes,0,Not Graduate,No,3047,5757,252,360,1.0,Semiurban,Y
LP101650,Male,Yes,0,Graduate,No,7586,669,144,360,1.0,Semiurban,Y
LP101651,Male,No,0,Graduate,No,6426,0,127,360,0.0,Urban,N
LP101652,Male,No,1,Graduate,No,5329,0,191,360,1.0,Semiurban,Y
LP101653,Male,No,2,Graduate,No,5947,2114,227,240,1.0,Semiurban,Y
LP101654,Male,Yes,1,Graduate,No,4623,0,70,240,0.0,Urban,N
LP101655,Female,Yes,0,Not Graduate,No,3869,1741,235,360,0.0,Urban,N
LP101656,Male,Yes,2,Graduate,No,4728,8811,401,360,1.0,Urban,Y
LP101657,Male,Yes,0,Not Graduate,No,3277,2317,145,360,1.0,Urban,Y
LP101658,Male,No,0,Not Graduate,No,4959,0,198,360,1.0,Rural,Y
LP101659,Male,Yes,0,Graduate,No,5108,1358,200,360,1.0,Semiurban,Y
LP101660,Male,Yes,3+,Graduate,No,2580,0,101,360,1.0,Urban,Y
LP101661,Male,No,2,Graduate,No,5601,0,87,180,1.0,Semiurban,Y
LP101662,Female,No,0,Graduate,No,4797,0,74,360,1.0,Urban,Y
LP101663,Male,Yes,1,Graduate,No,5861,0,203,360,1.0,Urban,Y
LP101664,Female,Yes,0,Not Graduate,No,3094,0,153,360,1.0,Urban,N
LP101665,Female,Yes,0,Graduate,Yes,7198,2085,228,180,1.0,Semiurban,Y
LP101666,Male,Yes,0,Graduate,No,4048,730,186,300,1.0,Urban,Y
LP101667,Female,Yes,3+,Graduate,No,6235,715,146,360,0.0,Urban,N
LP101668,Male,Yes,2,Graduate,No,3257,2099,139,360,0.0,Urban,N
LP101669,Female,No,0,Graduate,No,3384,0,60,360,1.0,Urban,Y
LP101670,Male,Yes,0,Graduate,No,5831,4443,471,360,1.0,Semiurban,Y
LP101671,Female,Yes,0,Not Graduate,No,2730,1172,101,360,1.0,Rural,Y
LP101672,Female,Yes,0,Graduate,No,14086,808,344,360,1.0,Semiurban,Y
LP101673,Female,Yes,3+,Graduate,No,5718,3497,374,180,1.0,Semiurban,Y
LP101674,Female,No,0,Graduate,No,4245,1226,120,360,1.0,Rural,Y
LP101675,Male,Yes,2,Graduate,No,6573,776,172,180,1.0,Urban,Y
LP101676,Male,Yes,0,Graduate,No,3214,1486,88,360,0.0,Urban,N
LP101677,Male,Yes,0,Graduate,No,6956,0,339,12,1.0,Semiurban,Y
LP101678,Male,No,0,Graduate,No,6851,0,162,360,1.0,Urban,Y
LP101679,Male,Yes,2,Graduate,No,8343,3359,583,360,0.0,Semiurban,N
LP101680,Male,No,1,Graduate,No,3286,1284,97,84,1.0,Urban,Y
LP101681,Female,Yes,1,Graduate,No,2137,4623,106,360,1.0,Urban,Y
LP101682,Male,Yes,0,Graduate,No,2993,2154,239,360,1.0,Semiurban,Y
LP101683,Female,Yes,0,Not Graduate,Yes,3087,0,109,360,1.0,Rural,Y
LP101684,Male,No,0,Graduate,No,10475,0,286,360,1.0,Semiurban,Y
LP101685,Female,No,0,Graduate,No,14003,0,462,360,1.0,Urban,Y
LP101686,Female,Yes,1,Graduate,No,5061,2815,190,360,1.0,Semiurban,Y
LP101687,Male,Yes,0,Graduate,No,4209,0,157,360,1.0,Urban,Y
LP101688,Male,Yes,1,Graduate,No,3454,3491,254,120,1.0,Urban,Y
LP101689,Male,Yes,0,Graduate,No,6590,2109,155,360,1.0,Urban,Y
LP101690,Male,Yes,0,Graduate,No,13953,3555,700,360,0.0,Semiurban,Y
LP101691,Male,No,0,Not Graduate,No,8750,0,272,360,1.0,Rural,Y
LP101692,Male,No,0,Graduate,No,7829,2775,231,36,1.0,Semiurban,Y
LP101693,Male,Yes,2,Not Graduate,No,6078,1889,205,120,0.0,Urban,N
LP101694,Male,Yes,1,Graduate,No,6618,1908,386,360,1.0,Urban,Y
LP101695,Male,No,0,Graduate,No,4080,339,126,180,1.0,Urban,Y
LP101696,Male,No,0,Not Graduate,No,2185,0,76,360,1.0,Rural,Y
LP101697,Male,Yes,2,Not Graduate,No,3240,0,156,240,1.0,Semiurban,Y
LP101698,Female,Yes,1,Graduate,No,5282,0,200,360,1.0,Urban,Y
LP101699,Male,Yes,1,Graduate,No,1882,1286,122,360,1.0,Semiurban,Y
LP101700,Female,Yes,0,Graduate,No,3849,2206,144,360,1.0,Semiurban,Y
LP101701,Male,Yes,0,Graduate,Yes,2924,1784,181,180,1.0,Rural,Y
LP101702,Male,Yes,3+,Graduate,No,7313,3022,297,360,1.0,Rural,Y
LP101703,Male,Yes,2,Graduate,No,3095,0,145,360,1.0,Urban,Y
LP101704,Male,Yes,0,Not Graduate,No,3925,3057,136,180,1.0,Semiurban,Y
LP101705,Male,Yes,2,Graduate,No,2849,0,71,360,1.0,Semiurban,Y
LP101706,Male,Yes,2,Graduate,No,10082,1906,208,360,1.0,Urban,Y
LP101707,Male,No,0,Not Graduate,No,1286,0,36,180,1.0,Semiurban,Y
LP101708,Male,No,0,Graduate,No,5440,0,110,240,0.0,Semiurban,N
LP101709,Male,Yes,0,Graduate,No,2074,1382,154,180,0.0,Urban,N
LP101710,Male,Yes,0,Graduate,No,3164,3059,295,360,1.0,Semiurban,Y
LP101711,Male,No,1,Graduate,No,4690,0,180,360,1.0,Semiurban,Y
LP101712,Female,Yes,0,Graduate,No,4818,2880,143,120,0.0,Urban,N
LP101713,Male,Yes,2,Graduate,No,4750,1389,165,360,0.0,Urban,N
LP101714,Male,Yes,3+,Graduate,No,4552,2757,356,360,1.0,Semiurban,Y
LP101715,Female,Yes,0,Graduate,No,2942,0,58,360,1.0,Urban,Y
LP101716,Male,Yes,0,Graduate,No,3826,2466,217,360,1.0,Rural,N
LP101717,Male,No,2,Graduate,No,4261,0,117,360,1.0,Urban,Y
LP101718,Female,Yes,2,Not Graduate,No,3649,2063,285,300,1.0,Urban,Y
LP101719,Male,Yes,0,Graduate,No,4039,1159,130,360,1.0,Urban,Y
LP101720,Male,No,0,Graduate,No,6254,0,104,120,1.0,Semiurban,Y
LP101721,Male,Yes,0,Graduate,Yes,4849,2196,279,360,1.0,Semiurban,N
LP101722,Male,Yes,1,Graduate,No,4677,2777,197,360,1.0,Semiurban,Y
LP101723,Male,Yes,3+,Graduate,No,3392,0,129,360,1.0,Urban,Y
LP101724,Male,Yes,0,Graduate,No,2347,3318,106,180,1.0,Rural,Y
LP101725,Male,Yes,3+,Not Graduate,Yes,3923,0,131,360,1.0,Urban,Y
LP101726,Male,Yes,0,Graduate,No,8134,701,249,360,1.0,Urban,Y
LP101727,Female,Yes,3+,Graduate,No,5345,1962,247,300,1.0,Urban,Y
LP101728,Female,No,1,Not Graduate,No,2090,6853,401,360,1.0,Urban,Y
LP101729,Male,Yes,0,Graduate,No,6554,4126,524,12,1.0,Urban,Y
LP101730,Male,Yes,1,Graduate,No,3482,1230,195,180,1.0,Urban,N
LP101731,Male,Yes,0,Graduate,No,6203,2723,373,360,1.0,Urban,Y
LP101732,Male,Yes,0,Graduate,No,3418,0,115,360,1.0,Rural,Y
LP101733,Male,Yes,0,Not Graduate,No,3980,2581,121,360,1.0,Urban,Y
LP101734,Male,No,0,Graduate,No,3148,0,121,360,1.0,Rural,Y
LP101735,Female,Yes,0,Not Graduate,No,2499,0,50,360,1.0,Semiurban,Y
LP101736,Male,Yes,2,Graduate,No,1769,0,42,360,1.0,Urban,Y
LP101737,Male,No,1,Graduate,No,5549,0,221,360,1.0,Semiurban,Y
LP101738,Male,Yes,0,Graduate,No,5133,0,195,360,1.0,Semiurban,Y
LP101739,Male,Yes,2,Graduate,Yes,5823,1076,179,360,1.0,Urban,Y
LP101740,Female,No,1,Graduate,No,4872,0,205,360,1.0,Rural,Y
LP101741,Male,No,3+,Graduate,No,2753,0,132,180,1.0,Semiurban,Y
LP101742,Male,No,1,Not Graduate,No,5574,0,190,360,0.0,Rural,N
LP101743,Male,Yes,0,Graduate,No,7229,7743,580,300,0.0,Rural,N
LP101744,Male,Yes,0,Graduate,No,2714,0,67,360,0.0,Urban,N
LP101745,Male,No,1,Graduate,No,5611,0,275,180,1.0,Urban,Y
LP101746,Male,Yes,0,Graduate,No,6775,2389,225,360,1.0,Urban,Y
LP101747,Male,Yes,0,Graduate,No,3233,809,186,360,1.0,Rural,Y
LP101748,Male,No,0,Graduate,No,3558,0,169,360,1.0,Rural,N
LP101749,Male,Yes,0,Graduate,No,5617,2453,324,180,1.0,Semiurban,Y
LP101750,Male,No,0,Not Graduate,No,1428,0,62,360,1.0,Urban,Y
LP101751,Male,Yes,0,Graduate,No,2301,2355,144,360,1.0,Urban,Y
LP101752,Male,Yes,0,Graduate,No,2429,2584,237,360,0.0,Rural,N
LP101753,Male,Yes,1,Graduate,No,1559,4727,258,360,1.0,Rural,Y
LP101754,Female,No,1,Graduate,No,7604,0,201,360,1.0,Urban,Y
LP101755,Female,Yes,0,Graduate,No,1403,1057,165,360,1.0,Urban,Y
LP101756,Female,Yes,0,Graduate,Yes,5562,917,220,360,1.0,Urban,Y
LP101757,Male,No,0,Graduate,No,6543,2125,385,360,0.0,Urban,N
LP101758,Male,No,0,Not Graduate,No,2788,574,152,360,1.0,Rural,Y
LP101759,Male,No,0,Graduate,No,2899,2950,259,360,1.0,Semiurban,Y
LP101760,Male,Yes,0,Graduate,No,4759,0,107,360,1.0,Semiurban,Y
LP101761,Female,Yes,1,Graduate,No,4191,2491,200,360,1.0,Semiurban,Y
LP101762,Male,No,0,Not Graduate,No,5691,0,208,360,1.0,Urban,Y
LP101763,Male,Yes,0,Graduate,No,986,2329,127,360,1.0,Urban,Y
LP101764,Male,Yes,0,Not Graduate,No,1977,0,53,360,1.0,Rural,Y
LP101765,Male,Yes,1,Not Graduate,No,4463,2253,264,300,1.0,Semiurban,N
LP101766,Male,No,2,Graduate,Yes,4735,892,165,240,1.0,Urban,Y
LP101767,Male,Yes,2,Not Graduate,Yes,5451,2215,267,360,1.0,Urban,Y
LP101768,Male,No,0,Graduate,Yes,5320,0,203,36,1.0,Urban,Y
LP101769,Male,Yes,0,Graduate,No,3888,2309,224,360,1.0,Urban,Y
LP101770,Male,Yes,0,Graduate,No,3546,2169,119,360,1.0,Semiurban,Y
LP101771,Female,Yes,2,Graduate,No,15041,5095,700,300,1.0,Semiurban,Y
LP101772,Female,Yes,0,Graduate,No,9740,0,228,360,0.0,Semiurban,N
LP101773,Female,Yes,3+,Graduate,No,5499,3408,366,360,1.0,Rural,Y
LP101774,Female,Yes,1,Graduate,No,4372,1454,123,360,1.0,Semiurban,Y
LP101775,Male,Yes,1,Not Graduate,No,4406,3835,314,360,1.0,Semiurban,Y
LP101776,Male,No,0,Graduate,No,6598,0,306,360,1.0,Urban,Y
LP101777,Male,No,1,Graduate,No,5272,0,81,360,1.0,Rural,N
LP101778,Male,No,0,Not Graduate,No,2168,0,107,360,1.0,Semiurban,N
LP101779,Female,Yes,0,Graduate,No,11173,3593,237,360,1.0,Urban,Y
LP101780,Male,Yes,0,Graduate,No,4794,656,84,360,1.0,Semiurban,Y
LP101781,Female,Yes,2,Graduate,No,12675,1533,640,360,1.0,Semiurban,Y
LP101782,Male,No,0,Graduate,Yes,5105,2899,319,180,0.0,Rural,Y
LP101783,Male,No,0,Graduate,No,3658,0,68,120,1.0,Rural,Y
LP101784,Male,No,0,Graduate,No,8965,0,429,360,1.0,Semiurban,Y
LP101785,Female,Yes,1,Graduate,No,4941,587,213,360,1.0,Semiurban,Y
LP101786,Male,Yes,1,Graduate,No,4506,0,85,360,1.0,Urban,Y
LP101787,Male,Yes,1,Graduate,No,2164,3004,233,360,1.0,Semiurban,Y
LP101788,Male,Yes,0,Graduate,No,6020,0,192,360,1.0,Semiurban,Y
LP101789,Male,Yes,0,Graduate,No,3192,915,102,360,1.0,Semiurban,Y
LP101790,Male,No,1,Graduate,No,3273,0,144,360,1.0,Semiurban,Y
LP101791,Male,Yes,0,Not Graduate,No,2502,0,165,360,1.0,Rural,Y
LP101792,Male,Yes,3+,Not Graduate,No,4172,1040,192,360,1.0,Urban,Y
LP101793,Male,Yes,1,Not Graduate,No,1408,2171,166,360,1.0,Urban,Y
LP101794,Male,No,0,Graduate,No,3729,0,168,360,1.0,Semiurban,Y
LP101795,Male,Yes,0,Not Graduate,Yes,6180,0,142,84,1.0,Rural,Y
LP101796,Male,No,2,Graduate,No,2110,2221,198,60,1.0,Rural,Y
LP101797,Male,No,0,Graduate,No,4605,0,129,360,1.0,Semiurban,Y
LP101798,Male,Yes,0,Graduate,No,2959,3119,183,300,1.0,Rural,Y
LP101799,Male,Yes,1,Not Graduate,No,2624,3423,296,180,1.0,Semiurban,Y
LP101800,Female,Yes,0,Graduate,No,10406,2341,530,360,1.0,Urban,Y
LP101801,Male,Yes,2,Graduate,No,1689,2562,112,360,1.0,Rural,Y
LP101802,Male,No,0,Graduate,No,6380,0,240,360,1.0,Urban,Y
LP101803,Male,No,2,Graduate,No,3219,0,109,360,1.0,Urban,Y
LP101804,Male,Yes,0,Graduate,No,3132,1892,96,360,1.0,Semiurban,Y
LP101805,Male,Yes,0,Graduate,No,2272,1140,157,120,1.0,Urban,Y
LP101806,Male,Yes,2,Graduate,No,6339,2181,373,360,1.0,Urban,Y
LP101807,Male,Yes,1,Graduate,No,3769,0,159,360,1.0,Urban,Y
LP101808,Male,Yes,0,Graduate,No,3516,0,122,240,1.0,Urban,Y
LP101809,Male,Yes,0,Graduate,No,4448,1042,165,240,1.0,Urban,Y
LP101810,Male,Yes,1,Graduate,No,3813,3148,320,240,1.0,Semiurban,Y
LP101811,Male,No,0,Graduate,No,1393,0,38,180,1.0,Rural,Y
LP101812,Male,Yes,3+,Graduate,No,3196,0,50,360,1.0,Rural,Y
LP101813,Male,Yes,3+,Graduate,Yes,7537,1235,433,360,1.0,Rural,Y
LP101814,Male,Yes,1,Graduate,No,1828,0,83,360,1.0,Semiurban,Y
LP101815,Female,No,0,Not Graduate,No,1799,0,66,360,0.0,Semiurban,N
LP101816,Male,Yes,0,Graduate,No,3311,4078,114,360,0.0,Urban,N
LP101817,Male,Yes,1,Graduate,No,2809,0,65,360,1.0,Urban,Y
LP101818,Male,Yes,0,Graduate,No,4123,862,154,360,1.0,Semiurban,Y
LP101819,Male,No,0,Graduate,No,2295,0,85,360,1.0,Semiurban,Y
LP101820,Male,Yes,0,Not Graduate,No,2647,0,105,360,1.0,Rural,Y
LP101821,Male,No,0,Graduate,No,4078,6488,450,360,1.0,Semiurban,Y
LP101822,Male,No,0,Graduate,No,5983,0,206,360,0.0,Urban,N
LP101823,Male,No,0,Not Graduate,Yes,7148,0,271,360,1.0,Rural,N
LP101824,Male,Yes,2,Graduate,Yes,3989,2193,268,360,1.0,Semiurban,Y
LP101825,Male,Yes,0,Graduate,No,11828,0,475,360,1.0,Rural,Y
LP101826,Male,Yes,0,Graduate,No,3784,0,183,60,1.0,Rural,Y
LP101827,Female,No,0,Graduate,No,6605,0,301,360,1.0,Urban,Y
LP101828,Female,Yes,0,Not Graduate,No,9480,2077,242,360,1.0,Urban,Y
LP101829,Male,Yes,0,Graduate,Yes,4973,0,239,360,1.0,Urban,Y
LP101830,Female,No,1,Not Graduate,No,1539,0,34,360,1.0,Urban,Y
LP101831,Male,Yes,3+,Not Graduate,No,3445,1631,252,360,1.0,Urban,Y
LP101832,Male,Yes,0,Graduate,No,2991,0,118,84,1.0,Semiurban,Y
LP101833,Male,Yes,0,Graduate,No,3600,0,133,360,1.0,Rural,Y
LP101834,Female,Yes,0,Graduate,No,12475,1601,371,360,1.0,Rural,Y
LP101835,Male,No,3+,Graduate,No,2137,0,42,360,1.0,Semiurban,Y
LP101836,Male,Yes,2,Graduate,No,4939,1170,119,360,1.0,Urban,Y
LP101837,Male,Yes,2,Graduate,Yes,2842,7584,473,360,1.0,Urban,Y
LP101838,Female,Yes,0,Graduate,No,3535,3337,207,360,1.0,Semiurban,Y
LP101839,Male,No,3+,Not Graduate,Yes,5430,4327,338,360,1.0,Urban,Y
LP101840,Male,No,0,Graduate,No,4988,0,237,360,0.0,Rural,N
LP101841,Male,Yes,0,Graduate,No,3700,0,89,180,1.0,Rural,Y
LP101842,Male,Yes,2,Not Graduate,No,2292,0,96,300,1.0,Urban,Y
LP101843,Male,Yes,3+,Graduate,Yes,5480,1762,228,360,1.0,Semiurban,Y
LP101844,Female,No,0,Graduate,No,10711,0,240,360,1.0,Urban,Y
LP101845,Male,Yes,0,Graduate,Yes,2805,2708,247,360,1.0,Semiurban,Y
LP101846,Male,No,0,Graduate,No,11982,950,502,360,1.0,Urban,Y
LP101847,Male,Yes,0,Graduate,No,8099,3949,221,360,1.0,Urban,Y
LP101848,Female,Yes,0,Graduate,No,8892,2450,385,360,1.0,Semiurban,Y
LP101849,Male,Yes,3+,Graduate,No,4961,1557,292,360,1.0,Semiurban,Y
LP101850,Male,No,1,Not Graduate,Yes,6864,0,119,360,0.0,Semiurban,N
LP101851,Female,Yes,2,Graduate,No,2404,2594,148,360,1.0,Semiurban,Y
LP101852,Female,No,2,Graduate,No,2900,0,125,360,1.0,Semiurban,N
LP101853,Female,Yes,0,Graduate,No,6380,0,287,300,1.0,Rural,Y
LP101854,Female,Yes,2,Graduate,No,4927,772,240,360,1.0,Rural,Y
LP101855,Male,Yes,1,Graduate,Yes,4245,1554,149,360,1.0,Rural,Y
LP101856,Male,No,0,Not Graduate,No,827,0,27,360,1.0,Rural,Y
LP101857,Male,Yes,0,Graduate,No,3295,6160,387,360,1.0,Semiurban,Y
LP101858,Female,No,0,Graduate,Yes,2415,0,49,360,1.0,Semiurban,Y
LP101859,Male,No,2,Graduate,No,5493,4750,367,120,0.0,Urban,N
LP101860,Male,No,3+,Graduate,No,3769,0,152,360,1.0,Urban,N
LP101861,Male,Yes,0,Graduate,No,2964,2299,236,360,1.0,Rural,Y
LP101862,Male,No,2,Graduate,No,17914,0,339,360,1.0,Rural,Y
LP101863,Male,No,0,Graduate,No,7411,0,197,300,1.0,Semiurban,Y
LP101864,Female,Yes,2,Graduate,No,7484,2894,352,120,1.0,Semiurban,Y
LP101865,Female,Yes,0,Graduate,No,14058,1457,613,300,1.0,Urban,Y
LP101866,Male,Yes,0,Graduate,No,6509,1381,320,360,0.0,Urban,N
LP101867,Male,Yes,0,Graduate,No,2740,1793,108,360,1.0,Semiurban,Y
LP101868,Male,Yes,1,Not Graduate,No,2011,0,31,360,1.0,Semiurban,Y
LP101869,Male,Yes,0,Graduate,No,7119,0,280,360,1.0,Rural,Y
LP101870,Female,Yes,3+,Graduate,No,1349,1475,132,360,1.0,Urban,Y
LP101871,Male,Yes,0,Graduate,No,4012,3232,311,360,0.0,Semiurban,N
LP101872,Male,Yes,3+,Graduate,No,1269,2601,142,360,1.0,Urban,Y
LP101873,Female,Yes,1,Graduate,No,4421,732,254,360,1.0,Rural,Y
LP101874,Male,Yes,0,Graduate,No,6698,2384,274,360,0.0,Rural,N
LP101875,Male,Yes,0,Graduate,No,4883,403,176,360,1.0,Semiurban,Y
LP101876,Male,Yes,1,Graduate,No,7014,1168,126,240,1.0,Rural,Y
LP101877,Male,Yes,1,Not Graduate,No,9656,2638,591,180,1.0,Semiurban,Y
LP101878,Male,Yes,0,Graduate,No,3869,0,137,360,1.0,Urban,Y
LP101879,Male,No,0,Graduate,No,19613,692,582,360,1.0,Semiurban,Y
LP101880,Male,Yes,0,Graduate,No,4707,1021,95,360,0.0,Urban,N
LP101881,Female,No,3+,Not Graduate,No,5523,0,153,360,1.0,Semiurban,Y
LP101882,Male,Yes,0,Graduate,No,2992,893,59,360,1.0,Rural,Y
LP101883,Male,Yes,0,Graduate,No,10202,0,269,120,1.0,Rural,Y
LP101884,Male,Yes,0,Not Graduate,No,5811,1430,350,360,0.0,Urban,N
LP101885,Male,Yes,2,Graduate,No,9406,0,192,360,0.0,Urban,N
LP101886,Male,No,2,Graduate,No,4315,0,147,360,1.0,Urban,Y
LP101887,Male,Yes,0,Graduate,No,2099,2038,89,180,1.0,Urban,Y
LP101888,Male,Yes,0,Not Graduate,No,4221,0,179,360,1.0,Urban,Y
LP101889,Female,Yes,0,Not Graduate,No,1289,1769,106,360,1.0,Semiurban,Y
LP101890,Male,Yes,0,Not Graduate,No,2724,3451,136,120,1.0,Semiurban,Y
LP101891,Male,No,0,Graduate,No,4651,452,231,360,1.0,Semiurban,Y
LP101892,Female,No,3+,Not Graduate,No,12114,3893,679,360,1.0,Urban,Y
LP101893,Male,Yes,0,Graduate,No,4989,921,285,360,1.0,Urban,Y
LP101894,Male,Yes,0,Graduate,No,4521,1050,84,360,0.0,Urban,N
LP101895,Male,Yes,2,Graduate,No,4044,0,125,360,1.0,Urban,Y
LP101896,Male,No,0,Graduate,Yes,2202,0,110,360,1.0,Urban,Y
LP101897,Male,Yes,1,Graduate,No,4389,0,190,180,1.0,Urban,Y
LP101898,Male,Yes,0,Graduate,No,4431,1348,255,60,0.0,Semiurban,N
LP101899,Female,No,0,Not Graduate,No,1924,1122,112,360,1.0,Rural,Y
LP101900,Male,Yes,3+,Graduate,No,2398,2329,189,180,1.0,Semiurban,Y
LP101901,Male,Yes,1,Graduate,No,3213,0,139,360,1.0,Semiurban,Y
LP101902,Male,No,0,Not Graduate,No,3396,0,62,12,1.0,Urban,N
LP101903,Male,Yes,0,Graduate,No,3256,8433,459,180,1.0,Rural,Y
LP101904,Male,Yes,2,Graduate,No,2349,2952,231,360,1.0,Urban,Y
LP101905,Male,Yes,0,Graduate,No,4909,2488,122,360,0.0,Urban,N
LP101906,Female,Yes,0,Graduate,No,5632,963,167,360,1.0,Urban,Y
LP101907,Male,Yes,3+,Graduate,No,4476,6283,283,360,1.0,Urban,Y
LP101908,Male,No,0,Graduate,No,3072,0,138,240,1.0,Semiurban,Y
LP101909,Male,Yes,1,Not Graduate,No,4545,1680,263,360,1.0,Rural,Y
LP101910,Male,No,1,Graduate,No,3771,0,143,360,0.0,Rural,N
LP101911,Female,No,1,Graduate,No,2177,0,94,84,1.0,Semiurban,Y
LP101912,Female,Yes,0,Graduate,No,7403,491,244,120,0.0,Semiurban,N
LP101913,Male,Yes,0,Graduate,No,5086,2816,360,180,1.0,Semiurban,Y
LP101914,Male,Yes,1,Graduate,Yes,4313,4472,204,360,1.0,Rural,Y
LP101915,Male,No,0,Not Graduate,Yes,1519,2791,171,360,0.0,Semiurban,N
LP101916,Female,No,0,Graduate,No,2780,0,65,360,0.0,Semiurban,N
LP101917,Male,Yes,0,Graduate,No,12708,2014,241,180,1.0,Semiurban,Y
LP101918,Male,No,0,Not Graduate,Yes,1572,0,39,360,1.0,Semiurban,Y
LP101919,Male,Yes,3+,Graduate,No,3646,2175,188,360,1.0,Urban,Y
LP101920,Male,No,0,Graduate,No,4150,0,185,180,1.0,Urban,Y
LP101921,Male,Yes,3+,Graduate,No,4994,2029,230,360,0.0,Semiurban,N
LP101922,Male,Yes,0,Graduate,No,1838,0,39,360,1.0,Rural,Y
LP101923,Male,No,1,Not Graduate,No,3606,0,179,180,1.0,Semiurban,Y
LP101924,Female,Yes,0,Graduate,No,1656,2128,93,360,1.0,Rural,Y
LP101925,Male,Yes,2,Graduate,No,4418,2968,365,12,1.0,Urban,Y
LP101926,Male,Yes,2,Graduate,No,2925,2968,282,360,1.0,Semiurban,N
LP101927,Male,Yes,0,Not Graduate,Yes,2239,3525,196,360,1.0,Urban,Y
LP101928,Male,Yes,2,Not Graduate,No,5186,0,94,360,1.0,Rural,Y
LP101929,Male,No,0,Graduate,Yes,4046,0,159,360,1.0,Urban,N
LP101930,Male,Yes,1,Graduate,No,5433,1226,297,240,1.0,Semiurban,Y
LP101931,Male,Yes,3+,Graduate,No,5533,0,169,60,1.0,Urban,Y
LP101932,Male,No,2,Graduate,No,8419,0,197,84,1.0,Semiurban,Y
LP101933,Male,Yes,3+,Not Graduate,No,1686,931,113,360,1.0,Rural,Y
LP101934,Male,Yes,0,Not Graduate,No,5432,0,185,360,0.0,Urban,N
LP101935,Female,No,0,Not Graduate,Yes,3637,4552,179,360,1.0,Rural,Y
LP101936,Male,No,0,Graduate,No,3401,0,164,360,1.0,Rural,Y
LP101937,Female,Yes,0,Not Graduate,No,1742,0,84,360,1.0,Urban,Y
LP101938,Male,No,2,Not Graduate,Yes,5032,3097,226,360,0.0,Semiurban,N
LP101939,Male,Yes,0,Graduate,No,2521,905,59,360,1.0,Urban,Y
LP101940,Male,No,1,Graduate,No,5567,0,206,360,1.0,Urban,Y
LP101941,Male,Yes,0,Graduate,Yes,13298,4287,459,240,0.0,Semiurban,N
LP101942,Female,No,0,Graduate,No,7178,0,124,180,0.0,Semiurban,Y
LP101943,Male,Yes,1,Not Graduate,No,7044,0,326,360,0.0,Semiurban,N
LP101944,Male,No,0,Graduate,No,2819,0,141,360,1.0,Urban,Y
LP101945,Male,No,2,Graduate,No,6369,1333,210,360,1.0,Rural,Y
LP101946,Male,No,0,Not Graduate,No,1746,1886,149,360,1.0,Semiurban,Y
LP101947,Male,Yes,2,Graduate,No,3682,1457,89,360,1.0,Urban,Y
LP101948,Male,Yes,0,Not Graduate,No,8538,1173,271,360,1.0,Semiurban,Y
LP101949,Male,Yes,0,Graduate,No,2997,0,56,240,1.0,Urban,Y
LP101950,Male,No,1,Graduate,No,7716,0,131,180,1.0,Urban,Y
LP101951,Male,Yes,2,Graduate,No,7320,0,165,360,0.0,Semiurban,N
LP101952,Male,No,0,Graduate,No,7562,0,326,360,1.0,Semiurban,Y
LP101953,Male,No,0,Graduate,No,2086,2288,135,360,1.0,Urban,Y
LP101954,Female,Yes,0,Not Graduate,No,4374,2749,238,60,1.0,Rural,Y
LP101955,Female,No,0,Graduate,No,3842,0,94,120,1.0,Urban,Y
LP101956,Male,Yes,2,Graduate,No,7619,1717,381,360,1.0,Semiurban,Y
LP101957,Male,Yes,0,Graduate,No,1685,0,47,180,1.0,Urban,Y
LP101958,Male,Yes,0,Graduate,Yes,5638,1813,129,360,0.0,Semiurban,N
LP101959,Female,Yes,0,Not Graduate,No,3711,2187,123,360,1.0,Urban,N
LP101960,Male,No,2,Graduate,No,1401,0,27,120,1.0,Semiurban,Y
LP101961,Male,Yes,0,Graduate,No,2573,0,78,360,1.0,Semiurban,Y
LP101962,Female,Yes,0,Graduate,No,1530,0,26,360,1.0,Urban,Y
LP101963,Male,No,0,Graduate,No,2808,2078,211,360,1.0,Urban,Y
LP101964,Male,No,1,Graduate,No,5664,0,265,360,1.0,Semiurban,Y
LP101965,Male,Yes,0,Graduate,No,4662,1023,135,120,0.0,Urban,N
LP101966,Male,No,2,Graduate,Yes,5056,0,162,120,0.0,Semiurban,N
LP101967,Male,Yes,0,Not Graduate,Yes,2035,1262,109,120,1.0,Semiurban,Y
LP101968,Male,Yes,0,Not Graduate,No,6069,1860,392,360,1.0,Semiurban,Y
LP101969,Male,Yes,2,Not Graduate,No,3243,1488,82,180,1.0,Rural,Y
LP101970,Male,Yes,0,Not Graduate,No,3338,2569,227,360,1.0,Semiurban,Y
LP101971,Female,No,0,Not Graduate,No,5496,0,149,360,0.0,Rural,N
LP101972,Male,Yes,0,Graduate,No,2427,2614,164,360,1.0,Semiurban,Y
LP101973,Male,No,0,Graduate,No,4748,0,107,360,1.0,Rural,Y
LP101974,Male,Yes,2,Graduate,No,5285,0,109,360,0.0,Urban,N
LP101975,Male,Yes,2,Not Graduate,No,2427,1861,101,360,1.0,Rural,N
LP101976,Male,No,0,Graduate,No,5994,0,105,360,1.0,Rural,Y
LP101977,Male,No,1,Graduate,No,5444,8669,349,360,1.0,Semiurban,Y
LP101978,Female,Yes,0,Graduate,No,3960,1104,165,360,1.0,Urban,Y
LP101979,Female,Yes,2,Graduate,No,3894,2049,225,360,1.0,Rural,Y
LP101980,Male,Yes,0,Graduate,No,5584,975,226,360,1.0,Semiurban,Y
LP101981,Female,Yes,0,Graduate,No,7106,1973,136,360,0.0,Semiurban,N
LP101982,Male,No,0,Graduate,No,4334,0,84,300,1.0,Rural,Y
LP101983,Male,No,0,Graduate,Yes,8529,0,380,360,1.0,Urban,Y
LP101984,Male,Yes,0,Graduate,No,6015,0,147,12,1.0,Urban,Y
LP101985,Male,No,0,Graduate,No,1566,0,73,360,1.0,Semiurban,Y
LP101986,Male,Yes,2,Graduate,No,1933,685,119,360,0.0,Semiurban,N
LP101987,Male,Yes,0,Graduate,No,8022,4700,260,360,0.0,Rural,N
LP101988,Male,Yes,3+,Graduate,No,3656,3306,323,180,1.0,Semiurban,Y
LP101989,Male,Yes,0,Graduate,No,4583,1848,238,360,1.0,Rural,Y
LP101990,Male,Yes,0,Graduate,No,7835,1168,334,360,1.0,Urban,Y
LP101991,Male,Yes,3+,Not Graduate,No,3265,2103,241,180,0.0,Semiurban,N
LP101992,Male,Yes,1,Graduate,No,4274,2481,197,60,1.0,Urban,Y
LP101993,Male,Yes,2,Graduate,No,2597,3172,235,36,1.0,Semiurban,Y
LP101994,Male,No,2,Not Graduate,No,4016,3352,283,360,1.0,Rural,Y
LP101995,Male,Yes,0,Graduate,No,5781,3753,400,180,1.0,Urban,Y
LP101996,Female,Yes,1,Graduate,No,3047,703,143,120,1.0,Rural,Y
LP101997,Male,No,0,Graduate,Yes,2774,0,49,180,1.0,Urban,Y
LP101998,Male,Yes,0,Not Graduate,No,13892,3626,442,12,1.0,Urban,Y
LP101999,Male,No,0,Graduate,No,3979,0,191,360,1.0,Urban,Y
LP102000,Male,Yes,1,Graduate,Yes,3162,4153,167,360,1.0,Semiurban,Y
LP102001,Male,Yes,0,Graduate,No,6176,5921,381,360,1.0,Urban,Y
LP102002,Female,Yes,0,Graduate,No,4072,4084,224,360,1.0,Semiurban,Y
LP102003,Male,Yes,0,Graduate,No,2304,2972,95,240,1.0,Semiurban,N
LP102004,Male,No,3+,Graduate,No,5461,0,117,360,1.0,Urban,Y
LP102005,Male,Yes,0,Graduate,No,2619,2366,125,360,0.0,Semiurban,Y
LP102006,Male,Yes,0,Graduate,No,9965,891,339,360,1.0,Semiurban,Y
LP102007,Male,Yes,0,Graduate,No,5496,1251,308,84,0.0,Rural,N
LP102008,Male,Yes,3+,Graduate,No,3596,1304,162,180,1.0,Urban,N
LP102009,Male,No,3+,Graduate,No,4447,0,168,360,1.0,Urban,Y
LP102010,Male,Yes,1,Graduate,No,6881,1579,253,360,1.0,Urban,Y
LP102011,Male,Yes,2,Graduate,No,4638,2338,317,360,0.0,Semiurban,N
LP102012,Female,Yes,0,Graduate,Yes,14798,3384,694,360,1.0,Semiurban,Y
LP102013,Male,Yes,3+,Graduate,No,7820,1305,166,360,1.0,Rural,Y
LP102014,Male,Yes,0,Graduate,No,5475,2185,243,84,0.0,Rural,N
LP102015,Male,Yes,0,Graduate,No,2501,1557,178,360,1.0,Urban,Y
LP102016,Male,Yes,0,Graduate,No,3862,0,157,360,0.0,Semiurban,Y
LP102017,Female,No,0,Graduate,No,5449,0,254,240,1.0,Semiurban,Y
LP102018,Male,No,2,Not Graduate,No,2084,0,48,360,1.0,Rural,Y
LP102019,Male,No,0,Graduate,No,8528,0,420,360,0.0,Urban,N
LP102020,Female,No,3+,Graduate,No,2450,0,61,360,1.0,Semiurban,Y
LP102021,Male,Yes,0,Graduate,No,2949,852,64,84,1.0,Rural,Y
LP102022,Female,Yes,0,Not Graduate,No,2405,1044,112,360,1.0,Urban,Y
LP102023,Male,Yes,0,Not Graduate,No,4933,1219,116,180,1.0,Semiurban,Y
LP102024,Male,No,1,Graduate,No,2689,0,104,360,1.0,Rural,Y
LP102025,Male,No,2,Graduate,No,1556,921,115,120,1.0,Rural,Y
LP102026,Male,No,0,Graduate,No,7617,0,360,120,1.0,Urban,Y
LP102027,Female,Yes,1,Graduate,No,3279,2342,204,360,1.0,Urban,N
LP102028,Male,No,0,Graduate,No,2326,0,78,360,1.0,Urban,Y
LP102029,Male,Yes,1,Not Graduate,No,2163,0,108,360,1.0,Rural,Y
LP102030,Male,Yes,3+,Graduate,No,10764,0,380,360,1.0,Rural,Y
LP102031,Male,Yes,0,Graduate,No,2917,3036,283,300,1.0,Rural,Y
LP102032,Male,Yes,2,Graduate,No,3912,0,184,360,0.0,Semiurban,N
LP102033,Female,Yes,0,Graduate,No,3275,0,82,360,1.0,Urban,Y
LP102034,Male,Yes,0,Graduate,Yes,2338,0,36,240,1.0,Semiurban,Y
LP102035,Male,Yes,3+,Graduate,No,2783,4831,231,300,1.0,Semiurban,Y
LP102036,Male,Yes,0,Graduate,Yes,2252,2048,194,360,1.0,Semiurban,Y
LP102037,Male,No,0,Graduate,No,7083,6187,587,120,1.0,Semiurban,Y
LP102038,Male,No,0,Graduate,No,4426,0,160,360,1.0,Semiurban,Y
LP102039,Male,Yes,0,Not Graduate,Yes,14121,2367,338,360,1.0,Rural,Y
LP102040,Female,No,2,Graduate,No,2835,0,53,360,1.0,Urban,Y
LP102041,Male,No,1,Graduate,No,2611,0,126,360,1.0,Semiurban,N
LP102042,Male,Yes,2,Graduate,No,9734,2699,370,360,1.0,Semiurban,Y
LP102043,Male,Yes,0,Graduate,No,7492,0,282,360,1.0,Semiurban,Y
LP102044,Female,Yes,0,Not Graduate,No,4049,2032,284,360,1.0,Semiurban,Y
LP102045,Male,Yes,0,Not Graduate,No,1776,1067,129,360,1.0,Urban,Y
LP102046,Male,No,0,Graduate,No,10933,0,381,360,1.0,Urban,Y
LP102047,Male,No,3+,Graduate,No,4024,0,129,60,1.0,Urban,Y
LP102048,Male,Yes,1,Graduate,No,3304,0,135,84,1.0,Urban,Y
LP102049,Male,No,0,Not Graduate,No,6144,0,167,360,0.0,Semiurban,N
LP102050,Male,No,2,Graduate,No,4136,0,153,360,1.0,Urban,Y
LP102051,Male,No,2,Graduate,Yes,2426,1902,165,240,1.0,Semiurban,Y
LP102052,Male,Yes,0,Graduate,No,4281,4214,373,360,0.0,Urban,N
LP102053,Female,No,2,Not Graduate,No,2132,0,106,60,1.0,Semiurban,Y
LP102054,Female,Yes,0,Graduate,No,800,0,39,360,1.0,Semiurban,N
LP102055,Male,Yes,0,Graduate,No,2578,3595,170,360,1.0,Urban,Y
LP102056,Male,Yes,0,Graduate,No,3132,3294,216,180,1.0,Semiurban,Y
LP102057,Male,Yes,0,Not Graduate,No,1735,0,40,360,1.0,Rural,Y
LP102058,Male,No,0,Graduate,No,5745,0,147,360,1.0,Urban,Y
LP102059,Male,Yes,0,Not Graduate,No,2137,5272,230,120,0.0,Semiurban,N
LP102060,Male,Yes,0,Graduate,No,5447,2643,333,36,1.0,Urban,Y
LP102061,Male,Yes,2,Graduate,No,2125,1533,57,360,1.0,Urban,Y
LP102062,Female,No,3+,Not Graduate,No,5403,2490,227,120,1.0,Semiurban,Y
LP102063,Male,Yes,0,Not Graduate,No,1624,0,56,60,1.0,Urban,Y
LP102064,Male,No,0,Graduate,Yes,1271,0,29,360,0.0,Rural,N
LP102065,Female,Yes,0,Graduate,No,8269,1058,166,360,1.0,Urban,Y
LP102066,Male,Yes,0,Graduate,No,2615,3919,221,360,1.0,Urban,Y
LP102067,Male,Yes,0,Graduate,No,11005,6556,655,360,1.0,Semiurban,Y
LP102068,Male,Yes,0,Graduate,No,5712,0,214,360,1.0,Semiurban,Y
LP102069,Male,Yes,1,Graduate,Yes,7113,1939,249,360,1.0,Semiurban,Y
LP102070,Male,Yes,1,Graduate,No,7441,0,173,360,1.0,Urban,Y
LP102071,Male,No,1,Graduate,No,4455,0,101,360,1.0,Rural,Y
LP102072,Male,Yes,0,Graduate,No,4483,1875,104,360,0.0,Rural,N
LP102073,Female,Yes,0,Graduate,No,8472,0,165,360,1.0,Semiurban,Y
LP102074,Female,Yes,1,Graduate,No,4452,3142,331,360,1.0,Rural,Y
LP102075,Female,No,0,Graduate,No,2805,0,42,240,1.0,Semiurban,Y
LP102076,Male,Yes,0,Graduate,Yes,6357,0,105,180,1.0,Urban,Y
LP102077,Male,Yes,0,Graduate,No,1309,2152,67,240,0.0,Urban,N
LP102078,Female,No,0,Graduate,No,8652,0,257,240,1.0,Urban,Y
LP102079,Male,Yes,0,Graduate,No,8752,849,256,60,1.0,Rural,Y
LP102080,Male,Yes,2,Graduate,No,8093,0,172,360,1.0,Urban,Y
LP102081,Male,Yes,2,Graduate,No,7924,3751,220,300,1.0,Semiurban,Y
LP102082,Male,Yes,0,Graduate,No,3998,0,191,360,1.0,Urban,Y
LP102083,Female,Yes,0,Graduate,No,3948,2425,299,360,1.0,Semiurban,Y
LP102084,Male,Yes,1,Graduate,No,2129,0,89,360,1.0,Urban,Y
LP102085,Male,Yes,0,Not Graduate,No,8570,1583,242,360,1.0,Rural,Y
LP102086,Male,Yes,0,Graduate,No,3207,878,108,360,1.0,Urban,Y
LP102087,Male,Yes,0,Not Graduate,Yes,4345,4530,340,360,1.0,Rural,Y
LP102088,Female,No,0,Graduate,No,4815,7468,310,360,1.0,Rural,Y
LP102089,Male,No,2,Graduate,No,2003,2790,161,120,1.0,Semiurban,Y
LP102090,Male,No,2,Graduate,No,1604,3100,178,360,1.0,Urban,Y
LP102091,Female,Yes,0,Graduate,Yes,4620,0,153,180,1.0,Urban,Y
LP102092,Male,Yes,0,Not Graduate,No,2553,756,97,360,1.0,Rural,Y
LP102093,Male,Yes,0,Graduate,No,3986,0,108,360,1.0,Urban,Y
LP102094,Male,Yes,0,Graduate,No,7523,1511,381,360,0.0,Urban,N
LP102095,Female,No,3+,Graduate,No,4739,0,194,240,1.0,Semiurban,Y
LP102096,Male,Yes,1,Graduate,No,6355,0,250,84,1.0,Urban,Y
LP102097,Male,Yes,0,Not Graduate,No,4186,0,118,360,1.0,Urban,Y
LP102098,Female,Yes,2,Graduate,Yes,3870,1200,214,36,1.0,Semiurban,Y
LP102099,Male,Yes,2,Not Graduate,No,1889,7337,448,180,1.0,Urban,N
LP102100,Female,Yes,2,Not Graduate,Yes,4169,881,198,360,0.0,Urban,N
LP102101,Male,Yes,0,Graduate,No,4385,3403,228,360,1.0,Semiurban,Y
LP102102,Male,Yes,0,Graduate,No,6926,0,297,120,0.0,Semiurban,N
LP102103,Male,No,1,Graduate,No,3854,0,140,360,1.0,Semiurban,Y
LP102104,Female,Yes,0,Graduate,No,3555,2710,286,360,0.0,Urban,N
LP102105,Male,No,3+,Not Graduate,No,2888,2196,203,360,0.0,Semiurban,N
LP102106,Female,Yes,1,Graduate,No,2526,1012,148,360,1.0,Semiurban,Y
LP102107,Female,Yes,3+,Graduate,No,9279,1637,419,360,1.0,Semiurban,N
LP102108,Male,No,0,Not Graduate,No,6133,0,112,360,1.0,Urban,Y
LP102109,Female,Yes,2,Graduate,Yes,2364,2130,144,180,0.0,Urban,N
LP102110,Male,No,0,Graduate,No,6515,0,111,180,1.0,Rural,Y
LP102111,Male,Yes,3+,Graduate,No,1518,0,47,360,1.0,Urban,Y
LP102112,Male,Yes,0,Not Graduate,No,5634,448,244,360,0.0,Semiurban,N
LP102113,Female,Yes,0,Graduate,No,2855,0,85,360,1.0,Rural,Y
LP102114,Male,Yes,2,Graduate,No,5104,1150,94,240,1.0,Semiurban,Y
LP102115,Male,No,0,Graduate,No,1449,0,40,360,1.0,Semiurban,Y
LP102116,Male,Yes,0,Graduate,No,2166,3678,102,360,0.0,Urban,N
LP102117,Male,No,3+,Graduate,No,5418,0,229,360,0.0,Rural,N
LP102118,Male,Yes,0,Graduate,No,2848,0,121,360,1.0,Semiurban,Y
LP102119,Female,No,1,Graduate,No,2638,0,114,360,1.0,Semiurban,Y
LP102120,Female,Yes,0,Not Graduate,No,7061,2513,154,180,1.0,Semiurban,Y
LP102121,Male,Yes,2,Graduate,No,14126,842,241,360,1.0,Rural,Y
LP102122,Female,Yes,1,Graduate,Yes,7711,1943,450,360,1.0,Semiurban,Y
LP102123,Male,No,0,Not Graduate,No,1797,0,35,300,1.0,Urban,Y
LP102124,Female,Yes,0,Graduate,No,11045,2266,512,360,1.0,Semiurban,Y
LP102125,Male,Yes,1,Not Graduate,No,1388,2174,153,360,1.0,Semiurban,Y
LP102126,Male,Yes,0,Graduate,No,3541,1937,168,360,1.0,Urban,Y
LP102127,Male,No,0,Graduate,No,4315,874,177,360,1.0,Rural,Y
LP102128,Female,Yes,1,Graduate,No,12064,0,277,240,1.0,Urban,Y
LP102129,Male,Yes,0,Graduate,No,6917,4030,518,240,1.0,Semiurban,Y
LP102130,Male,Yes,0,Graduate,No,3244,3393,170,360,1.0,Urban,Y
LP102131,Male,No,1,Graduate,Yes,2739,3708,146,360,1.0,Urban,Y
LP102132,Male,No,0,Graduate,No,7266,1220,283,240,1.0,Semiurban,Y
LP102133,Male,Yes,0,Graduate,No,3123,1818,107,360,1.0,Rural,N
LP102134,Male,Yes,0,Graduate,No,4717,0,184,360,1.0,Semiurban,Y
LP102135,Female,Yes,1,Graduate,No,1971,956,97,360,1.0,Urban,Y
LP102136,Male,Yes,1,Graduate,Yes,6299,3936,206,180,1.0,Semiurban,Y
LP102137,Male,Yes,1,Graduate,No,5478,0,95,360,1.0,Urban,Y
LP102138,Male,No,0,Graduate,Yes,2327,0,46,360,1.0,Urban,Y
LP102139,Female,Yes,0,Graduate,No,7385,1960,185,360,1.0,Urban,Y
LP102140,Female,No,0,Graduate,No,5681,0,147,360,1.0,Urban,Y
LP102141,Male,Yes,0,Graduate,No,6290,640,306,360,1.0,Semiurban,Y
LP102142,Male,No,3+,Graduate,No,3400,0,58,360,1.0,Semiurban,Y
LP102143,Male,Yes,0,Not Graduate,No,3616,2753,124,360,1.0,Urban,Y
LP102144,Male,Yes,0,Graduate,No,4336,4143,217,360,1.0,Rural,Y
LP102145,Female,Yes,0,Graduate,No,3859,2876,231,360,0.0,Urban,N
LP102146,Male,Yes,1,Not Graduate,No,3599,6498,421,60,1.0,Rural,Y
LP102147,Male,Yes,1,Graduate,No,8357,4522,608,360,1.0,Semiurban,Y
LP102148,Male,No,1,Graduate,No,7563,3111,314,360,1.0,Urban,Y
LP102149,Female,No,2,Graduate,No,2186,0,41,360,0.0,Rural,N
LP102150,Male,Yes,0,Graduate,No,7199,0,162,360,1.0,Urban,Y
LP102151,Male,Yes,0,Graduate,No,8062,530,215,360,1.0,Semiurban,Y
LP102152,Male,Yes,0,Graduate,No,3853,0,164,360,1.0,Urban,Y
LP102153,Female,Yes,1,Graduate,No,5538,655,242,360,1.0,Semiurban,Y
LP102154,Male,Yes,1,Graduate,No,5494,0,123,360,0.0,Semiurban,N
LP102155,Male,No,0,Graduate,No,2624,1280,173,360,1.0,Urban,Y
LP102156,Male,No,1,Graduate,No,3394,12232,700,180,1.0,Urban,Y
LP102157,Male,No,1,Graduate,No,6328,0,290,300,1.0,Semiurban,Y
LP102158,Male,Yes,2,Graduate,Yes,3506,0,86,360,1.0,Urban,N
LP102159,Male,No,0,Graduate,No,7160,0,141,120,1.0,Urban,Y
LP102160,Male,No,0,Graduate,No,8583,0,160,120,1.0,Semiurban,Y
LP102161,Male,Yes,0,Not Graduate,No,6147,946,206,360,1.0,Rural,Y
LP102162,Male,Yes,1,Graduate,No,12440,927,401,240,1.0,Urban,Y
LP102163,Female,No,2,Graduate,No,3983,0,181,360,1.0,Urban,Y
LP102164,Male,Yes,0,Graduate,Yes,5077,2772,191,360,0.0,Rural,N
LP102165,Female,Yes,2,Graduate,Yes,5494,0,203,300,1.0,Urban,Y
LP102166,Male,Yes,0,Graduate,No,4050,0,172,360,1.0,Semiurban,Y
LP102167,Male,Yes,0,Graduate,No,5642,947,161,360,1.0,Rural,Y
LP102168,Male,Yes,1,Graduate,No,1634,4845,158,360,0.0,Rural,Y
LP102169,Male,No,0,Not Graduate,No,3668,0,141,360,0.0,Urban,N
LP102170,Male,No,3+,Graduate,No,1963,4299,253,360,0.0,Urban,N
LP102171,Male,Yes,2,Not Graduate,No,1930,2300,206,360,1.0,Urban,Y
LP102172,Male,Yes,0,Graduate,Yes,6892,1631,381,360,1.0,Rural,Y
LP102173,Female,Yes,0,Graduate,No,3753,4297,352,360,1.0,Rural,Y
LP102174,Male,Yes,1,Not Graduate,No,4809,0,189,360,1.0,Urban,Y
LP102175,Female,Yes,0,Graduate,No,3708,2351,116,120,1.0,Semiurban,Y
LP102176,Male,Yes,0,Not Graduate,No,6022,1946,345,180,1.0,Rural,Y
LP102177,Male,Yes,0,Graduate,No,3671,0,175,360,1.0,Urban,Y
LP102178,Male,Yes,0,Graduate,No,1429,2361,109,360,1.0,Urban,Y
LP102179,Male,Yes,0,Graduate,No,4740,3118,204,360,1.0,Urban,Y
LP102180,Male,Yes,2,Graduate,No,1270,1143,80,360,0.0,Semiurban,N
LP102181,Male,Yes,2,Graduate,No,1883,2634,219,180,1.0,Rural,Y
LP102182,Male,No,2,Graduate,No,2576,0,43,360,1.0,Rural,Y
LP102183,Male,Yes,2,Graduate,Yes,2646,1065,148,360,0.0,Urban,N
LP102184,Male,No,0,Graduate,Yes,3413,0,149,360,1.0,Urban,Y
LP102185,Female,Yes,0,Graduate,No,2360,2476,206,36,1.0,Semiurban,Y
LP102186,Female,Yes,0,Graduate,No,1932,3366,185,360,1.0,Rural,Y
LP102187,Male,No,2,Graduate,Yes,10755,0,508,360,1.0,Semiurban,Y
LP102188,Female,Yes,3+,Graduate,No,2884,0,57,36,1.0,Semiurban,Y
LP102189,Male,Yes,1,Graduate,No,1228,1815,72,360,0.0,Semiurban,N
LP102190,Male,Yes,2,Not Graduate,Yes,2956,2547,142,180,1.0,Urban,Y
LP102191,Female,Yes,1,Graduate,No,2256,2468,72,180,1.0,Semiurban,Y
LP102192,Male,Yes,0,Graduate,Yes,2831,0,79,360,1.0,Rural,Y
LP102193,Male,Yes,0,Graduate,Yes,6807,1614,174,360,1.0,Urban,Y
LP102194,Male,Yes,0,Not Graduate,No,2561,2864,219,360,1.0,Semiurban,Y
LP102195,Male,Yes,0,Graduate,Yes,2443,0,72,180,1.0,Urban,Y
LP102196,Male,Yes,1,Graduate,No,5352,0,212,120,1.0,Semiurban,Y
LP102197,Male,No,0,Graduate,No,7881,1015,165,360,1.0,Semiurban,Y
LP102198,Male,No,0,Graduate,No,5625,0,110,360,0.0,Semiurban,N
LP102199,Male,Yes,0,Graduate,No,1086,1449,50,360,1.0,Rural,Y
LP102200,Female,Yes,0,Not Graduate,No,1775,2120,86,360,1.0,Semiurban,Y
LP102201,Male,No,0,Not Graduate,No,3363,2057,103,300,1.0,Semiurban,Y
LP102202,Male,Yes,0,Graduate,No,3661,4206,179,240,0.0,Urban,Y
LP102203,Male,Yes,0,Graduate,No,3497,0,123,360,1.0,Rural,Y
LP102204,Male,Yes,2,Not Graduate,No,1909,2005,94,360,1.0,Urban,N
LP102205,Female,Yes,0,Graduate,Yes,2126,1743,104,180,1.0,Rural,Y
LP102206,Male,No,1,Graduate,No,12633,0,213,360,1.0,Urban,Y
LP102207,Female,No,2,Graduate,No,4250,0,196,360,1.0,Urban,Y
LP102208,Male,Yes,2,Graduate,No,5961,2783,173,360,1.0,Urban,Y
LP102209,Female,Yes,2,Graduate,No,4202,1542,156,360,1.0,Rural,Y
LP102210,Male,Yes,0,Not Graduate,No,3361,1384,134,360,1.0,Urban,Y
LP102211,Female,Yes,0,Graduate,No,4046,1026,213,360,1.0,Urban,Y
LP102212,Male,Yes,0,Graduate,No,2261,0,72,360,1.0,Urban,Y
LP102213,Female,No,0,Graduate,No,1820,0,52,360,1.0,Urban,Y
LP102214,Male,Yes,2,Graduate,No,5178,0,204,360,1.0,Urban,Y
LP102215,Male,Yes,1,Graduate,No,4643,3988,310,360,1.0,Semiurban,Y
LP102216,Female,Yes,0,Graduate,No,7015,4857,211,360,1.0,Urban,Y
LP102217,Male,Yes,0,Graduate,No,6274,876,186,360,1.0,Semiurban,Y
LP102218,Female,Yes,0,Not Graduate,No,2101,2547,229,360,1.0,Urban,Y
LP102219,Male,No,1,Graduate,No,7806,2601,332,60,1.0,Semiurban,Y
LP102220,Male,Yes,1,Not Graduate,No,4991,1911,206,360,1.0,Semiurban,Y
LP102221,Male,No,2,Graduate,Yes,6735,1216,161,360,1.0,Urban,N
LP102222,Male,Yes,3+,Graduate,No,14428,4754,700,360,1.0,Semiurban,Y
LP102223,Male,Yes,0,Graduate,No,12887,1404,281,120,1.0,Urban,Y
LP102224,Male,Yes,0,Graduate,No,6119,536,124,360,1.0,Urban,Y
LP102225,Male,Yes,0,Graduate,No,5714,2022,235,360,1.0,Semiurban,Y
LP102226,Male,Yes,0,Graduate,No,7591,1732,282,300,1.0,Semiurban,Y
LP102227,Male,Yes,2,Graduate,No,3037,6091,450,360,1.0,Semiurban,Y
LP102228,Male,No,0,Graduate,Yes,3367,0,66,84,1.0,Urban,Y
LP102229,Male,Yes,1,Graduate,No,6064,0,194,120,1.0,Urban,Y
LP102230,Male,Yes,0,Graduate,No,2614,0,58,360,0.0,Urban,N
LP102231,Male,Yes,0,Graduate,No,5801,0,229,360,1.0,Semiurban,Y
LP102232,Female,Yes,0,Graduate,No,4564,7557,348,360,1.0,Semiurban,Y
LP102233,Female,Yes,0,Graduate,No,2615,2997,212,180,1.0,Urban,N
LP102234,Male,Yes,1,Graduate,Yes,4672,859,148,360,1.0,Rural,Y
LP102235,Male,No,0,Graduate,No,8583,0,298,360,1.0,Urban,Y
LP102236,Female,Yes,1,Graduate,No,4381,1970,200,360,1.0,Rural,Y
LP102237,Male,Yes,2,Graduate,No,4391,0,123,360,1.0,Urban,Y
LP102238,Male,Yes,0,Not Graduate,Yes,4319,686,169,360,1.0,Rural,Y
LP102239,Male,Yes,1,Graduate,No,5390,0,153,360,1.0,Urban,Y
LP102240,Female,Yes,0,Not Graduate,No,2732,0,118,360,0.0,Rural,N
LP102241,Male,Yes,1,Graduate,No,5077,4227,301,360,1.0,Urban,Y
LP102242,Male,Yes,2,Not Graduate,No,1840,2008,179,180,1.0,Urban,Y
LP102243,Female,Yes,0,Graduate,No,2698,1503,96,360,1.0,Urban,Y
LP102244,Female,Yes,0,Not Graduate,No,2265,469,52,360,1.0,Rural,Y
LP102245,Male,No,0,Graduate,No,5422,0,154,360,1.0,Rural,Y
LP102246,Male,Yes,0,Graduate,No,4573,0,98,120,1.0,Urban,Y
LP102247,Female,Yes,0,Graduate,No,3889,1527,156,360,1.0,Semiurban,Y
LP102248,Male,No,1,Graduate,No,6122,0,165,60,1.0,Semiurban,Y
LP102249,Male,Yes,2,Not Graduate,No,4036,0,183,360,1.0,Urban,N
LP102250,Male,Yes,0,Graduate,No,3570,1055,165,360,1.0,Urban,Y
LP102251,Female,Yes,0,Not Graduate,No,1854,1602,112,360,1.0,Rural,Y
LP102252,Male,Yes,0,Graduate,No,2668,2813,233,360,1.0,Semiurban,Y
LP102253,Female,Yes,0,Graduate,No,1869,4772,130,240,1.0,Urban,Y
LP102254,Female,No,0,Graduate,No,4524,0,204,360,1.0,Urban,N
LP102255,Male,No,0,Not Graduate,No,2040,0,65,360,0.0,Urban,Y
LP102256,Male,Yes,1,Graduate,No,3189,1874,100,360,1.0,Semiurban,Y
LP102257,Male,Yes,0,Graduate,No,3903,3438,321,360,1.0,Urban,Y
LP102258,Male,Yes,0,Graduate,No,7435,3935,354,360,1.0,Semiurban,Y
LP102259,Male,Yes,2,Graduate,Yes,7676,0,278,180,1.0,Urban,Y
LP102260,Male,Yes,0,Not Graduate,No,3180,2141,246,36,1.0,Urban,Y
LP102261,Male,Yes,1,Graduate,No,8398,845,427,360,1.0,Urban,Y
LP102262,Female,No,1,Graduate,No,1384,3397,221,360,0.0,Rural,N
LP102263,Male,Yes,1,Graduate,No,11757,0,348,240,1.0,Urban,Y
LP102264,Male,Yes,0,Not Graduate,Yes,5275,1150,265,360,0.0,Semiurban,N
LP102265,Male,Yes,0,Graduate,No,4431,5016,219,360,0.0,Urban,N
LP102266,Male,No,2,Graduate,No,2564,0,113,360,1.0,Semiurban,Y
LP102267,Male,No,2,Graduate,Yes,3620,0,98,84,1.0,Urban,N
LP102268,Male,Yes,0,Graduate,No,5854,1795,239,360,1.0,Semiurban,Y
LP102269,Male,Yes,0,Graduate,No,5928,1989,366,180,1.0,Rural,Y
LP102270,Male,No,0,Graduate,No,6047,0,261,360,1.0,Urban,Y
LP102271,Male,Yes,0,Not Graduate,No,2195,1281,168,360,1.0,Urban,Y
LP102272,Male,Yes,1,Not Graduate,No,1965,0,54,300,0.0,Semiurban,N
LP102273,Male,Yes,0,Graduate,No,4662,1487,125,360,1.0,Urban,Y
LP102274,Female,Yes,0,Graduate,No,6394,0,300,360,1.0,Semiurban,Y
LP102275,Male,Yes,2,Graduate,No,4194,1849,195,360,1.0,Urban,Y
LP102276,Male,No,0,Graduate,No,9458,0,436,360,0.0,Semiurban,N
LP102277,Male,Yes,2,Graduate,No,4264,3939,333,180,1.0,Semiurban,Y
LP102278,Male,No,1,Graduate,No,4185,0,191,360,0.0,Urban,N
LP102279,Male,Yes,0,Graduate,No,6055,0,230,360,1.0,Semiurban,Y
LP102280,Male,Yes,1,Graduate,No,8187,2132,448,360,1.0,Semiurban,Y
LP102281,Male,Yes,1,Not Graduate,No,1560,0,30,240,0.0,Urban,N
LP102282,Male,Yes,0,Graduate,No,2264,0,111,180,1.0,Urban,Y
LP102283,Male,Yes,0,Graduate,No,3524,0,75,180,1.0,Semiurban,Y
LP102284,Male,Yes,0,Graduate,No,23794,6972,488,360,0.0,Urban,Y
LP102285,Male,No,3+,Graduate,Yes,3989,0,134,360,0.0,Rural,N
LP102286,Female,Yes,1,Graduate,No,3916,1422,213,360,1.0,Semiurban,Y
LP102287,Male,No,0,Graduate,No,5883,0,236,360,1.0,Urban,Y
LP102288,Male,Yes,1,Not Graduate,No,5608,0,151,360,1.0,Rural,Y
LP102289,Male,No,0,Graduate,No,4597,0,190,300,1.0,Urban,Y
LP102290,Male,Yes,1,Graduate,No,7944,0,353,12,1.0,Semiurban,Y
LP102291,Male,Yes,1,Graduate,Yes,2388,0,87,360,0.0,Urban,N
LP102292,Male,Yes,0,Not Graduate,No,2150,0,61,360,1.0,Semiurban,Y
LP102293,Male,Yes,2,Graduate,No,7936,1828,356,360,1.0,Semiurban,Y
LP102294,Male,No,1,Graduate,No,4212,0,190,360,1.0,Semiurban,Y
LP102295,Male,Yes,1,Graduate,Yes,2300,0,107,120,1.0,Urban,Y
LP102296,Male,Yes,0,Graduate,No,2023,1741,61,360,1.0,Urban,Y
LP102297,Male,No,2,Not Graduate,No,2098,0,40,360,1.0,Semiurban,Y
LP102298,Male,Yes,3+,Graduate,No,4192,1797,91,120,1.0,Urban,Y
LP102299,Male,No,0,Graduate,No,5414,0,175,300,1.0,Urban,Y
LP102300,Female,Yes,0,Graduate,No,3494,0,106,360,1.0,Semiurban,Y
LP102301,Male,No,0,Graduate,No,5175,0,176,360,0.0,Rural,N
LP102302,Male,Yes,2,Not Graduate,No,2577,0,100,84,1.0,Urban,Y
LP102303,Male,Yes,1,Graduate,No,8208,2465,297,360,1.0,Urban,Y
LP102304,Female,Yes,0,Graduate,No,17039,2773,442,240,0.0,Rural,N
LP102305,Male,No,2,Not Graduate,No,2640,3830,186,360,1.0,Rural,Y
LP102306,Male,Yes,0,Graduate,No,5452,1587,108,360,1.0,Semiurban,Y
LP102307,Male,Yes,2,Graduate,No,5213,0,230,360,1.0,Urban,Y
LP102308,Male,Yes,0,Graduate,No,4519,1248,164,360,0.0,Semiurban,N
LP102309,Male,No,0,Graduate,No,5997,0,221,240,1.0,Rural,Y
LP102310,Male,No,0,Graduate,Yes,5993,6968,342,360,1.0,Urban,Y
LP102311,Female,No,0,Graduate,No,3231,0,118,60,1.0,Semiurban,N
LP102312,Male,Yes,1,Graduate,No,8637,937,325,360,1.0,Semiurban,Y
LP102313,Male,Yes,0,Not Graduate,No,3661,3230,154,360,1.0,Urban,Y
LP102314,Female,Yes,0,Graduate,No,3388,1134,167,360,1.0,Semiurban,Y
LP102315,Male,No,0,Graduate,Yes,17656,1621,363,360,1.0,Semiurban,Y
LP102316,Male,Yes,0,Graduate,No,3928,0,125,360,0.0,Semiurban,Y
LP102317,Male,Yes,1,Not Graduate,No,3770,2473,251,360,1.0,Semiurban,Y
LP102318,Male,No,1,Graduate,No,4611,0,158,360,1.0,Urban,Y
LP102319,Male,Yes,0,Not Graduate,No,3051,0,125,180,1.0,Semiurban,Y
LP102320,Female,Yes,0,Graduate,No,5359,3774,224,360,1.0,Semiurban,Y
LP102321,Male,Yes,0,Not Graduate,No,2059,0,34,360,1.0,Rural,Y
LP102322,Male,Yes,2,Graduate,No,5813,0,99,360,1.0,Semiurban,Y
LP102323,Male,No,2,Graduate,No,1592,0,39,360,1.0,Urban,Y
LP102324,Female,Yes,1,Graduate,Yes,2256,2274,133,300,1.0,Rural,Y
LP102325,Female,Yes,3+,Not Graduate,No,8944,957,335,360,0.0,Semiurban,N
LP102326,Female,Yes,2,Graduate,Yes,2308,0,96,60,1.0,Rural,N
LP102327,Male,Yes,2,Graduate,No,1425,0,63,360,1.0,Urban,N
LP102328,Male,Yes,0,Graduate,No,2127,4976,279,360,1.0,Urban,Y
LP102329,Male,Yes,0,Not Graduate,No,8533,4380,403,120,1.0,Urban,Y
LP102330,Male,Yes,0,Graduate,No,1563,3376,120,120,1.0,Rural,Y
LP102331,Male,Yes,0,Graduate,No,2475,2039,135,360,1.0,Rural,Y
LP102332,Male,Yes,1,Graduate,Yes,2065,2237,106,360,1.0,Semiurban,Y
LP102333,Male,Yes,0,Graduate,No,3601,0,133,360,1.0,Urban,Y
LP102334,Male,No,0,Not Graduate,No,2578,0,112,360,1.0,Urban,N
LP102335,Male,No,0,Not Graduate,No,2515,0,83,360,1.0,Semiurban,Y
LP102336,Male,No,0,Graduate,No,11622,4876,274,360,1.0,Semiurban,Y
LP102337,Male,Yes,1,Graduate,No,2165,0,104,180,1.0,Semiurban,Y
LP102338,Male,Yes,3+,Not Graduate,No,3098,0,165,360,1.0,Urban,Y
LP102339,Male,Yes,1,Not Graduate,No,3948,1517,257,360,1.0,Semiurban,N
LP102340,Male,Yes,1,Graduate,No,2442,1437,169,84,1.0,Urban,Y
LP102341,Male,Yes,0,Graduate,No,5472,1633,209,360,1.0,Semiurban,Y
LP102342,Male,Yes,0,Graduate,No,3361,0,57,360,1.0,Semiurban,N
LP102343,Male,No,0,Graduate,No,5144,3299,407,360,1.0,Rural,Y
LP102344,Female,Yes,2,Graduate,No,3946,840,182,120,1.0,Semiurban,N
LP102345,Male,Yes,0,Graduate,No,1356,621,47,360,1.0,Semiurban,N
LP102346,Male,No,0,Graduate,No,8588,0,289,120,1.0,Urban,Y
LP102347,Male,Yes,2,Graduate,No,13076,0,487,360,0.0,Rural,N
LP102348,Male,No,0,Graduate,No,3799,4095,181,360,1.0,Urban,Y
LP102349,Male,No,0,Graduate,No,2555,0,47,360,1.0,Urban,Y
LP102350,Male,No,0,Graduate,No,9586,0,234,360,1.0,Rural,Y
LP102351,Female,Yes,0,Graduate,No,11843,0,197,360,1.0,Semiurban,Y
LP102352,Male,No,0,Graduate,No,3816,0,67,180,1.0,Semiurban,Y
LP102353,Female,Yes,0,Graduate,No,3713,0,76,360,1.0,Urban,Y
LP102354,Male,Yes,1,Not Graduate,No,3136,1341,92,240,1.0,Rural,Y
LP102355,Male,Yes,2,Graduate,No,1667,0,39,360,0.0,Urban,N
LP102356,Female,Yes,0,Graduate,No,3568,1853,259,360,1.0,Urban,Y
LP102357,Male,Yes,2,Not Graduate,No,8416,0,296,360,1.0,Urban,Y
LP102358,Male,Yes,0,Graduate,No,3816,1026,144,360,1.0,Urban,Y
LP102359,Male,No,0,Not Graduate,No,1849,0,64,360,1.0,Rural,Y
LP102360,Male,No,0,Graduate,No,5502,0,84,360,1.0,Semiurban,Y
LP102361,Male,No,1,Graduate,No,2901,2561,253,360,1.0,Semiurban,Y
LP102362,Male,Yes,0,Graduate,No,4037,2350,165,120,1.0,Rural,Y
LP102363,Male,No,1,Graduate,No,2084,0,165,360,0.0,Urban,N
LP102364,Male,Yes,2,Graduate,No,2368,0,114,360,1.0,Urban,Y
LP102365,Male,No,0,Not Graduate,No,4916,0,199,360,0.0,Semiurban,N
LP102366,Male,No,1,Not Graduate,No,3492,0,94,360,0.0,Semiurban,N
LP102367,Male,Yes,3+,Graduate,No,2732,2689,259,360,1.0,Semiurban,Y
LP102368,Male,No,0,Graduate,No,4472,0,200,360,1.0,Urban,Y
LP102369,Male,Yes,0,Graduate,No,2998,1881,236,360,0.0,Semiurban,N
LP102370,Male,Yes,1,Graduate,No,2721,974,68,300,0.0,Urban,N
LP102371,Female,Yes,1,Graduate,No,7942,2033,483,60,1.0,Urban,N
LP102372,Male,Yes,0,Graduate,No,6440,0,219,360,0.0,Urban,N
LP102373,Male,No,0,Graduate,No,4138,0,159,360,1.0,Urban,Y
LP102374,Male,Yes,0,Graduate,No,4533,0,102,360,1.0,Urban,Y
LP102375,Male,Yes,0,Graduate,No,4168,3903,161,360,1.0,Urban,Y
LP102376,Male,Yes,0,Graduate,No,5473,1331,121,360,0.0,Rural,N
LP102377,Female,No,3+,Graduate,No,2697,0,80,360,1.0,Rural,Y
LP102378,Male,No,2,Graduate,No,6729,0,153,360,1.0,Semiurban,Y
LP102379,Female,No,0,Not Graduate,No,3980,0,71,360,1.0,Rural,N
LP102380,Female,No,1,Graduate,No,3623,0,175,360,1.0,Rural,Y
LP102381,Female,Yes,2,Graduate,No,3202,4588,317,360,1.0,Urban,N
LP102382,Female,Yes,0,Graduate,No,6650,0,220,360,1.0,Semiurban,Y
LP102383,Male,Yes,0,Graduate,No,3854,0,158,360,1.0,Rural,Y
LP102384,Male,Yes,0,Graduate,Yes,3136,2984,223,300,1.0,Semiurban,Y
LP102385,Male,No,2,Graduate,No,3389,0,72,360,1.0,Urban,Y
LP102386,Male,Yes,0,Graduate,No,6392,1940,310,360,1.0,Semiurban,Y
LP102387,Male,No,3+,Not Graduate,Yes,1486,838,90,360,0.0,Urban,N
LP102388,Male,Yes,0,Graduate,Yes,3788,1188,116,360,1.0,Urban,Y
LP102389,Male,Yes,0,Graduate,No,7545,0,198,360,1.0,Urban,Y
LP102390,Male,Yes,0,Graduate,No,3817,1372,147,360,1.0,Urban,Y
LP102391,Male,No,0,Not Graduate,No,3807,0,137,360,1.0,Urban,Y
LP102392,Male,No,2,Graduate,No,7612,0,148,360,1.0,Rural,Y
LP102393,Male,No,3+,Graduate,No,6840,0,281,180,1.0,Urban,Y
LP102394,Female,Yes,0,Graduate,No,3287,1678,135,360,1.0,Urban,Y
LP102395,Male,No,3+,Graduate,No,3897,0,153,120,1.0,Urban,N
LP102396,Male,Yes,2,Graduate,No,6887,7319,677,60,0.0,Semiurban,N
LP102397,Male,Yes,0,Graduate,No,7020,1525,388,84,1.0,Rural,Y
LP102398,Male,No,1,Graduate,No,3989,0,163,360,1.0,Urban,Y
LP102399,Male,Yes,0,Not Graduate,Yes,3500,1206,102,180,1.0,Urban,Y
LP102400,Male,No,0,Graduate,No,4851,3167,326,360,1.0,Semiurban,N
LP102401,Male,Yes,0,Graduate,No,8880,1501,387,360,1.0,Semiurban,Y
LP102402,Male,Yes,1,Graduate,No,7532,1304,371,360,0.0,Urban,N
LP102403,Male,No,0,Graduate,No,6131,0,278,360,1.0,Urban,Y
LP102404,Male,Yes,2,Not Graduate,No,1811,886,70,360,1.0,Semiurban,Y
LP102405,Male,No,2,Graduate,No,3600,0,135,360,1.0,Urban,Y
LP102406,Male,Yes,0,Graduate,No,3705,3105,168,360,1.0,Rural,Y
LP102407,Male,Yes,0,Not Graduate,No,7150,0,194,240,1.0,Urban,Y
LP102408,Female,Yes,0,Graduate,No,3672,1356,167,360,1.0,Urban,Y
LP102409,Male,Yes,1,Graduate,No,8343,10291,563,360,0.0,Rural,N
LP102410,Male,Yes,0,Graduate,No,3059,0,110,300,1.0,Rural,Y
LP102411,Male,Yes,1,Not Graduate,No,2502,0,104,360,1.0,Urban,Y
LP102412,Male,No,0,Not Graduate,No,4270,0,154,240,1.0,Rural,N
LP102413,Male,Yes,0,Graduate,No,9919,0,485,360,1.0,Semiurban,Y
LP102414,Male,Yes,0,Graduate,No,3727,706,181,360,0.0,Urban,N
LP102415,Female,Yes,0,Not Graduate,No,800,1466,112,360,0.0,Semiurban,N
LP102416,Male,Yes,2,Graduate,No,1771,1954,153,360,1.0,Urban,Y
LP102417,Male,No,3+,Not Graduate,No,3860,2271,201,360,1.0,Urban,Y
LP102418,Male,No,0,Graduate,Yes,2047,0,60,360,1.0,Urban,N
LP102419,Male,Yes,0,Graduate,No,2601,1318,160,360,1.0,Semiurban,Y
LP102420,Male,No,0,Graduate,No,4216,0,165,360,1.0,Rural,Y
LP102421,Male,Yes,0,Graduate,No,1089,742,70,360,1.0,Urban,Y
LP102422,Male,Yes,0,Graduate,Yes,3738,1691,219,360,1.0,Urban,Y
LP102423,Male,No,1,Not Graduate,No,1727,1464,165,60,1.0,Semiurban,Y
LP102424,Male,Yes,3+,Graduate,No,1836,3667,126,360,1.0,Semiurban,Y
LP102425,Female,No,0,Not Graduate,No,2108,0,73,360,1.0,Semiurban,Y
LP102426,Male,No,2,Graduate,No,2326,0,84,360,1.0,Urban,N
LP102427,Female,Yes,0,Graduate,Yes,5963,2440,212,360,1.0,Semiurban,Y
LP102428,Male,No,0,Not Graduate,Yes,6961,0,345,360,1.0,Semiurban,Y
LP102429,Female,No,0,Graduate,Yes,3769,0,160,360,1.0,Semiurban,Y
LP102430,Male,Yes,0,Graduate,No,3017,0,79,360,1.0,Urban,Y
LP102431,Female,Yes,0,Graduate,No,3334,2467,160,360,1.0,Urban,Y
LP102432,Female,Yes,0,Graduate,No,2276,1289,143,360,1.0,Semiurban,Y
LP102433,Male,No,0,Graduate,No,2061,0,32,360,0.0,Rural,N
LP102434,Female,No,0,Not Graduate,No,1326,0,41,120,1.0,Semiurban,Y
LP102435,Male,Yes,1,Not Graduate,No,1577,1259,77,360,0.0,Rural,N
LP102436,Male,Yes,2,Graduate,No,10274,4105,645,360,1.0,Urban,Y
LP102437,Male,Yes,0,Graduate,No,2864,1184,173,60,1.0,Semiurban,Y
LP102438,Male,Yes,0,Graduate,No,830,3418,113,180,0.0,Semiurban,N
LP102439,Male,Yes,0,Graduate,No,3032,0,137,120,0.0,Semiurban,Y
LP102440,Male,Yes,2,Graduate,No,1746,1605,157,360,0.0,Rural,Y
LP102441,Male,Yes,0,Not Graduate,No,3386,0,116,360,0.0,Rural,N
LP102442,Male,Yes,0,Graduate,No,4077,4209,170,360,1.0,Semiurban,Y
LP102443,Female,Yes,0,Graduate,No,4318,2698,294,360,1.0,Semiurban,Y
LP102444,Male,Yes,0,Not Graduate,No,3204,1257,117,360,1.0,Rural,Y
LP102445,Male,No,0,Graduate,No,3411,2314,192,360,0.0,Semiurban,N
LP102446,Male,Yes,3+,Not Graduate,No,1471,3654,85,12,1.0,Rural,Y
LP102447,Male,Yes,2,Graduate,No,4019,2137,200,360,1.0,Rural,Y
LP102448,Male,Yes,0,Graduate,No,7333,2305,273,360,1.0,Semiurban,Y
LP102449,Male,Yes,0,Not Graduate,No,8885,3712,491,300,1.0,Semiurban,Y
LP102450,Male,Yes,0,Graduate,No,3673,5026,143,360,0.0,Urban,N
LP102451,Female,Yes,0,Not Graduate,Yes,3357,0,124,360,1.0,Urban,Y
LP102452,Male,Yes,2,Not Graduate,No,4315,0,165,360,1.0,Semiurban,Y
LP102453,Male,No,0,Graduate,No,9519,0,147,240,0.0,Urban,N
LP102454,Male,No,0,Graduate,Yes,3525,1320,200,360,1.0,Semiurban,Y
LP102455,Male,No,0,Graduate,No,6129,0,120,360,1.0,Rural,Y
LP102456,Male,No,2,Not Graduate,No,2084,0,82,120,0.0,Urban,N
LP102457,Male,No,1,Graduate,Yes,5522,0,171,360,0.0,Urban,Y
LP102458,Male,Yes,0,Graduate,Yes,7855,2743,364,360,1.0,Semiurban,Y
LP102459,Male,Yes,0,Graduate,No,2059,1459,94,360,1.0,Urban,Y
LP102460,Female,Yes,0,Graduate,No,3137,1960,120,180,1.0,Semiurban,Y
LP102461,Female,Yes,3+,Not Graduate,Yes,6094,0,107,360,1.0,Semiurban,Y
LP102462,Male,No,0,Not Graduate,No,4599,0,208,360,1.0,Urban,Y
LP102463,Male,Yes,0,Not Graduate,No,5793,620,233,360,0.0,Urban,N
LP102464,Male,Yes,0,Graduate,No,6677,2714,464,360,1.0,Rural,Y
LP102465,Male,Yes,2,Graduate,Yes,3818,663,201,180,1.0,Urban,Y
LP102466,Male,Yes,0,Graduate,No,14035,0,638,360,0.0,Semiurban,N
LP102467,Male,No,0,Graduate,No,4515,0,162,360,1.0,Rural,Y
LP102468,Male,No,1,Graduate,No,780,0,14,360,1.0,Rural,Y
LP102469,Male,Yes,1,Not Graduate,No,2806,1828,218,180,1.0,Urban,N
LP102470,Male,No,1,Not Graduate,No,2532,0,48,360,1.0,Semiurban,Y
LP102471,Female,Yes,2,Not Graduate,Yes,5582,0,185,360,0.0,Semiurban,N
LP102472,Female,No,0,Not Graduate,No,2557,0,115,360,1.0,Semiurban,Y
LP102473,Male,Yes,0,Not Graduate,No,5997,2690,274,120,1.0,Rural,Y
LP102474,Male,Yes,3+,Graduate,Yes,6261,1385,159,360,1.0,Semiurban,Y
LP102475,Female,Yes,0,Not Graduate,Yes,2080,6372,237,360,1.0,Urban,Y
LP102476,Male,No,1,Graduate,No,3876,0,192,120,1.0,Semiurban,Y
LP102477,Female,No,1,Graduate,No,2733,0,137,360,1.0,Semiurban,Y
LP102478,Male,Yes,0,Graduate,No,4635,2239,274,120,1.0,Semiurban,Y
LP102479,Female,Yes,0,Graduate,No,2724,0,126,360,0.0,Urban,N
LP102480,Male,No,2,Graduate,No,4362,0,72,360,1.0,Urban,Y
LP102481,Male,Yes,2,Graduate,No,3605,2789,158,180,1.0,Rural,Y
LP102482,Female,Yes,0,Graduate,No,3851,1228,142,360,0.0,Urban,N
LP102483,Male,Yes,0,Not Graduate,No,10124,1683,165,360,1.0,Urban,Y
LP102484,Male,Yes,0,Not Graduate,No,2688,0,76,180,1.0,Rural,Y
LP102485,Female,Yes,0,Graduate,No,1445,0,26,360,1.0,Semiurban,Y
LP102486,Male,No,0,Graduate,Yes,8053,0,267,120,1.0,Urban,Y
LP102487,Female,Yes,0,Graduate,No,7289,2876,154,360,1.0,Semiurban,Y
LP102488,Male,Yes,3+,Graduate,No,1410,2527,96,240,1.0,Semiurban,Y
LP102489,Male,No,2,Graduate,No,2848,0,129,360,0.0,Semiurban,N
LP102490,Male,Yes,1,Not Graduate,No,4164,1426,126,360,1.0,Rural,Y
LP102491,Male,No,0,Graduate,No,5586,0,96,360,1.0,Urban,Y
LP102492,Male,Yes,0,Graduate,No,4176,910,121,360,1.0,Semiurban,Y
LP102493,Male,Yes,3+,Graduate,No,4228,1210,239,360,1.0,Urban,Y
LP102494,Male,No,0,Graduate,No,2499,0,89,360,0.0,Semiurban,N
LP102495,Male,No,0,Graduate,No,1119,0,40,360,0.0,Semiurban,N
LP102496,Male,Yes,0,Graduate,No,12926,0,194,360,1.0,Urban,Y
LP102497,Female,No,2,Not Graduate,Yes,2116,1015,99,60,0.0,Semiurban,N
LP102498,Female,Yes,0,Graduate,No,4614,1395,146,360,1.0,Urban,Y
LP102499,Male,Yes,0,Graduate,No,3837,2447,168,360,1.0,Urban,Y
LP102500,Female,No,2,Graduate,Yes,7544,0,271,360,1.0,Semiurban,Y
LP102501,Male,No,0,Graduate,No,4460,1897,290,120,1.0,Semiurban,Y
LP102502,Male,Yes,0,Graduate,No,4556,839,115,180,0.0,Urban,N
LP102503,Female,Yes,2,Graduate,No,983,954,81,360,1.0,Rural,N
LP102504,Male,Yes,2,Graduate,No,2648,0,44,360,1.0,Urban,Y
LP102505,Male,Yes,1,Graduate,No,6306,3631,263,360,1.0,Urban,Y
LP102506,Female,Yes,0,Graduate,No,6002,5940,271,360,0.0,Urban,N
LP102507,Male,No,2,Graduate,No,2481,0,117,360,1.0,Urban,Y
LP102508,Female,Yes,2,Graduate,No,1758,0,37,360,1.0,Urban,Y
LP102509,Female,No,2,Graduate,No,4489,0,158,360,1.0,Rural,Y
LP102510,Male,Yes,0,Graduate,Yes,931,1165,44,360,1.0,Semiurban,Y
LP102511,Female,Yes,3+,Graduate,No,2226,1108,105,360,1.0,Semiurban,Y
LP102512,Male,Yes,3+,Graduate,Yes,12127,1635,406,360,1.0,Rural,Y
LP102513,Male,Yes,0,Graduate,No,9270,1177,172,360,1.0,Urban,Y
LP102514,Male,Yes,2,Graduate,No,5474,8842,629,360,0.0,Urban,N
LP102515,Female,No,0,Graduate,No,4958,0,210,360,1.0,Urban,Y
LP102516,Male,Yes,0,Graduate,No,1432,3614,125,12,1.0,Urban,Y
LP102517,Male,No,1,Not Graduate,No,2180,1345,129,12,1.0,Semiurban,Y
LP102518,Male,Yes,0,Graduate,No,3560,7631,310,360,1.0,Urban,Y
LP102519,Male,No,0,Not Graduate,No,2206,0,165,360,1.0,Semiurban,Y
LP102520,Male,Yes,2,Not Graduate,No,2703,3302,236,300,1.0,Semiurban,Y
LP102521,Male,No,0,Not Graduate,No,6696,0,122,180,0.0,Rural,N
LP102522,Male,Yes,0,Graduate,No,3108,3590,298,360,0.0,Semiurban,N
LP102523,Male,No,3+,Graduate,No,3471,0,74,180,0.0,Urban,N
LP102524,Male,No,0,Graduate,Yes,6918,0,146,360,1.0,Urban,Y
LP102525,Male,Yes,0,Graduate,No,1918,1045,121,360,1.0,Semiurban,N
LP102526,Male,Yes,0,Graduate,No,2638,0,56,360,1.0,Urban,Y
LP102527,Female,Yes,0,Not Graduate,No,2184,0,42,360,0.0,Urban,N
LP102528,Male,No,1,Graduate,No,4317,0,115,360,1.0,Semiurban,Y
LP102529,Female,Yes,2,Graduate,No,3463,0,154,360,1.0,Urban,Y
LP102530,Male,Yes,0,Graduate,No,3524,631,88,240,1.0,Semiurban,Y
LP102531,Female,Yes,2,Graduate,No,2905,2945,157,360,1.0,Urban,Y
LP102532,Male,Yes,0,Graduate,No,2323,4341,167,360,0.0,Rural,N
LP102533,Male,No,0,Graduate,No,5853,0,161,360,1.0,Semiurban,Y
LP102534,Male,Yes,1,Graduate,No,3477,5901,375,360,1.0,Urban,Y
LP102535,Female,Yes,1,Graduate,No,5885,4619,165,360,1.0,Semiurban,Y
LP102536,Male,No,0,Not Graduate,No,1778,0,74,360,0.0,Semiurban,N
LP102537,Male,Yes,0,Not Graduate,No,2273,1022,123,360,0.0,Semiurban,N
LP102538,Male,No,0,Graduate,No,3707,0,102,60,1.0,Semiurban,Y
LP102539,Male,Yes,0,Not Graduate,No,3054,878,118,120,0.0,Semiurban,N
LP102540,Male,Yes,0,Graduate,Yes,6974,0,276,360,1.0,Urban,Y
LP102541,Male,Yes,1,Graduate,No,3304,0,111,360,1.0,Urban,Y
LP102542,Female,No,0,Graduate,No,6314,0,287,240,1.0,Rural,Y
LP102543,Male,Yes,2,Graduate,No,5146,0,245,360,1.0,Urban,Y
LP102544,Male,Yes,0,Graduate,No,3948,0,158,360,1.0,Urban,Y
LP102545,Male,Yes,0,Graduate,No,2481,0,123,360,1.0,Urban,N
LP102546,Male,Yes,0,Graduate,No,6349,1618,286,180,1.0,Rural,Y
LP102547,Male,No,0,Graduate,No,2516,0,41,360,1.0,Semiurban,Y
LP102548,Male,Yes,2,Graduate,No,4138,957,166,360,1.0,Rural,Y
LP102549,Male,No,0,Graduate,No,4065,0,94,360,1.0,Rural,Y
LP102550,Male,Yes,0,Graduate,No,3736,0,100,360,1.0,Rural,Y
LP102551,Male,No,2,Not Graduate,No,2645,0,85,360,1.0,Semiurban,Y
LP102552,Female,Yes,1,Graduate,No,2664,1742,112,360,1.0,Urban,Y
LP102553,Female,Yes,0,Graduate,No,1721,1655,87,360,0.0,Urban,N
LP102554,Male,Yes,0,Graduate,Yes,9968,7076,495,360,1.0,Semiurban,Y
LP102555,Male,No,1,Graduate,No,3195,0,80,360,0.0,Urban,N
LP102556,Male,Yes,3+,Graduate,Yes,4292,4674,188,360,1.0,Semiurban,Y
LP102557,Male,No,2,Graduate,Yes,4278,5867,424,360,1.0,Semiurban,Y
LP102558,Male,No,0,Graduate,No,7649,0,221,360,1.0,Semiurban,Y
LP102559,Male,Yes,3+,Graduate,No,12125,1972,622,180,1.0,Urban,Y
LP102560,Female,Yes,0,Graduate,No,4572,0,210,360,0.0,Urban,N
LP102561,Male,Yes,0,Graduate,Yes,4225,0,174,360,1.0,Semiurban,Y
LP102562,Male,Yes,2,Not Graduate,No,1766,1761,102,360,1.0,Urban,Y
LP102563,Male,No,0,Not Graduate,No,1481,1071,103,360,1.0,Semiurban,Y
LP102564,Male,No,0,Graduate,No,1578,0,32,360,1.0,Semiurban,Y
LP102565,Male,Yes,0,Graduate,No,2703,0,103,360,1.0,Rural,N
LP102566,Male,Yes,0,Not Graduate,No,1038,2170,94,360,0.0,Rural,N
LP102567,Male,Yes,1,Graduate,Yes,8337,1100,358,360,1.0,Semiurban,Y
LP102568,Female,Yes,1,Graduate,Yes,5813,1903,320,240,1.0,Semiurban,Y
LP102569,Female,No,0,Graduate,No,3646,0,126,180,0.0,Urban,N
LP102570,Male,Yes,0,Graduate,Yes,8478,1617,378,180,1.0,Semiurban,Y
LP102571,Female,No,3+,Not Graduate,No,1818,0,41,120,1.0,Semiurban,Y
LP102572,Male,Yes,2,Graduate,No,2667,980,130,360,0.0,Semiurban,N
LP102573,Male,Yes,0,Graduate,No,1445,2631,127,180,1.0,Semiurban,Y
LP102574,Male,Yes,3+,Not Graduate,No,5017,0,150,360,0.0,Urban,N
LP102575,Male,Yes,1,Not Graduate,No,2098,2798,144,360,1.0,Rural,N
LP102576,Female,Yes,0,Graduate,Yes,4646,0,120,360,1.0,Urban,Y
LP102577,Male,No,0,Graduate,No,7268,1775,232,360,1.0,Rural,Y
LP102578,Male,Yes,0,Graduate,No,8899,0,351,360,0.0,Semiurban,N
LP102579,Male,Yes,0,Graduate,Yes,4533,1333,203,360,0.0,Urban,N
LP102580,Male,Yes,0,Not Graduate,No,4048,2541,106,84,1.0,Urban,Y
LP102581,Female,Yes,0,Graduate,No,2547,0,43,240,1.0,Urban,Y
LP102582,Male,No,0,Graduate,No,10568,0,369,36,1.0,Rural,Y
LP102583,Male,Yes,3+,Graduate,No,3821,0,170,120,1.0,Rural,Y
LP102584,Male,No,0,Graduate,No,4376,0,72,60,1.0,Semiurban,Y
LP102585,Male,Yes,2,Graduate,Yes,3682,0,121,360,1.0,Semiurban,Y
LP102586,Male,Yes,3+,Graduate,Yes,8908,888,439,360,1.0,Semiurban,Y
LP102587,Male,No,0,Graduate,No,4673,3089,118,360,0.0,Semiurban,N
LP102588,Male,Yes,0,Graduate,No,6363,1545,195,360,1.0,Semiurban,Y
LP102589,Male,Yes,0,Not Graduate,No,3981,479,210,180,1.0,Urban,Y
LP102590,Female,Yes,2,Graduate,No,3709,3032,120,360,1.0,Rural,Y
LP102591,Female,Yes,0,Graduate,No,6981,1364,302,360,1.0,Semiurban,Y
LP102592,Male,Yes,0,Graduate,No,5063,1876,227,360,1.0,Urban,Y
LP102593,Male,No,0,Graduate,No,2468,0,50,360,1.0,Rural,Y
LP102594,Male,No,0,Graduate,No,2430,1605,67,180,0.0,Semiurban,N
LP102595,Male,Yes,3+,Graduate,No,4544,0,148,360,1.0,Urban,N
LP102596,Male,No,1,Graduate,No,6897,0,281,240,1.0,Urban,Y
LP102597,Male,Yes,2,Graduate,No,10316,549,230,300,1.0,Semiurban,Y
LP102598,Male,Yes,0,Graduate,No,1575,0,62,360,1.0,Rural,N
LP102599,Male,Yes,0,Graduate,No,4247,1038,165,12,1.0,Rural,Y
LP102600,Male,Yes,3+,Not Graduate,No,4290,5845,279,360,1.0,Semiurban,Y
LP102601,Male,Yes,0,Graduate,No,4926,0,188,360,1.0,Urban,Y
LP102602,Male,No,3+,Not Graduate,No,5709,0,124,120,0.0,Urban,N
LP102603,Male,Yes,0,Not Graduate,No,4699,0,146,360,1.0,Urban,Y
LP102604,Male,Yes,0,Graduate,No,2435,2870,182,84,1.0,Rural,Y
LP102605,Male,Yes,1,Graduate,No,2396,1983,136,360,0.0,Rural,N
LP102606,Male,No,3+,Graduate,No,4972,0,144,300,1.0,Urban,Y
LP102607,Male,No,3+,Graduate,No,7219,0,295,360,1.0,Rural,Y
LP102608,Male,Yes,0,Graduate,No,4531,2602,271,180,1.0,Semiurban,Y
LP102609,Male,Yes,0,Not Graduate,No,1376,1286,100,360,0.0,Urban,N
LP102610,Female,Yes,0,Graduate,No,2354,2410,220,360,1.0,Semiurban,Y
LP102611,Male,Yes,1,Graduate,No,6125,0,305,60,0.0,Rural,N
LP102612,Male,Yes,1,Graduate,No,3456,0,120,360,1.0,Urban,Y
LP102613,Male,Yes,0,Graduate,No,4468,0,121,120,0.0,Rural,N
LP102614,Male,Yes,3+,Graduate,No,7523,878,355,360,1.0,Urban,Y
LP102615,Male,Yes,1,Graduate,No,2161,3086,105,300,1.0,Urban,Y
LP102616,Male,Yes,2,Graduate,No,3334,3372,221,180,1.0,Urban,Y
LP102617,Male,No,0,Graduate,No,3141,0,105,360,1.0,Rural,Y
LP102618,Female,No,0,Graduate,No,5091,0,252,180,1.0,Semiurban,Y
LP102619,Male,Yes,3+,Graduate,No,6405,10933,700,360,1.0,Rural,Y
LP102620,Female,Yes,1,Graduate,No,1855,0,80,120,1.0,Semiurban,Y
LP102621,Female,Yes,2,Graduate,Yes,4592,0,145,360,1.0,Semiurban,Y
LP102622,Male,Yes,3+,Not Graduate,No,5286,0,181,360,1.0,Rural,Y
LP102623,Female,No,1,Not Graduate,No,1181,0,31,180,0.0,Semiurban,N
LP102624,Male,Yes,0,Graduate,No,4041,0,178,360,0.0,Rural,N
LP102625,Female,No,0,Graduate,No,2145,0,88,360,1.0,Urban,Y
LP102626,Male,No,0,Graduate,Yes,3236,0,136,240,1.0,Semiurban,N
LP102627,Male,Yes,0,Graduate,No,1056,2638,73,360,1.0,Semiurban,Y
LP102628,Male,Yes,0,Not Graduate,Yes,7754,1469,267,360,0.0,Rural,N
LP102629,Male,Yes,0,Graduate,No,3443,2281,194,360,1.0,Urban,Y
LP102630,Male,Yes,0,Graduate,No,2686,0,52,360,0.0,Semiurban,N
LP102631,Male,Yes,0,Graduate,No,5016,0,140,360,1.0,Semiurban,Y
LP102632,Male,Yes,0,Graduate,No,2360,1385,68,360,1.0,Semiurban,Y
LP102633,Male,No,0,Graduate,Yes,2464,0,120,360,0.0,Urban,N
LP102634,Male,Yes,0,Graduate,No,9609,0,397,240,1.0,Urban,Y
LP102635,Male,Yes,1,Graduate,No,11322,2536,509,360,1.0,Rural,Y
LP102636,Female,Yes,0,Graduate,Yes,3326,3563,153,360,1.0,Semiurban,Y
LP102637,Male,No,0,Graduate,No,7531,0,201,360,1.0,Semiurban,Y
LP102638,Female,Yes,1,Graduate,Yes,5602,0,112,360,0.0,Rural,N
LP102639,Male,No,2,Graduate,No,1924,0,65,360,1.0,Urban,Y
LP102640,Male,Yes,0,Graduate,No,2513,3136,247,360,1.0,Semiurban,N
LP102641,Male,Yes,1,Graduate,No,9827,1243,173,360,1.0,Rural,Y
LP102642,Female,Yes,3+,Graduate,No,1910,1326,60,360,1.0,Rural,Y
LP102643,Male,Yes,2,Graduate,No,14681,2594,398,360,1.0,Urban,Y
LP102644,Male,No,0,Graduate,No,3058,5299,334,360,1.0,Semiurban,Y
LP102645,Male,Yes,1,Graduate,No,9989,2015,556,180,1.0,Semiurban,Y
LP102646,Female,No,0,Graduate,No,3539,0,146,360,1.0,Rural,Y
LP102647,Male,Yes,0,Graduate,No,6501,879,246,360,1.0,Semiurban,Y
LP102648,Male,Yes,3+,Graduate,No,9018,1606,198,360,1.0,Rural,Y
LP102649,Male,Yes,0,Graduate,No,8993,1301,426,60,1.0,Urban,Y
LP102650,Male,Yes,3+,Graduate,Yes,3340,2031,100,360,1.0,Semiurban,N
LP102651,Male,No,0,Graduate,No,2613,806,93,360,1.0,Semiurban,Y
LP102652,Male,No,3+,Graduate,Yes,4405,0,114,360,1.0,Semiurban,Y
LP102653,Male,Yes,0,Graduate,No,2048,0,56,120,1.0,Semiurban,Y
LP102654,Male,Yes,0,Not Graduate,No,3738,3513,192,360,1.0,Rural,Y
LP102655,Male,Yes,1,Graduate,No,2666,1193,162,360,1.0,Rural,Y
LP102656,Female,Yes,0,Graduate,No,7595,0,160,120,1.0,Urban,Y
LP102657,Female,Yes,0,Graduate,No,3060,0,136,360,1.0,Rural,Y
LP102658,Male,Yes,2,Graduate,No,1606,1522,141,300,1.0,Urban,Y
LP102659,Male,Yes,0,Graduate,No,9048,8231,556,360,1.0,Semiurban,Y
LP102660,Male,Yes,2,Graduate,No,4631,0,87,360,1.0,Rural,Y
LP102661,Female,Yes,0,Graduate,No,4255,0,150,84,0.0,Urban,N
LP102662,Male,Yes,0,Graduate,Yes,8408,2492,477,360,1.0,Rural,Y
LP102663,Male,Yes,3+,Not Graduate,No,5292,486,145,180,1.0,Rural,Y
LP102664,Male,Yes,0,Graduate,No,2754,4184,165,120,1.0,Semiurban,Y
LP102665,Male,No,1,Not Graduate,Yes,2815,2717,214,360,1.0,Urban,Y
LP102666,Male,Yes,1,Graduate,No,2270,0,112,360,1.0,Semiurban,Y
LP102667,Male,Yes,0,Graduate,No,1871,2806,205,360,1.0,Rural,Y
LP102668,Male,Yes,2,Graduate,No,5756,3019,194,360,1.0,Urban,Y
LP102669,Male,Yes,1,Graduate,No,5195,0,160,360,0.0,Semiurban,N
LP102670,Male,No,0,Graduate,No,6363,2510,165,180,1.0,Urban,Y
LP102671,Male,Yes,2,Graduate,No,8473,3749,213,360,1.0,Urban,Y
LP102672,Male,No,0,Graduate,No,6411,0,255,360,0.0,Rural,N
LP102673,Male,No,0,Not Graduate,No,5269,0,247,360,1.0,Urban,Y
LP102674,Female,Yes,3+,Graduate,No,1335,0,66,360,1.0,Rural,Y
LP102675,Male,Yes,1,Graduate,No,3537,4579,199,240,1.0,Semiurban,Y
LP102676,Male,No,2,Graduate,No,7117,0,157,360,1.0,Semiurban,Y
LP102677,Male,Yes,1,Graduate,Yes,2423,994,118,360,1.0,Urban,Y
LP102678,Male,Yes,2,Graduate,No,4404,0,97,300,1.0,Rural,Y
LP102679,Male,Yes,3+,Graduate,No,5572,2624,208,360,1.0,Urban,Y
LP102680,Male,Yes,0,Not Graduate,Yes,4599,4018,382,360,1.0,Semiurban,Y
LP102681,Female,Yes,0,Graduate,No,5129,0,222,360,0.0,Semiurban,Y
LP102682,Male,Yes,0,Graduate,No,5821,0,270,360,1.0,Semiurban,Y
LP102683,Male,No,1,Graduate,No,4625,0,147,360,1.0,Semiurban,Y
LP102684,Male,Yes,0,Not Graduate,No,1466,1317,97,360,1.0,Semiurban,Y
LP102685,Male,No,0,Graduate,No,5534,0,232,84,1.0,Urban,Y
LP102686,Male,Yes,0,Graduate,No,4897,2250,167,360,1.0,Semiurban,Y
LP102687,Male,Yes,3+,Not Graduate,No,1476,0,65,360,1.0,Rural,Y
LP102688,Male,Yes,1,Not Graduate,No,6999,0,109,360,1.0,Semiurban,Y
LP102689,Male,Yes,0,Graduate,No,5616,0,241,360,1.0,Urban,Y
LP102690,Male,Yes,0,Not Graduate,No,1534,0,65,360,1.0,Urban,Y
LP102691,Male,Yes,0,Graduate,No,2671,4108,173,360,0.0,Urban,N
LP102692,Male,No,0,Graduate,No,3070,0,124,360,1.0,Urban,Y
LP102693,Male,Yes,0,Graduate,No,3069,0,165,360,1.0,Urban,Y
LP102694,Female,Yes,2,Not Graduate,No,3850,0,135,84,1.0,Semiurban,Y
LP102695,Male,No,3+,Graduate,No,2447,0,97,360,1.0,Urban,Y
LP102696,Male,No,0,Graduate,No,7787,0,312,360,1.0,Semiurban,Y
LP102697,Male,Yes,0,Not Graduate,No,5825,1725,373,360,1.0,Rural,Y
LP102698,Male,Yes,0,Graduate,No,5886,1809,164,120,1.0,Rural,Y
LP102699,Male,No,0,Graduate,No,4290,0,137,240,0.0,Rural,N
LP102700,Male,Yes,0,Graduate,No,7012,2100,417,360,1.0,Urban,N
LP102701,Female,Yes,0,Graduate,No,3597,0,125,360,1.0,Urban,Y
LP102702,Male,Yes,0,Graduate,No,2811,0,128,360,1.0,Rural,Y
LP102703,Male,No,2,Not Graduate,No,6306,0,190,300,1.0,Urban,Y
LP102704,Male,Yes,1,Graduate,Yes,5485,2728,352,360,0.0,Urban,Y
LP102705,Female,No,1,Graduate,No,2874,0,131,240,1.0,Semiurban,Y
LP102706,Male,Yes,0,Graduate,No,3328,2778,272,120,1.0,Urban,Y
LP102707,Male,No,2,Graduate,No,2793,1293,186,360,1.0,Rural,N
LP102708,Male,Yes,3+,Graduate,No,12733,1075,313,360,0.0,Rural,N
LP102709,Male,Yes,0,Graduate,No,4197,0,127,360,1.0,Semiurban,Y
LP102710,Male,No,0,Graduate,Yes,5023,4997,212,360,1.0,Rural,Y
LP102711,Male,Yes,0,Not Graduate,No,4872,2441,156,360,1.0,Urban,Y
LP102712,Male,Yes,0,Graduate,No,2146,1157,106,360,1.0,Semiurban,Y
LP102713,Male,Yes,0,Graduate,No,7653,0,372,360,1.0,Urban,Y
LP102714,Male,Yes,1,Not Graduate,No,2346,0,84,360,1.0,Semiurban,Y
LP102715,Male,Yes,0,Not Graduate,No,8966,0,402,360,1.0,Urban,Y
LP102716,Male,No,0,Graduate,No,3526,0,169,360,1.0,Semiurban,N
LP102717,Female,Yes,0,Not Graduate,No,5798,3656,170,180,1.0,Rural,Y
LP102718,Female,Yes,3+,Graduate,No,1061,0,22,360,1.0,Urban,Y
LP102719,Male,Yes,0,Graduate,No,2194,1334,89,360,1.0,Urban,N
LP102720,Female,Yes,1,Graduate,No,3563,985,166,360,1.0,Urban,Y
LP102721,Female,No,0,Graduate,No,1370,0,24,360,1.0,Semiurban,Y
LP102722,Female,Yes,0,Graduate,No,5827,0,248,240,1.0,Urban,Y
LP102723,Male,Yes,0,Graduate,Yes,5471,0,94,360,1.0,Rural,Y
LP102724,Male,No,0,Graduate,Yes,2671,0,55,360,0.0,Semiurban,Y
LP102725,Male,Yes,0,Graduate,No,4151,1942,173,360,1.0,Semiurban,Y
LP102726,Male,No,0,Graduate,No,6525,0,225,360,0.0,Semiurban,N
LP102727,Male,No,0,Graduate,No,1317,1630,135,360,1.0,Urban,Y
LP102728,Male,No,1,Graduate,No,2078,0,101,360,0.0,Urban,N
LP102729,Male,Yes,0,Graduate,No,3482,671,191,360,1.0,Semiurban,Y
LP102730,Male,No,1,Graduate,Yes,4666,0,87,360,1.0,Rural,Y
LP102731,Male,No,0,Graduate,No,4054,0,150,360,1.0,Urban,Y
LP102732,Male,Yes,1,Graduate,No,6829,1308,248,360,1.0,Urban,Y
LP102733,Female,Yes,0,Graduate,No,5444,0,106,360,1.0,Urban,Y
LP102734,Female,Yes,1,Graduate,Yes,6756,0,233,360,1.0,Urban,Y
LP102735,Female,Yes,3+,Not Graduate,No,1526,5356,189,360,1.0,Urban,Y
LP102736,Female,Yes,3+,Graduate,No,4534,0,123,360,0.0,Semiurban,N
LP102737,Male,Yes,0,Graduate,No,3536,0,65,360,1.0,Rural,Y
LP102738,Female,Yes,2,Graduate,Yes,10293,3739,691,360,1.0,Urban,Y
LP102739,Male,Yes,0,Graduate,No,4609,4011,348,360,1.0,Semiurban,Y
LP102740,Male,Yes,3+,Graduate,No,2898,1345,105,360,1.0,Urban,Y
LP102741,Male,Yes,0,Graduate,No,6692,3561,483,180,1.0,Semiurban,Y
LP102742,Male,No,0,Not Graduate,No,4467,0,215,360,0.0,Semiurban,N
LP102743,Male,Yes,0,Graduate,No,2665,0,116,360,0.0,Rural,N
LP102744,Male,Yes,0,Graduate,No,3457,2177,215,360,0.0,Urban,N
LP102745,Female,Yes,1,Not Graduate,No,2731,1590,122,120,1.0,Urban,Y
LP102746,Male,Yes,3+,Graduate,No,8224,1540,295,180,1.0,Semiurban,Y
LP102747,Male,No,1,Graduate,No,4682,3608,256,360,0.0,Semiurban,N
LP102748,Female,No,1,Not Graduate,No,4887,0,236,360,0.0,Urban,N
LP102749,Male,Yes,2,Graduate,No,3192,1057,177,360,1.0,Urban,Y
LP102750,Male,No,0,Graduate,No,5034,2995,202,360,1.0,Semiurban,Y
LP102751,Male,Yes,0,Not Graduate,No,6711,1913,318,360,1.0,Urban,Y
LP102752,Male,Yes,0,Graduate,No,3433,3622,252,240,1.0,Rural,Y
LP102753,Male,Yes,0,Not Graduate,No,3491,2477,259,36,1.0,Semiurban,Y
LP102754,Female,No,0,Graduate,No,1978,898,53,360,1.0,Urban,Y
LP102755,Male,Yes,0,Graduate,No,2748,2075,191,120,1.0,Semiurban,Y
LP102756,Male,No,0,Graduate,No,3484,0,93,360,1.0,Urban,Y
LP102757,Female,No,0,Graduate,No,2336,2299,91,360,1.0,Semiurban,Y
LP102758,Male,Yes,2,Graduate,No,8663,1509,413,360,1.0,Semiurban,Y
LP102759,Male,Yes,0,Graduate,No,2641,1695,115,360,1.0,Semiurban,Y
LP102760,Male,No,0,Graduate,No,6454,0,262,300,1.0,Rural,Y
LP102761,Male,Yes,1,Graduate,No,4640,0,96,180,0.0,Urban,N
LP102762,Male,Yes,0,Graduate,No,4259,831,252,360,1.0,Rural,Y
LP102763,Male,Yes,0,Graduate,No,9482,2525,518,180,0.0,Rural,N
LP102764,Male,Yes,0,Graduate,No,1208,1185,60,360,1.0,Urban,Y
LP102765,Female,Yes,0,Graduate,No,3759,0,154,360,1.0,Urban,Y
LP102766,Male,Yes,0,Not Graduate,No,1809,0,36,360,1.0,Urban,Y
LP102767,Male,Yes,0,Graduate,No,1424,909,88,120,1.0,Urban,Y
LP102768,Male,Yes,0,Graduate,No,2170,1564,64,120,1.0,Semiurban,Y
LP102769,Male,No,1,Not Graduate,No,3308,0,88,12,1.0,Urban,Y
LP102770,Male,No,0,Graduate,No,2810,0,138,360,1.0,Rural,Y
LP102771,Male,Yes,0,Graduate,No,6856,2944,188,360,1.0,Urban,Y
LP102772,Female,Yes,0,Graduate,No,3722,2211,213,360,1.0,Urban,Y
LP102773,Male,No,2,Not Graduate,No,2741,860,63,360,1.0,Urban,Y
LP102774,Male,Yes,0,Graduate,No,3511,4767,318,360,1.0,Urban,Y
LP102775,Male,Yes,1,Not Graduate,No,3104,1722,119,360,0.0,Rural,N
LP102776,Male,No,2,Not Graduate,No,2603,0,67,360,1.0,Semiurban,Y
LP102777,Male,No,0,Graduate,No,2622,1469,110,360,1.0,Urban,Y
LP102778,Male,No,0,Graduate,No,7214,0,160,360,1.0,Rural,Y
LP102779,Male,No,0,Graduate,No,2971,0,142,360,1.0,Rural,Y
LP102780,Male,Yes,0,Graduate,Yes,3730,1328,236,240,1.0,Semiurban,Y
LP102781,Female,Yes,0,Graduate,No,5303,0,241,360,1.0,Rural,Y
LP102782,Female,No,0,Not Graduate,No,3905,0,73,360,0.0,Semiurban,N
LP102783,Female,Yes,0,Graduate,No,2562,2885,126,60,1.0,Semiurban,Y
LP102784,Female,Yes,0,Graduate,No,6342,611,253,360,1.0,Urban,Y
LP102785,Male,No,2,Graduate,Yes,6191,1855,394,360,0.0,Urban,N
LP102786,Female,No,0,Graduate,No,4618,0,167,360,1.0,Semiurban,Y
LP102787,Male,Yes,3+,Graduate,No,3303,1021,114,360,1.0,Rural,N
LP102788,Female,No,3+,Graduate,No,3348,4912,360,360,1.0,Semiurban,Y
LP102789,Female,No,3+,Graduate,No,3747,0,74,84,0.0,Rural,N
LP102790,Male,No,2,Graduate,No,2127,1651,173,360,1.0,Urban,Y
LP102791,Female,Yes,0,Not Graduate,No,3207,2577,284,360,1.0,Semiurban,Y
LP102792,Male,Yes,0,Graduate,No,6839,0,334,360,1.0,Semiurban,N
LP102793,Male,Yes,0,Graduate,Yes,7458,4234,236,60,1.0,Semiurban,Y
LP102794,Male,Yes,0,Graduate,No,3396,3675,242,360,1.0,Semiurban,Y
LP102795,Male,Yes,2,Graduate,No,7518,0,267,360,1.0,Urban,Y
LP102796,Male,Yes,3+,Graduate,Yes,13139,2884,350,240,1.0,Urban,Y
LP102797,Male,Yes,0,Graduate,Yes,3871,824,160,240,1.0,Rural,Y
LP102798,Female,No,0,Not Graduate,No,4793,0,180,360,1.0,Urban,Y
LP102799,Male,Yes,0,Graduate,No,1206,1883,82,360,1.0,Semiurban,Y
LP102800,Female,No,0,Not Graduate,No,1640,0,43,360,1.0,Semiurban,Y
LP102801,Female,No,0,Graduate,No,4402,0,75,360,0.0,Urban,N
LP102802,Female,Yes,0,Not Graduate,No,1884,3662,269,360,1.0,Rural,Y
LP102803,Female,No,2,Graduate,No,12853,1066,600,360,1.0,Semiurban,Y
LP102804,Male,Yes,0,Graduate,No,5817,0,242,360,1.0,Rural,Y
LP102805,Female,Yes,2,Graduate,No,7122,7700,165,360,0.0,Semiurban,N
LP102806,Male,No,1,Not Graduate,No,3225,0,119,36,1.0,Semiurban,Y
LP102807,Male,Yes,2,Not Graduate,No,1887,0,40,120,1.0,Rural,Y
LP102808,Male,No,0,Graduate,No,3148,2051,198,360,0.0,Rural,N
LP102809,Male,Yes,2,Graduate,No,4816,2053,252,180,0.0,Rural,N
LP102810,Male,No,1,Graduate,Yes,3243,0,145,180,1.0,Semiurban,Y
LP102811,Male,Yes,0,Not Graduate,No,4740,2892,183,360,1.0,Urban,N
LP102812,Male,Yes,0,Not Graduate,No,4846,0,77,360,0.0,Urban,N
LP102813,Male,Yes,3+,Not Graduate,Yes,3614,1977,263,180,1.0,Rural,Y
LP102814,Male,No,0,Not Graduate,No,1201,1701,136,360,1.0,Rural,Y
LP102815,Male,No,0,Not Graduate,No,8415,0,260,180,1.0,Semiurban,Y
LP102816,Male,Yes,0,Graduate,No,3725,1483,165,360,1.0,Urban,Y
LP102817,Male,Yes,1,Not Graduate,No,14541,721,495,60,1.0,Semiurban,Y
LP102818,Male,Yes,2,Graduate,No,5995,2394,280,360,1.0,Urban,Y
LP102819,Male,No,0,Not Graduate,No,2919,0,128,360,0.0,Semiurban,N
LP102820,Female,Yes,0,Graduate,No,5356,1822,288,120,1.0,Semiurban,Y
LP102821,Male,No,3+,Graduate,No,1379,0,24,360,0.0,Rural,N
LP102822,Male,No,2,Graduate,No,7362,0,292,360,1.0,Urban,Y
LP102823,Male,Yes,2,Graduate,Yes,18899,3441,441,360,1.0,Semiurban,Y
LP102824,Male,Yes,0,Graduate,No,1327,843,39,360,1.0,Urban,Y
LP102825,Female,Yes,0,Graduate,No,3575,3034,191,360,1.0,Semiurban,Y
LP102826,Male,No,0,Graduate,No,3951,1530,97,360,1.0,Semiurban,Y
LP102827,Male,Yes,1,Graduate,No,6776,1976,385,120,1.0,Rural,Y
LP102828,Male,Yes,0,Graduate,No,13334,1324,457,360,1.0,Urban,Y
LP102829,Male,Yes,0,Graduate,No,5169,1011,220,360,1.0,Urban,Y
LP102830,Male,Yes,0,Not Graduate,No,10643,4725,541,360,1.0,Rural,Y
LP102831,Male,Yes,0,Graduate,No,4599,3260,387,300,1.0,Urban,Y
LP102832,Male,Yes,2,Graduate,No,5367,2942,391,180,1.0,Urban,Y
LP102833,Male,Yes,0,Graduate,No,5016,3447,378,360,1.0,Semiurban,Y
LP102834,Male,No,1,Graduate,No,8192,0,233,360,1.0,Semiurban,Y
LP102835,Female,Yes,3+,Graduate,No,3319,0,67,360,1.0,Urban,Y
LP102836,Female,Yes,0,Graduate,No,6567,1342,282,360,1.0,Urban,Y
LP102837,Male,No,1,Graduate,No,2128,4567,204,360,1.0,Rural,Y
LP102838,Male,Yes,3+,Graduate,No,3581,4329,181,360,1.0,Semiurban,Y
LP102839,Male,No,3+,Graduate,No,2950,2511,101,360,1.0,Urban,Y
LP102840,Male,No,0,Graduate,No,4395,0,133,360,1.0,Urban,Y
LP102841,Male,Yes,0,Graduate,No,3519,959,169,360,0.0,Semiurban,N
LP102842,Female,Yes,0,Not Graduate,Yes,6719,2292,332,360,1.0,Urban,Y
LP102843,Female,No,0,Graduate,No,2582,0,109,360,1.0,Rural,N
LP102844,Male,Yes,1,Graduate,No,1616,996,82,180,1.0,Semiurban,Y
LP102845,Male,Yes,0,Graduate,No,1985,0,52,360,0.0,Semiurban,Y
LP102846,Female,No,0,Graduate,No,7234,0,245,360,1.0,Rural,Y
LP102847,Male,Yes,0,Graduate,Yes,2702,0,133,360,1.0,Semiurban,Y
LP102848,Male,No,1,Graduate,No,5211,0,86,360,1.0,Urban,Y
LP102849,Male,Yes,0,Graduate,No,3560,1272,162,360,1.0,Semiurban,Y
LP102850,Male,Yes,1,Graduate,No,6589,2946,253,180,1.0,Semiurban,Y
LP102851,Male,Yes,0,Graduate,No,3688,3174,128,360,1.0,Urban,Y
LP102852,Male,No,0,Graduate,No,19152,2302,648,360,1.0,Urban,Y
LP102853,Female,No,0,Graduate,No,11893,0,445,360,1.0,Semiurban,Y
LP102854,Male,No,0,Not Graduate,No,2755,0,92,360,0.0,Urban,N
LP102855,Male,Yes,0,Graduate,No,3265,2074,86,120,0.0,Semiurban,N
LP102856,Male,Yes,0,Graduate,No,23448,1605,700,360,1.0,Semiurban,Y
LP102857,Male,Yes,0,Graduate,No,2313,2268,106,360,1.0,Semiurban,Y
LP102858,Male,Yes,0,Graduate,No,4062,1648,154,360,1.0,Semiurban,Y
LP102859,Male,Yes,0,Graduate,No,4239,1673,153,360,1.0,Urban,Y
LP102860,Female,Yes,1,Graduate,No,4182,2198,287,120,0.0,Urban,N
LP102861,Male,Yes,0,Not Graduate,Yes,1385,0,23,300,1.0,Urban,Y
LP102862,Female,No,1,Graduate,No,5502,0,150,360,1.0,Urban,Y
LP102863,Male,Yes,1,Graduate,No,2455,1632,118,240,1.0,Urban,Y
LP102864,Male,No,1,Graduate,No,9224,2772,440,360,1.0,Semiurban,Y
LP102865,Male,Yes,3+,Not Graduate,No,1471,0,63,360,1.0,Rural,Y
LP102866,Male,Yes,0,Graduate,No,4326,2816,289,360,0.0,Semiurban,N
LP102867,Male,Yes,1,Graduate,No,1238,4018,217,180,0.0,Rural,N
LP102868,Male,Yes,3+,Graduate,Yes,1408,0,31,360,1.0,Rural,Y
LP102869,Male,Yes,2,Graduate,No,2639,1297,185,360,1.0,Rural,N
LP102870,Female,Yes,0,Graduate,No,2852,1816,138,360,1.0,Rural,Y
LP102871,Female,Yes,0,Not Graduate,No,7338,1936,143,120,1.0,Semiurban,Y
LP102872,Female,No,0,Graduate,No,4095,0,157,360,1.0,Semiurban,Y
LP102873,Male,No,1,Graduate,No,8524,0,308,360,1.0,Urban,Y
LP102874,Female,No,1,Not Graduate,No,2659,1895,88,360,1.0,Semiurban,Y
LP102875,Male,Yes,0,Graduate,No,5844,0,284,360,1.0,Semiurban,Y
LP102876,Male,Yes,0,Graduate,No,2809,2274,176,360,1.0,Semiurban,Y
LP102877,Male,Yes,1,Graduate,No,2706,1985,147,360,1.0,Semiurban,Y
LP102878,Male,Yes,0,Graduate,No,1538,2306,111,360,1.0,Semiurban,Y
LP102879,Male,Yes,2,Graduate,Yes,5540,1016,146,360,1.0,Semiurban,Y
LP102880,Male,Yes,2,Graduate,No,4836,1006,282,180,0.0,Semiurban,N
LP102881,Female,Yes,0,Not Graduate,No,5025,771,229,240,1.0,Semiurban,Y
LP102882,Male,Yes,1,Not Graduate,No,3688,2262,207,360,1.0,Rural,N
LP102883,Male,Yes,0,Graduate,No,12761,0,473,360,1.0,Rural,Y
LP102884,Male,No,0,Graduate,No,4613,0,205,360,1.0,Rural,Y
LP102885,Female,No,3+,Graduate,No,7225,0,269,360,1.0,Urban,Y
LP102886,Male,Yes,2,Graduate,Yes,3854,4782,164,360,0.0,Rural,N
LP102887,Male,No,0,Graduate,No,2540,0,100,360,1.0,Urban,Y
LP102888,Female,Yes,0,Graduate,Yes,6835,1922,304,360,1.0,Rural,Y
LP102889,Female,No,0,Graduate,No,3987,0,195,180,1.0,Urban,Y
LP102890,Male,No,0,Not Graduate,No,5178,0,211,360,1.0,Semiurban,N
LP102891,Male,Yes,0,Graduate,No,5084,0,137,360,1.0,Semiurban,Y
LP102892,Male,Yes,0,Graduate,No,2707,1631,86,120,0.0,Semiurban,N
LP102893,Male,No,0,Graduate,No,7560,0,241,360,1.0,Semiurban,Y
LP102894,Male,Yes,0,Graduate,No,2593,2057,180,360,1.0,Semiurban,Y
LP102895,Female,No,0,Not Graduate,No,4622,0,98,360,1.0,Semiurban,N
LP102896,Male,Yes,3+,Not Graduate,No,6631,2494,344,360,1.0,Urban,Y
LP102897,Male,Yes,1,Graduate,No,3389,1420,211,240,1.0,Semiurban,Y
LP102898,Male,Yes,0,Graduate,No,7907,0,162,360,1.0,Urban,Y
LP102899,Male,Yes,0,Graduate,No,5211,976,246,360,0.0,Semiurban,N
LP102900,Male,No,0,Graduate,No,6690,0,116,120,1.0,Urban,Y
LP102901,Male,No,0,Graduate,No,2643,1634,65,360,1.0,Semiurban,Y
LP102902,Male,Yes,0,Graduate,No,4711,2295,113,360,1.0,Semiurban,Y
LP102903,Male,Yes,2,Graduate,No,1930,3484,201,12,1.0,Urban,Y
LP102904,Male,No,1,Graduate,No,10732,0,527,360,0.0,Semiurban,N
LP102905,Male,Yes,1,Graduate,No,1383,0,58,360,1.0,Semiurban,Y
LP102906,Female,Yes,0,Graduate,No,3445,3025,155,240,1.0,Rural,Y
LP102907,Male,Yes,3+,Graduate,No,2508,0,44,360,1.0,Rural,Y
LP102908,Male,No,3+,Graduate,Yes,6675,2348,330,120,1.0,Semiurban,Y
LP102909,Male,No,0,Graduate,No,12063,2521,220,360,1.0,Semiurban,Y
LP102910,Male,Yes,0,Graduate,No,6003,2945,382,120,1.0,Semiurban,Y
LP102911,Male,Yes,0,Graduate,No,21343,0,502,360,1.0,Urban,Y
LP102912,Male,No,0,Not Graduate,No,1536,1619,80,360,1.0,Urban,Y
LP102913,Female,No,1,Not Graduate,No,1602,0,43,360,1.0,Rural,Y
LP102914,Male,Yes,0,Not Graduate,No,2005,1677,154,360,1.0,Semiurban,Y
LP102915,Male,Yes,0,Graduate,No,4476,0,109,360,1.0,Semiurban,Y
LP102916,Male,No,0,Graduate,No,2380,0,59,360,0.0,Urban,N
LP102917,Female,Yes,0,Graduate,No,2769,2537,180,120,1.0,Urban,N
LP102918,Male,Yes,2,Graduate,No,5890,0,184,180,0.0,Urban,N
LP102919,Male,Yes,0,Graduate,Yes,2330,1242,173,300,0.0,Semiurban,N
LP102920,Male,Yes,1,Graduate,No,2245,0,54,240,1.0,Semiurban,N
LP102921,Male,Yes,0,Graduate,No,3363,0,61,180,1.0,Semiurban,Y
LP102922,Female,Yes,0,Graduate,No,3542,1280,164,240,1.0,Semiurban,Y
LP102923,Male,No,0,Not Graduate,No,5711,0,123,360,0.0,Rural,N
LP102924,Male,Yes,1,Graduate,No,2551,1163,109,180,0.0,Semiurban,N
LP102925,Female,Yes,0,Not Graduate,No,2205,0,48,180,0.0,Rural,N
LP102926,Female,Yes,0,Graduate,No,5766,2269,368,360,0.0,Semiurban,N
LP102927,Female,No,0,Graduate,Yes,7157,0,189,300,1.0,Urban,Y
LP102928,Male,No,0,Graduate,No,9187,0,387,360,1.0,Rural,Y
LP102929,Male,Yes,3+,Graduate,No,5420,1948,355,360,1.0,Urban,Y
LP102930,Male,No,0,Graduate,No,4498,3669,391,360,1.0,Urban,Y
LP102931,Male,Yes,0,Graduate,No,5745,974,224,360,1.0,Semiurban,Y
LP102932,Male,No,0,Graduate,No,3614,1042,230,360,1.0,Semiurban,N
LP102933,Male,Yes,2,Graduate,No,3600,1008,175,360,1.0,Urban,Y
LP102934,Male,No,0,Graduate,No,1578,2573,81,180,1.0,Semiurban,Y
LP102935,Male,Yes,1,Graduate,No,6844,2708,440,180,1.0,Semiurban,Y
LP102936,Female,Yes,2,Graduate,No,4704,1505,195,180,1.0,Semiurban,Y
LP102937,Male,No,0,Not Graduate,No,5024,0,102,360,1.0,Semiurban,Y
LP102938,Male,Yes,0,Graduate,No,890,4276,221,360,1.0,Semiurban,Y
LP102939,Male,Yes,0,Graduate,No,4080,1317,199,120,1.0,Urban,Y
LP102940,Male,Yes,2,Graduate,No,2615,0,120,360,0.0,Urban,N
LP102941,Male,No,0,Not Graduate,No,7483,0,329,360,1.0,Urban,Y
LP102942,Male,Yes,0,Graduate,No,5870,0,154,360,1.0,Semiurban,Y
LP102943,Male,Yes,1,Graduate,No,4763,2913,184,360,1.0,Semiurban,Y
LP102944,Male,No,0,Graduate,No,3302,0,134,60,1.0,Semiurban,N
LP102945,Male,Yes,0,Graduate,No,5209,1709,243,120,1.0,Semiurban,Y
LP102946,Male,Yes,0,Graduate,Yes,2764,574,58,360,1.0,Semiurban,Y
LP102947,Male,No,0,Graduate,No,3964,0,165,360,1.0,Urban,Y
LP102948,Male,Yes,0,Not Graduate,No,2384,6825,187,360,1.0,Urban,Y
LP102949,Female,Yes,0,Graduate,No,14564,540,538,360,0.0,Rural,Y
LP102950,Female,Yes,2,Not Graduate,No,7355,849,148,360,1.0,Semiurban,Y
LP102951,Male,No,0,Not Graduate,No,5880,2209,180,360,1.0,Semiurban,Y
LP102952,Male,Yes,2,Graduate,No,1845,1976,130,84,1.0,Semiurban,Y
LP102953,Male,No,1,Graduate,No,6735,0,132,240,1.0,Semiurban,Y
LP102954,Female,No,0,Graduate,Yes,5107,0,121,240,1.0,Semiurban,Y
LP102955,Male,Yes,1,Not Graduate,No,6422,2426,414,360,1.0,Urban,Y
LP102956,Male,No,0,Graduate,No,4999,3403,331,360,1.0,Rural,Y
LP102957,Female,Yes,3+,Graduate,Yes,4589,11028,402,360,1.0,Urban,N
LP102958,Male,Yes,2,Graduate,No,4762,4378,418,360,1.0,Urban,Y
LP102959,Female,No,0,Not Graduate,Yes,1335,917,54,120,1.0,Urban,Y
LP102960,Male,No,0,Not Graduate,No,2149,1984,147,300,1.0,Semiurban,N
LP102961,Male,Yes,0,Graduate,No,5141,2850,223,360,0.0,Semiurban,N
LP102962,Male,Yes,0,Graduate,No,7836,1322,378,360,1.0,Semiurban,Y
LP102963,Female,Yes,0,Graduate,No,3093,0,87,360,1.0,Rural,Y
LP102964,Female,Yes,0,Graduate,No,4094,0,97,360,0.0,Urban,N
LP102965,Male,Yes,1,Not Graduate,No,1358,4198,202,360,1.0,Semiurban,Y
LP102966,Male,Yes,0,Graduate,No,9343,3234,517,300,0.0,Semiurban,N
LP102967,Male,No,2,Graduate,No,7726,0,261,360,1.0,Rural,N
LP102968,Female,Yes,2,Graduate,No,5993,1363,295,12,1.0,Urban,Y
LP102969,Male,Yes,0,Graduate,No,5237,920,183,360,1.0,Rural,Y
LP102970,Male,No,2,Graduate,No,9835,0,421,360,1.0,Urban,Y
LP102971,Male,No,0,Graduate,No,2689,0,95,360,1.0,Rural,Y
LP102972,Female,Yes,0,Graduate,No,2534,0,55,240,1.0,Semiurban,Y
LP102973,Male,Yes,1,Graduate,No,7507,0,347,360,1.0,Rural,Y
LP102974,Male,Yes,0,Graduate,No,7235,0,320,120,1.0,Urban,Y
LP102975,Male,Yes,0,Graduate,No,2172,952,152,360,1.0,Urban,Y
LP102976,Female,Yes,2,Graduate,No,3126,0,109,240,1.0,Urban,Y
LP102977,Male,No,3+,Graduate,No,10602,0,410,360,1.0,Semiurban,Y
LP102978,Male,Yes,1,Graduate,No,5251,2414,347,360,1.0,Semiurban,Y
LP102979,Female,Yes,2,Graduate,No,6456,0,109,360,1.0,Rural,Y
LP102980,Male,Yes,0,Graduate,No,2213,0,104,360,1.0,Semiurban,Y
LP102981,Male,Yes,0,Graduate,No,6008,0,147,360,1.0,Urban,Y
LP102982,Male,Yes,1,Graduate,No,1918,3202,165,360,1.0,Urban,Y
LP102983,Female,No,0,Not Graduate,No,1103,0,26,180,1.0,Urban,Y
LP102984,Male,Yes,0,Graduate,No,6245,2990,328,180,1.0,Rural,Y
LP102985,Female,Yes,0,Graduate,No,9216,0,154,360,1.0,Rural,Y
LP102986,Male,Yes,1,Graduate,No,3642,4297,119,12,1.0,Rural,Y
LP102987,Male,No,0,Graduate,No,3100,0,116,84,1.0,Semiurban,Y
LP102988,Male,Yes,1,Graduate,No,10729,1266,370,300,1.0,Urban,Y
LP102989,Female,Yes,0,Graduate,No,3762,3395,319,360,1.0,Urban,Y
LP102990,Male,No,0,Graduate,No,4038,0,97,360,1.0,Semiurban,Y
LP102991,Female,Yes,0,Graduate,No,10630,8980,487,360,1.0,Rural,Y
LP102992,Male,Yes,0,Graduate,No,3447,1238,83,360,1.0,Urban,Y
LP102993,Male,Yes,2,Not Graduate,No,2287,0,77,360,1.0,Urban,Y
LP102994,Male,Yes,0,Graduate,No,6557,1076,212,360,1.0,Semiurban,Y
LP102995,Female,Yes,0,Not Graduate,No,2215,0,60,360,1.0,Semiurban,Y
LP102996,Male,No,0,Graduate,No,3867,0,120,360,1.0,Urban,Y
LP102997,Male,Yes,0,Graduate,No,2027,2260,192,360,1.0,Rural,Y
LP102998,Male,Yes,0,Graduate,No,4637,2765,138,360,0.0,Urban,Y
LP102999,Female,Yes,0,Graduate,No,4347,2729,236,360,1.0,Rural,Y
LP103000,Male,Yes,3+,Graduate,No,7131,1735,194,360,1.0,Urban,Y
LP103001,Male,Yes,1,Graduate,No,6709,1728,189,360,1.0,Urban,Y
LP103002,Male,No,0,Graduate,No,5671,0,136,360,1.0,Urban,Y
LP103003,Male,Yes,0,Graduate,No,5201,1312,202,240,0.0,Urban,N
LP103004,Male,No,0,Graduate,No,4022,0,130,360,0.0,Semiurban,N
LP103005,Male,Yes,0,Graduate,No,5855,2249,369,360,1.0,Semiurban,Y
LP103006,Female,Yes,1,Not Graduate,No,1777,3061,224,240,1.0,Semiurban,Y
LP103007,Male,Yes,2,Graduate,No,1150,2879,143,360,1.0,Semiurban,Y
LP103008,Male,Yes,0,Not Graduate,No,6209,5086,281,360,1.0,Urban,N
LP103009,Male,Yes,2,Graduate,No,6067,1115,313,360,1.0,Urban,N
LP103010,Male,Yes,0,Not Graduate,No,3056,0,131,360,1.0,Rural,Y
LP103011,Male,No,0,Graduate,No,7561,0,325,360,1.0,Rural,N
LP103012,Male,Yes,0,Graduate,No,2800,0,44,360,1.0,Urban,Y
LP103013,Male,Yes,0,Graduate,No,2841,1478,179,360,1.0,Semiurban,Y
LP103014,Male,Yes,2,Graduate,No,2632,3996,297,360,1.0,Semiurban,Y
LP103015,Male,Yes,0,Graduate,No,5721,0,207,360,0.0,Urban,N
LP103016,Male,Yes,0,Graduate,No,1753,2561,178,240,1.0,Semiurban,Y
LP103017,Male,Yes,3+,Not Graduate,No,2149,2382,191,360,1.0,Semiurban,Y
LP103018,Male,Yes,2,Graduate,No,4910,2045,228,360,1.0,Urban,Y
LP103019,Female,No,2,Graduate,No,2159,1652,166,120,1.0,Urban,Y
LP103020,Male,No,3+,Graduate,No,2912,0,124,360,1.0,Semiurban,Y
LP103021,Male,Yes,0,Graduate,No,1241,1829,144,360,1.0,Urban,Y
LP103022,Male,Yes,2,Graduate,No,5843,5971,558,360,0.0,Urban,N
LP103023,Male,No,1,Graduate,No,2868,0,96,360,1.0,Semiurban,N
LP103024,Male,Yes,2,Not Graduate,Yes,1969,0,32,360,0.0,Semiurban,N
LP103025,Male,Yes,2,Graduate,No,2054,3062,80,360,1.0,Urban,Y
LP103026,Female,Yes,0,Graduate,No,3327,0,159,360,1.0,Rural,Y
LP103027,Male,Yes,2,Graduate,No,1756,2565,116,36,1.0,Semiurban,Y
LP103028,Male,Yes,0,Not Graduate,No,9537,810,165,360,1.0,Urban,Y
LP103029,Male,Yes,0,Graduate,No,1128,0,35,360,0.0,Semiurban,N
LP103030,Male,Yes,0,Not Graduate,No,2558,3939,158,60,1.0,Semiurban,Y
LP103031,Male,Yes,3+,Graduate,Yes,4885,1884,241,360,1.0,Urban,Y
LP103032,Male,No,0,Graduate,No,2733,1179,166,360,1.0,Semiurban,Y
LP103033,Male,Yes,0,Graduate,Yes,5176,3216,201,300,1.0,Semiurban,Y
LP103034,Male,Yes,0,Graduate,No,2697,1003,152,360,1.0,Semiurban,Y
LP103035,Male,Yes,3+,Graduate,No,9714,0,374,360,1.0,Semiurban,Y
LP103036,Male,No,0,Graduate,No,2263,0,76,360,1.0,Semiurban,Y
LP103037,Female,No,2,Graduate,No,1149,0,30,120,1.0,Urban,Y
LP103038,Male,Yes,2,Not Graduate,No,1604,2935,207,360,1.0,Semiurban,Y
LP103039,Male,Yes,0,Not Graduate,No,4053,0,118,360,1.0,Semiurban,Y
LP103040,Male,No,0,Not Graduate,No,3071,0,86,360,1.0,Rural,Y
LP103041,Female,No,1,Not Graduate,Yes,5451,0,204,360,0.0,Semiurban,N
LP103042,Male,Yes,2,Graduate,No,5518,0,261,360,1.0,Semiurban,Y
LP103043,Male,Yes,2,Graduate,No,2951,1913,159,360,1.0,Rural,Y
LP103044,Male,Yes,0,Not Graduate,No,2504,5907,339,360,0.0,Urban,N
LP103045,Male,No,2,Graduate,No,3387,0,105,360,0.0,Urban,N
LP103046,Male,Yes,0,Graduate,No,11804,508,279,360,1.0,Urban,Y
LP103047,Male,Yes,0,Graduate,No,6122,1565,149,360,1.0,Urban,Y
LP103048,Male,No,2,Graduate,No,11851,0,234,360,1.0,Semiurban,Y
LP103049,Male,No,0,Graduate,No,6649,0,105,360,1.0,Urban,Y
LP103050,Male,Yes,2,Graduate,No,4043,0,139,300,1.0,Urban,Y
LP103051,Male,No,1,Graduate,Yes,2629,0,51,360,1.0,Urban,Y
LP103052,Male,Yes,2,Not Graduate,No,3661,602,193,360,1.0,Semiurban,Y
LP103053,Male,Yes,0,Graduate,No,4049,0,200,360,1.0,Rural,Y
LP103054,Male,Yes,0,Not Graduate,No,3112,1631,153,360,1.0,Rural,Y
LP103055,Female,No,2,Graduate,No,3732,0,115,36,1.0,Urban,Y
LP103056,Male,Yes,0,Not Graduate,No,1060,2683,102,360,1.0,Semiurban,Y
LP103057,Male,No,0,Graduate,No,8377,0,313,360,1.0,Urban,Y
LP103058,Male,Yes,3+,Graduate,No,4073,1126,189,360,1.0,Urban,Y
LP103059,Female,No,0,Not Graduate,No,1505,919,65,240,1.0,Rural,Y
LP103060,Male,Yes,3+,Graduate,Yes,6003,0,162,360,1.0,Semiurban,Y
LP103061,Male,Yes,0,Not Graduate,No,2047,1285,125,180,1.0,Urban,Y
LP103062,Male,No,0,Graduate,No,5704,0,196,360,1.0,Semiurban,Y
LP103063,Male,Yes,2,Graduate,No,6800,4755,464,360,1.0,Urban,Y
LP103064,Male,No,1,Graduate,No,7336,0,352,360,1.0,Semiurban,Y
LP103065,Male,Yes,1,Graduate,No,3832,6525,438,60,1.0,Semiurban,Y
LP103066,Male,No,0,Graduate,Yes,3668,0,94,360,1.0,Urban,Y
LP103067,Female,Yes,2,Not Graduate,No,2323,989,138,360,1.0,Rural,N
LP103068,Male,Yes,0,Not Graduate,Yes,2422,1230,112,360,1.0,Semiurban,Y
LP103069,Male,No,0,Not Graduate,No,3246,0,137,300,1.0,Rural,Y
LP103070,Male,Yes,0,Graduate,No,3732,1012,218,360,1.0,Rural,Y
LP103071,Male,Yes,1,Not Graduate,No,2081,2793,116,84,1.0,Semiurban,Y
LP103072,Male,Yes,0,Graduate,No,2232,1613,90,360,1.0,Semiurban,Y
LP103073,Male,Yes,0,Not Graduate,No,3087,0,93,360,1.0,Urban,Y
LP103074,Male,Yes,0,Graduate,No,3298,0,55,360,1.0,Semiurban,Y
LP103075,Male,No,0,Graduate,No,2235,0,87,360,1.0,Urban,Y
LP103076,Female,Yes,0,Not Graduate,No,5174,0,213,360,1.0,Urban,Y
LP103077,Male,Yes,1,Not Graduate,No,8684,1906,287,360,1.0,Semiurban,Y
LP103078,Male,Yes,0,Graduate,No,7109,1473,268,360,1.0,Semiurban,Y
LP103079,Female,Yes,2,Not Graduate,No,2205,7548,348,360,0.0,Rural,N
LP103080,Male,Yes,1,Graduate,No,4073,3775,138,360,1.0,Urban,Y
LP103081,Female,No,0,Graduate,No,9769,1402,446,360,0.0,Semiurban,Y
LP103082,Male,No,1,Graduate,No,2196,0,73,360,0.0,Rural,N
LP103083,Male,Yes,0,Graduate,No,6439,0,237,360,1.0,Urban,N
LP103084,Male,Yes,2,Graduate,No,1888,2170,164,300,1.0,Urban,Y
LP103085,Male,No,3+,Graduate,No,10572,0,409,180,1.0,Urban,Y
LP103086,Male,Yes,0,Graduate,No,3305,2107,99,360,0.0,Rural,Y
LP103087,Male,Yes,1,Graduate,Yes,15694,614,691,360,1.0,Urban,Y
LP103088,Male,Yes,0,Graduate,No,10831,0,394,360,1.0,Urban,Y
LP103089,Male,Yes,0,Graduate,No,3949,5537,380,360,1.0,Semiurban,Y
LP103090,Male,No,2,Graduate,No,2819,0,68,360,1.0,Rural,Y
LP103091,Female,No,0,Graduate,No,4661,1255,135,360,1.0,Rural,Y
LP103092,Male,Yes,0,Graduate,No,3792,0,167,120,1.0,Semiurban,Y
LP103093,Female,Yes,0,Graduate,No,3357,1923,151,360,1.0,Rural,Y
LP103094,Male,No,1,Graduate,No,1682,7444,321,360,1.0,Urban,Y
LP103095,Male,No,0,Graduate,No,3155,0,108,360,1.0,Urban,Y
LP103096,Female,Yes,3+,Not Graduate,No,1779,0,63,360,1.0,Rural,Y
LP103097,Male,Yes,0,Graduate,No,5671,2024,134,360,1.0,Semiurban,Y
LP103098,Male,Yes,0,Graduate,No,7222,0,185,360,1.0,Urban,Y
LP103099,Male,No,1,Graduate,No,6293,0,109,360,1.0,Semiurban,Y
LP103100,Male,No,0,Graduate,No,5055,0,161,180,0.0,Rural,N
LP103101,Male,Yes,1,Not Graduate,No,2050,6460,396,360,1.0,Rural,Y
LP103102,Female,No,0,Graduate,Yes,5157,0,148,120,1.0,Rural,Y
LP103103,Male,Yes,0,Graduate,Yes,7123,1324,358,360,1.0,Semiurban,Y
LP103104,Male,Yes,0,Graduate,No,3033,657,92,120,1.0,Rural,Y
LP103105,Male,Yes,3+,Graduate,Yes,4917,0,221,360,1.0,Semiurban,N
LP103106,Male,Yes,0,Graduate,No,3865,1173,150,120,1.0,Semiurban,Y
LP103107,Male,Yes,2,Not Graduate,No,8176,3412,318,120,1.0,Semiurban,Y
LP103108,Male,Yes,0,Not Graduate,No,5234,1488,265,360,1.0,Semiurban,Y
LP103109,Male,Yes,1,Graduate,No,5854,0,193,360,1.0,Urban,Y
LP103110,Male,Yes,0,Not Graduate,No,1275,845,57,180,1.0,Urban,Y
LP103111,Male,Yes,3+,Graduate,No,4605,3691,141,360,1.0,Semiurban,Y
LP103112,Male,Yes,1,Not Graduate,Yes,3310,3437,141,360,0.0,Urban,N
LP103113,Male,Yes,1,Not Graduate,No,2995,0,126,240,1.0,Urban,Y
LP103114,Male,Yes,0,Graduate,No,1772,0,84,360,1.0,Urban,Y
LP103115,Female,Yes,0,Graduate,No,2302,0,48,360,1.0,Urban,Y
LP103116,Male,No,0,Graduate,No,4033,0,141,360,1.0,Semiurban,Y
LP103117,Male,No,3+,Graduate,No,7728,0,125,240,1.0,Urban,Y
LP103118,Male,No,0,Graduate,No,3026,5090,204,240,1.0,Urban,Y
LP103119,Male,Yes,0,Not Graduate,No,2630,1624,131,360,0.0,Semiurban,N
LP103120,Male,Yes,0,Not Graduate,No,8728,4860,554,360,1.0,Rural,Y
LP103121,Male,No,0,Not Graduate,Yes,3062,1919,82,360,1.0,Urban,Y
LP103122,Male,Yes,0,Not Graduate,No,3053,3603,282,360,1.0,Urban,N
LP103123,Male,Yes,2,Not Graduate,No,3076,1193,165,360,1.0,Rural,N
LP103124,Male,Yes,0,Graduate,No,1998,2273,178,300,1.0,Semiurban,Y
LP103125,Male,No,2,Graduate,No,5734,0,212,360,1.0,Rural,N
LP103126,Male,Yes,2,Graduate,No,2924,1646,123,360,1.0,Urban,Y
LP103127,Male,No,0,Graduate,No,4118,0,166,360,0.0,Urban,N
LP103128,Female,No,0,Graduate,Yes,5881,0,137,360,1.0,Urban,Y
LP103129,Female,Yes,0,Graduate,No,12188,0,277,360,1.0,Urban,Y
LP103130,Female,No,2,Not Graduate,Yes,1746,0,30,360,1.0,Rural,Y
LP103131,Female,Yes,0,Not Graduate,No,5273,865,177,240,1.0,Rural,Y
LP103132,Female,No,0,Graduate,Yes,7427,980,155,360,1.0,Rural,Y
LP103133,Male,Yes,0,Not Graduate,No,2307,845,94,360,1.0,Rural,Y
LP103134,Male,No,0,Graduate,Yes,6405,0,98,360,1.0,Rural,Y
LP103135,Male,Yes,0,Not Graduate,No,8091,1169,189,360,1.0,Semiurban,Y
LP103136,Male,No,0,Graduate,No,2749,0,131,360,1.0,Rural,Y
LP103137,Male,Yes,2,Graduate,No,4782,3105,338,360,1.0,Urban,N
LP103138,Male,Yes,2,Not Graduate,No,4094,2253,148,360,1.0,Semiurban,Y
LP103139,Male,No,0,Graduate,No,5617,0,225,360,0.0,Semiurban,N
LP103140,Male,No,0,Graduate,No,6392,0,245,12,1.0,Rural,Y
LP103141,Female,Yes,2,Graduate,No,4588,1264,124,240,1.0,Semiurban,Y
LP103142,Male,Yes,0,Graduate,No,5553,3061,241,360,1.0,Rural,Y
LP103143,Male,Yes,2,Not Graduate,No,2183,0,103,360,1.0,Semiurban,N
LP103144,Male,No,0,Graduate,Yes,5041,0,206,12,1.0,Semiurban,Y
LP103145,Male,No,1,Not Graduate,No,2522,0,105,360,1.0,Rural,Y
LP103146,Female,No,1,Graduate,No,2129,0,74,360,1.0,Urban,N
LP103147,Male,Yes,0,Graduate,No,3164,1142,165,300,1.0,Rural,Y
LP103148,Female,Yes,2,Graduate,No,4856,3168,263,120,1.0,Semiurban,Y
LP103149,Male,Yes,0,Graduate,No,5321,616,243,360,1.0,Semiurban,Y
LP103150,Male,No,0,Graduate,No,2084,0,85,300,1.0,Rural,Y
LP103151,Male,Yes,0,Graduate,No,2500,600,50,360,1.0,Semiurban,Y
LP103152,Male,No,2,Graduate,No,6237,0,231,360,1.0,Semiurban,Y
LP103153,Male,Yes,0,Graduate,No,5537,0,205,360,0.0,Semiurban,N
LP103154,Male,Yes,2,Graduate,No,6820,0,118,360,1.0,Urban,Y
LP103155,Male,Yes,0,Graduate,No,8885,973,289,360,1.0,Semiurban,Y
LP103156,Female,Yes,0,Graduate,No,5629,0,262,360,0.0,Urban,N
LP103157,Male,Yes,2,Graduate,No,3333,0,161,360,1.0,Rural,Y
LP103158,Female,Yes,0,Graduate,No,4460,2698,303,360,1.0,Urban,Y
LP103159,Male,Yes,0,Graduate,No,10433,7106,356,180,1.0,Semiurban,Y
LP103160,Male,No,0,Graduate,No,19153,0,538,360,1.0,Rural,Y
LP103161,Male,Yes,0,Graduate,No,5402,1349,144,60,1.0,Rural,Y
LP103162,Male,Yes,1,Graduate,No,5621,1045,252,360,0.0,Semiurban,N
LP103163,Male,Yes,0,Graduate,No,6241,2027,348,360,1.0,Semiurban,Y
LP103164,Male,Yes,0,Not Graduate,No,3320,0,152,360,0.0,Urban,N
LP103165,Male,No,0,Not Graduate,No,6215,2121,376,84,1.0,Urban,Y
LP103166,Female,Yes,0,Graduate,No,7289,1612,164,360,1.0,Urban,Y
LP103167,Male,No,0,Graduate,Yes,5597,0,109,360,1.0,Rural,Y
LP103168,Male,Yes,3+,Graduate,No,3515,2744,293,120,1.0,Urban,Y
LP103169,Male,Yes,2,Not Graduate,No,1420,0,63,180,1.0,Semiurban,N
LP103170,Male,Yes,0,Graduate,No,6264,1261,234,360,0.0,Urban,N
LP103171,Male,Yes,0,Not Graduate,No,3684,1715,162,360,0.0,Semiurban,N
LP103172,Male,Yes,3+,Graduate,No,2791,0,96,360,1.0,Semiurban,Y
LP103173,Male,No,0,Graduate,No,2249,1251,126,360,1.0,Rural,Y
LP103174,Male,Yes,0,Graduate,No,6024,953,167,360,1.0,Urban,Y
LP103175,Male,Yes,2,Graduate,No,1736,1498,94,12,0.0,Semiurban,N
LP103176,Male,Yes,0,Graduate,No,4937,1940,252,36,1.0,Urban,Y
LP103177,Female,Yes,0,Graduate,No,6659,4528,249,36,1.0,Urban,Y
LP103178,Female,Yes,3+,Not Graduate,No,4434,996,271,360,1.0,Semiurban,N
LP103179,Male,Yes,1,Not Graduate,No,2643,2289,123,360,1.0,Urban,Y
LP103180,Male,Yes,0,Graduate,Yes,2317,0,80,360,1.0,Urban,Y
LP103181,Male,Yes,0,Graduate,No,5783,1743,259,360,1.0,Rural,Y
LP103182,Male,No,0,Graduate,No,8103,0,250,360,0.0,Semiurban,N
LP103183,Male,No,2,Graduate,No,3056,0,72,360,1.0,Urban,Y
LP103184,Male,Yes,0,Not Graduate,No,4331,1155,191,360,1.0,Urban,Y
LP103185,Male,Yes,0,Graduate,No,9993,3406,244,300,1.0,Urban,Y
LP103186,Male,No,3+,Graduate,No,5045,0,144,360,1.0,Semiurban,Y
LP103187,Male,Yes,0,Not Graduate,No,2634,1096,85,360,1.0,Semiurban,Y
LP103188,Female,Yes,0,Not Graduate,No,5809,977,131,360,1.0,Semiurban,Y
LP103189,Female,Yes,0,Graduate,No,2791,2556,253,360,0.0,Urban,N
LP103190,Male,Yes,0,Graduate,No,2050,1959,158,360,1.0,Semiurban,Y
LP103191,Female,Yes,0,Graduate,No,6546,0,137,360,1.0,Semiurban,Y
LP103192,Female,No,3+,Graduate,No,3349,0,162,360,1.0,Semiurban,Y
LP103193,Male,No,2,Not Graduate,No,2753,0,62,360,1.0,Rural,Y
LP103194,Male,Yes,0,Graduate,No,2966,0,69,300,1.0,Urban,Y
LP103195,Male,No,0,Graduate,No,3228,0,63,360,0.0,Urban,N
LP103196,Female,Yes,0,Graduate,No,9058,1630,433,120,1.0,Rural,Y
LP103197,Female,Yes,0,Not Graduate,No,8176,0,286,300,0.0,Urban,N
LP103198,Male,No,0,Not Graduate,No,8794,1569,177,360,1.0,Urban,Y
LP103199,Male,No,3+,Not Graduate,No,5968,2239,130,360,1.0,Semiurban,Y
LP103200,Male,Yes,0,Graduate,No,5411,3648,305,360,1.0,Semiurban,Y
LP103201,Male,No,0,Not Graduate,No,1491,0,56,360,1.0,Rural,Y
LP103202,Male,Yes,0,Graduate,Yes,4154,5619,428,360,1.0,Urban,Y
LP103203,Female,Yes,0,Graduate,No,13711,0,435,360,1.0,Urban,Y
LP103204,Male,Yes,0,Graduate,No,3295,2205,213,360,1.0,Urban,Y
LP103205,Female,Yes,0,Not Graduate,No,7536,1731,377,180,1.0,Semiurban,Y
LP103206,Female,Yes,0,Not Graduate,No,3378,4484,165,360,0.0,Urban,N
LP103207,Male,Yes,1,Graduate,No,960,825,49,120,1.0,Semiurban,Y
LP103208,Male,Yes,0,Graduate,No,5955,0,117,360,1.0,Urban,Y
LP103209,Male,Yes,0,Not Graduate,Yes,7233,0,272,360,1.0,Urban,N
LP103210,Male,Yes,0,Graduate,No,4076,0,171,360,1.0,Semiurban,Y
LP103211,Male,No,2,Not Graduate,No,6456,0,140,240,1.0,Rural,Y
LP103212,Male,Yes,0,Graduate,Yes,1840,0,59,120,1.0,Rural,Y
LP103213,Male,Yes,0,Graduate,No,1954,1208,91,360,1.0,Rural,Y
LP103214,Male,Yes,0,Graduate,No,4686,2237,154,360,1.0,Semiurban,Y
LP103215,Male,Yes,1,Graduate,No,5443,0,128,360,1.0,Urban,Y
LP103216,Male,No,0,Graduate,No,8830,1586,243,360,1.0,Urban,Y
LP103217,Male,Yes,0,Graduate,No,5950,606,194,360,1.0,Semiurban,Y
LP103218,Male,No,0,Graduate,No,2172,0,62,360,0.0,Urban,N
LP103219,Male,Yes,0,Graduate,No,4708,0,162,360,1.0,Urban,Y
LP103220,Male,Yes,0,Not Graduate,No,4560,1022,102,360,1.0,Urban,Y
LP103221,Male,Yes,0,Graduate,No,1494,0,53,120,1.0,Semiurban,Y
LP103222,Male,Yes,2,Graduate,No,4088,0,64,360,1.0,Urban,Y
LP103223,Male,Yes,1,Not Graduate,No,2725,0,65,36,1.0,Urban,Y
LP103224,Male,Yes,0,Graduate,No,2921,2619,180,360,1.0,Semiurban,Y
LP103225,Female,Yes,0,Graduate,No,5509,2976,331,360,1.0,Urban,Y
LP103226,Male,Yes,0,Graduate,No,2225,0,93,60,1.0,Semiurban,Y
LP103227,Male,No,0,Not Graduate,Yes,4533,0,74,360,1.0,Semiurban,Y
LP103228,Male,Yes,2,Not Graduate,No,4458,1381,197,120,1.0,Urban,Y
LP103229,Male,Yes,3+,Graduate,No,7599,3543,305,360,1.0,Rural,N
LP103230,Male,Yes,0,Not Graduate,No,1767,2580,171,240,0.0,Urban,N
LP103231,Male,Yes,0,Graduate,No,1830,0,46,120,0.0,Semiurban,N
LP103232,Male,Yes,0,Graduate,No,4881,3731,353,360,1.0,Semiurban,Y
LP103233,Male,No,1,Not Graduate,No,2799,2709,199,360,1.0,Rural,Y
LP103234,Male,No,1,Graduate,Yes,22732,0,700,84,1.0,Semiurban,Y
LP103235,Male,Yes,2,Not Graduate,No,4217,733,245,360,1.0,Urban,N
LP103236,Male,Yes,2,Graduate,Yes,4756,890,264,360,1.0,Semiurban,Y
LP103237,Female,Yes,0,Graduate,Yes,4188,5375,342,180,1.0,Semiurban,Y
LP103238,Male,Yes,1,Not Graduate,No,1677,1087,128,360,1.0,Semiurban,Y
LP103239,Male,Yes,1,Graduate,No,5710,0,165,84,1.0,Urban,Y
LP103240,Male,Yes,0,Not Graduate,No,3137,0,52,360,1.0,Semiurban,Y
LP103241,Male,Yes,0,Not Graduate,No,3139,988,139,360,0.0,Urban,N
LP103242,Male,No,1,Not Graduate,No,3452,0,170,360,0.0,Semiurban,N
LP103243,Male,Yes,0,Graduate,No,4729,3482,327,360,1.0,Semiurban,Y
LP103244,Male,Yes,1,Graduate,No,1609,2789,113,360,1.0,Urban,Y
LP103245,Male,No,1,Not Graduate,No,5193,0,199,360,1.0,Rural,Y
LP103246,Male,Yes,1,Graduate,No,2629,0,43,240,1.0,Semiurban,Y
LP103247,Male,No,1,Graduate,No,3881,3294,226,360,1.0,Urban,Y
LP103248,Female,Yes,0,Not Graduate,No,6647,2308,209,360,1.0,Urban,Y
LP103249,Male,No,1,Graduate,No,11142,0,186,360,1.0,Semiurban,Y
LP103250,Male,No,0,Not Graduate,No,1286,2115,81,360,1.0,Urban,N
LP103251,Male,Yes,0,Graduate,No,4257,0,171,360,0.0,Rural,N
LP103252,Male,No,0,Graduate,No,4865,0,167,360,1.0,Urban,Y
LP103253,Male,Yes,0,Graduate,Yes,2010,0,32,360,1.0,Urban,Y
LP103254,Male,No,1,Graduate,No,6511,3411,291,360,1.0,Rural,N
LP103255,Male,Yes,3+,Not Graduate,No,3493,0,144,360,0.0,Rural,Y
LP103256,Male,Yes,0,Graduate,No,4659,0,226,360,1.0,Urban,Y
LP103257,Male,Yes,0,Not Graduate,Yes,2176,2143,197,360,1.0,Semiurban,Y
LP103258,Male,No,0,Graduate,No,5255,0,79,360,1.0,Urban,Y
LP103259,Female,Yes,0,Graduate,Yes,7303,0,165,180,1.0,Semiurban,Y
LP103260,Male,No,2,Graduate,No,4491,0,100,360,1.0,Rural,Y
LP103261,Male,No,0,Graduate,No,3156,0,93,360,1.0,Urban,Y
LP103262,Male,Yes,1,Graduate,No,3294,1817,192,360,1.0,Urban,Y
LP103263,Male,No,1,Graduate,No,4727,0,96,360,1.0,Urban,N
LP103264,Female,No,0,Graduate,Yes,4731,2974,363,360,1.0,Urban,Y
LP103265,Male,Yes,2,Graduate,No,6887,1230,343,360,0.0,Urban,N
LP103266,Male,Yes,0,Graduate,Yes,3537,0,105,360,1.0,Rural,Y
LP103267,Male,Yes,0,Not Graduate,No,1677,0,59,360,1.0,Urban,Y
LP103268,Male,Yes,2,Graduate,No,5102,0,173,360,1.0,Semiurban,Y
LP103269,Male,Yes,0,Graduate,No,3220,5655,314,360,1.0,Rural,N
LP103270,Male,Yes,0,Graduate,No,6443,0,291,240,0.0,Semiurban,N
LP103271,Male,Yes,0,Graduate,Yes,4625,981,123,360,1.0,Semiurban,Y
LP103272,Male,Yes,0,Graduate,No,6002,2457,329,180,1.0,Urban,Y
LP103273,Male,Yes,0,Graduate,Yes,2636,1299,74,360,1.0,Semiurban,Y
LP103274,Female,No,3+,Not Graduate,No,3546,0,110,360,1.0,Urban,Y
LP103275,Female,No,0,Not Graduate,Yes,2454,2888,199,360,1.0,Rural,Y
LP103276,Female,Yes,0,Graduate,No,2140,0,33,360,1.0,Urban,Y
LP103277,Male,No,2,Not Graduate,No,2041,0,38,360,1.0,Semiurban,Y
LP103278,Male,No,0,Graduate,No,3104,411,64,360,1.0,Semiurban,Y
LP103279,Female,No,0,Graduate,No,8303,0,233,360,1.0,Semiurban,Y
LP103280,Male,Yes,3+,Graduate,No,3059,0,112,360,1.0,Urban,Y
LP103281,Male,Yes,2,Graduate,Yes,2289,1581,193,120,1.0,Urban,Y
LP103282,Female,No,2,Graduate,Yes,4951,0,118,360,1.0,Rural,Y
LP103283,Female,No,0,Graduate,No,4255,0,84,360,1.0,Urban,Y
LP103284,Male,No,2,Not Graduate,No,2500,0,74,360,1.0,Urban,N
LP103285,Male,No,0,Graduate,Yes,4215,0,85,180,1.0,Semiurban,N
LP103286,Male,Yes,0,Graduate,Yes,7879,1493,149,360,0.0,Rural,Y
LP103287,Female,Yes,3+,Graduate,No,6055,0,210,360,1.0,Urban,Y
LP103288,Female,Yes,0,Not Graduate,No,4519,0,207,84,1.0,Semiurban,Y
LP103289,Male,Yes,2,Graduate,No,2184,1790,179,360,1.0,Semiurban,Y
LP103290,Male,No,0,Graduate,No,20483,0,380,360,0.0,Urban,Y
LP103291,Female,Yes,0,Graduate,No,7465,726,165,360,1.0,Semiurban,Y
LP103292,Male,Yes,2,Graduate,No,5564,2971,275,360,1.0,Rural,Y
LP103293,Male,No,0,Graduate,No,2207,0,62,360,1.0,Rural,Y
LP103294,Female,Yes,1,Graduate,No,7052,1231,328,360,1.0,Urban,Y
LP103295,Male,No,0,Graduate,No,3178,4396,245,360,1.0,Semiurban,Y
LP103296,Male,No,3+,Graduate,No,3763,2355,96,240,1.0,Semiurban,Y
LP103297,Male,Yes,0,Graduate,No,1661,0,41,180,0.0,Urban,N
LP103298,Male,Yes,0,Graduate,No,2115,1390,163,360,0.0,Semiurban,N
LP103299,Female,Yes,0,Graduate,No,5329,2489,257,240,1.0,Urban,Y
LP103300,Male,Yes,3+,Graduate,No,7282,2375,415,360,0.0,Urban,N
LP103301,Female,Yes,1,Graduate,No,6103,2034,237,360,1.0,Urban,Y
LP103302,Male,Yes,1,Not Graduate,Yes,5156,971,237,360,1.0,Urban,N
LP103303,Male,No,0,Graduate,No,4041,0,85,180,1.0,Semiurban,Y
LP103304,Male,Yes,0,Graduate,No,3348,1275,189,360,1.0,Urban,Y
LP103305,Male,No,0,Graduate,No,4908,1776,284,360,1.0,Semiurban,Y
LP103306,Male,Yes,0,Not Graduate,No,5148,1949,129,360,1.0,Urban,Y
LP103307,Male,Yes,0,Not Graduate,No,3286,1815,109,360,1.0,Semiurban,N
LP103308,Male,No,3+,Graduate,Yes,8962,0,280,180,1.0,Rural,Y
LP103309,Male,Yes,2,Graduate,No,3720,0,139,360,1.0,Urban,N
LP103310,Male,Yes,0,Graduate,No,2442,3326,215,360,1.0,Semiurban,Y
LP103311,Male,No,0,Graduate,No,4163,0,160,360,1.0,Semiurban,Y
LP103312,Male,No,2,Not Graduate,No,3474,0,139,360,1.0,Semiurban,Y
LP103313,Male,No,0,Graduate,No,4002,0,131,360,1.0,Urban,Y
LP103314,Male,Yes,0,Graduate,No,8469,0,297,360,1.0,Semiurban,Y
LP103315,Male,Yes,0,Graduate,No,6520,2288,135,360,0.0,Urban,N
LP103316,Male,No,0,Graduate,No,1906,0,40,360,1.0,Urban,Y
LP103317,Male,No,2,Not Graduate,No,7620,0,247,360,1.0,Semiurban,Y
LP103318,Female,Yes,0,Graduate,No,927,0,38,360,0.0,Urban,N
LP103319,Male,No,0,Not Graduate,No,10697,0,463,360,1.0,Semiurban,Y
LP103320,Male,Yes,0,Graduate,No,3575,676,172,360,1.0,Semiurban,Y
LP103321,Male,Yes,1,Graduate,No,3773,2104,188,360,1.0,Semiurban,Y
LP103322,Male,Yes,0,Graduate,No,4051,913,123,60,1.0,Urban,N
LP103323,Male,Yes,0,Graduate,No,5175,1450,202,360,1.0,Rural,Y
LP103324,Female,Yes,3+,Graduate,No,4186,0,64,360,1.0,Semiurban,Y
LP103325,Male,Yes,3+,Graduate,No,3891,809,169,360,1.0,Urban,N
LP103326,Female,Yes,3+,Graduate,No,8601,1935,186,360,1.0,Urban,N
LP103327,Male,No,2,Graduate,Yes,6286,0,126,240,1.0,Semiurban,Y
LP103328,Male,No,0,Graduate,No,2471,3143,207,360,1.0,Rural,Y
LP103329,Male,Yes,0,Graduate,No,6293,1522,121,180,1.0,Semiurban,Y
LP103330,Male,No,0,Graduate,No,5586,0,196,360,1.0,Semiurban,Y
LP103331,Male,Yes,0,Not Graduate,No,2428,1887,161,120,1.0,Urban,Y
LP103332,Male,Yes,3+,Graduate,Yes,7121,1555,370,240,1.0,Semiurban,Y
LP103333,Male,No,2,Graduate,No,3839,0,67,12,0.0,Urban,N
LP103334,Female,Yes,1,Graduate,Yes,4077,1869,90,360,1.0,Semiurban,Y
LP103335,Male,Yes,0,Graduate,No,3651,3123,283,180,1.0,Urban,Y
LP103336,Female,Yes,2,Graduate,No,1101,1141,56,360,1.0,Urban,Y
LP103337,Male,No,0,Not Graduate,No,2453,0,113,360,0.0,Urban,N
LP103338,Male,Yes,0,Graduate,No,6198,1915,174,360,0.0,Rural,N
LP103339,Male,No,2,Graduate,No,4136,0,147,360,1.0,Semiurban,Y
LP103340,Female,Yes,0,Graduate,No,2065,2035,77,360,1.0,Urban,Y
LP103341,Male,No,0,Graduate,No,7117,2375,276,84,1.0,Rural,Y
LP103342,Male,No,1,Graduate,No,3553,1988,254,120,1.0,Urban,Y
LP103343,Male,No,1,Not Graduate,No,1674,0,61,360,1.0,Urban,Y
LP103344,Male,Yes,0,Graduate,No,14088,1012,591,360,1.0,Urban,Y
LP103345,Male,Yes,0,Not Graduate,No,1836,1684,81,360,1.0,Urban,Y
LP103346,Male,No,3+,Graduate,No,6792,2530,441,360,0.0,Urban,N
LP103347,Male,Yes,1,Graduate,Yes,3017,0,111,360,1.0,Semiurban,Y
LP103348,Male,Yes,1,Graduate,Yes,4963,0,93,360,1.0,Semiurban,Y
LP103349,Male,Yes,0,Graduate,Yes,2804,3525,98,300,1.0,Semiurban,Y
LP103350,Male,No,0,Not Graduate,No,1657,0,26,360,1.0,Semiurban,Y
LP103351,Male,Yes,0,Graduate,No,5580,590,104,300,1.0,Semiurban,Y
LP103352,Female,Yes,0,Not Graduate,No,4095,0,192,360,1.0,Urban,Y
LP103353,Male,Yes,0,Graduate,No,7858,2345,281,360,1.0,Semiurban,Y
LP103354,Male,Yes,0,Graduate,No,4109,2554,169,360,1.0,Semiurban,Y
LP103355,Male,No,0,Not Graduate,No,11113,0,329,360,1.0,Rural,N
LP103356,Male,Yes,0,Graduate,No,4853,2024,202,360,1.0,Urban,Y
LP103357,Male,Yes,2,Not Graduate,Yes,4923,1051,139,360,1.0,Urban,Y
LP103358,Female,No,0,Graduate,No,1984,4762,123,360,1.0,Semiurban,Y
LP103359,Male,No,0,Not Graduate,No,2338,0,44,360,1.0,Semiurban,Y
LP103360,Female,Yes,0,Graduate,No,5572,1106,240,300,1.0,Urban,Y
LP103361,Male,No,0,Graduate,No,3998,0,115,240,0.0,Semiurban,N
LP103362,Male,No,0,Graduate,No,4642,0,216,360,1.0,Urban,Y
LP103363,Male,No,3+,Graduate,Yes,2940,0,92,360,1.0,Rural,Y
LP103364,Female,Yes,2,Graduate,No,4478,1884,208,360,1.0,Urban,Y
LP103365,Male,Yes,0,Graduate,Yes,4916,0,233,360,1.0,Urban,N
LP103366,Male,No,0,Graduate,No,2188,0,71,240,1.0,Urban,Y
LP103367,Male,No,1,Graduate,No,5962,0,194,360,1.0,Semiurban,N
LP103368,Male,Yes,0,Graduate,No,1644,1297,81,360,1.0,Urban,Y
LP103369,Male,Yes,0,Graduate,No,4634,1583,248,360,0.0,Semiurban,N
LP103370,Male,Yes,0,Graduate,No,11057,1587,363,360,1.0,Rural,Y
LP103371,Male,Yes,2,Graduate,No,6088,0,217,360,1.0,Urban,Y
LP103372,Male,Yes,2,Graduate,No,6067,1032,218,360,1.0,Semiurban,Y
LP103373,Male,Yes,2,Graduate,No,2556,2379,165,360,1.0,Urban,Y
LP103374,Female,No,2,Graduate,No,11078,0,487,12,1.0,Semiurban,Y
LP103375,Male,Yes,3+,Not Graduate,No,6987,1129,239,240,1.0,Urban,Y
LP103376,Male,No,0,Graduate,No,2633,2674,122,360,1.0,Urban,Y
LP103377,Male,Yes,0,Graduate,No,3225,3323,229,360,1.0,Semiurban,Y
LP103378,Male,Yes,2,Graduate,No,8348,1724,482,360,1.0,Urban,Y
LP103379,Male,Yes,1,Graduate,No,11245,5819,670,240,1.0,Rural,Y
LP103380,Male,Yes,3+,Not Graduate,No,1634,7550,237,360,1.0,Semiurban,Y
LP103381,Male,No,0,Not Graduate,No,1887,0,92,360,1.0,Semiurban,Y
LP103382,Male,No,0,Graduate,No,3869,0,104,240,1.0,Rural,Y
LP103383,Male,Yes,0,Graduate,Yes,1395,2348,185,360,1.0,Rural,N
LP103384,Male,Yes,0,Graduate,No,4231,0,92,360,1.0,Semiurban,Y
LP103385,Female,Yes,0,Graduate,No,8038,1184,461,360,1.0,Semiurban,Y
LP103386,Male,No,1,Not Graduate,Yes,1634,0,165,360,0.0,Urban,N
LP103387,Male,No,0,Graduate,No,4490,0,179,360,1.0,Semiurban,Y
LP103388,Male,Yes,1,Graduate,No,3041,954,163,360,1.0,Semiurban,Y
LP103389,Male,No,1,Graduate,No,10319,2906,513,360,1.0,Rural,Y
LP103390,Male,No,0,Graduate,No,3061,1275,183,360,1.0,Urban,Y
LP103391,Female,Yes,0,Graduate,No,9655,2359,379,240,1.0,Urban,Y
LP103392,Female,Yes,1,Not Graduate,No,2359,3130,93,360,1.0,Urban,Y
LP103393,Male,No,2,Graduate,Yes,7039,0,194,360,1.0,Rural,Y
LP103394,Female,No,2,Not Graduate,No,3764,0,141,360,1.0,Urban,Y
LP103395,Female,Yes,2,Graduate,No,3880,0,146,360,1.0,Semiurban,Y
LP103396,Female,Yes,3+,Graduate,No,2711,2454,113,360,1.0,Semiurban,Y
LP103397,Female,Yes,1,Graduate,No,5001,4287,222,360,1.0,Urban,Y
LP103398,Male,Yes,2,Graduate,Yes,3615,3198,218,180,1.0,Semiurban,Y
LP103399,Male,No,2,Not Graduate,No,2242,0,91,360,1.0,Semiurban,Y
LP103400,Male,Yes,2,Graduate,No,9412,736,455,360,1.0,Urban,Y
LP103401,Male,No,0,Graduate,No,5658,0,102,360,1.0,Semiurban,Y
LP103402,Female,No,3+,Graduate,No,5966,3711,459,360,1.0,Rural,Y
LP103403,Male,Yes,0,Graduate,No,3376,2831,295,360,0.0,Rural,N
LP103404,Male,Yes,2,Graduate,No,3780,1854,86,300,0.0,Semiurban,N
LP103405,Female,Yes,0,Graduate,No,3652,1504,169,360,1.0,Semiurban,Y
LP103406,Female,No,0,Graduate,Yes,5544,0,197,360,1.0,Urban,Y
LP103407,Female,Yes,0,Graduate,No,5960,0,205,360,1.0,Rural,Y
LP103408,Male,Yes,0,Graduate,Yes,4530,3214,283,120,1.0,Urban,Y
LP103409,Male,No,0,Graduate,No,2708,2110,157,180,1.0,Semiurban,Y
LP103410,Male,Yes,2,Graduate,No,6362,1490,199,360,1.0,Urban,Y
LP103411,Male,No,0,Graduate,No,4265,0,78,360,1.0,Urban,Y
LP103412,Male,No,0,Graduate,No,1896,0,42,180,0.0,Urban,Y
LP103413,Male,Yes,0,Graduate,No,1294,2033,136,360,0.0,Semiurban,N
LP103414,Female,Yes,1,Graduate,No,4933,1944,161,360,1.0,Semiurban,Y
LP103415,Male,No,0,Graduate,No,2653,3124,254,360,1.0,Semiurban,Y
LP103416,Male,No,0,Graduate,No,5307,0,155,360,1.0,Urban,Y
LP103417,Male,Yes,0,Graduate,No,2733,636,165,360,1.0,Rural,Y
LP103418,Male,Yes,1,Graduate,No,4505,867,244,300,0.0,Urban,N
LP103419,Male,Yes,0,Graduate,No,3400,1043,100,300,1.0,Urban,Y
LP103420,Male,No,0,Graduate,No,10974,0,237,180,1.0,Semiurban,Y
LP103421,Male,Yes,0,Not Graduate,No,5527,2791,412,360,1.0,Rural,Y
LP103422,Male,Yes,3+,Graduate,No,8785,0,298,360,1.0,Urban,Y
LP103423,Male,No,0,Not Graduate,No,3320,1087,165,360,1.0,Semiurban,Y
LP103424,Female,Yes,1,Graduate,No,6582,4383,228,180,1.0,Semiurban,Y
LP103425,Male,Yes,0,Graduate,No,4404,0,199,360,1.0,Rural,Y
LP103426,Male,Yes,0,Graduate,No,9396,2020,411,180,1.0,Urban,Y
LP103427,Male,No,0,Graduate,No,4023,0,77,360,1.0,Semiurban,Y
LP103428,Female,Yes,0,Graduate,No,1941,0,89,360,1.0,Urban,Y
LP103429,Male,No,0,Graduate,Yes,1534,0,47,300,0.0,Urban,N
LP103430,Male,No,0,Not Graduate,No,8203,0,407,240,1.0,Urban,Y
LP103431,Female,Yes,0,Graduate,No,5448,952,159,360,1.0,Rural,Y
LP103432,Male,Yes,1,Not Graduate,No,4420,3358,261,360,1.0,Urban,Y
LP103433,Male,Yes,3+,Graduate,No,9500,2321,249,300,1.0,Rural,Y
LP103434,Male,Yes,0,Graduate,No,1688,2483,127,360,1.0,Urban,Y
LP103435,Male,No,1,Graduate,No,3438,0,73,360,0.0,Rural,N
LP103436,Male,No,3+,Graduate,No,3677,1641,137,120,1.0,Semiurban,Y
LP103437,Male,Yes,2,Graduate,No,6298,0,154,360,1.0,Urban,Y
LP103438,Female,Yes,0,Not Graduate,No,2239,0,56,360,1.0,Semiurban,Y
LP103439,Female,Yes,1,Graduate,No,2162,866,148,360,1.0,Urban,N
LP103440,Male,No,0,Graduate,No,2152,840,49,360,0.0,Semiurban,Y
LP103441,Male,Yes,0,Graduate,No,7879,2344,331,60,1.0,Semiurban,Y
LP103442,Male,Yes,0,Graduate,No,2783,1637,164,120,1.0,Semiurban,Y
LP103443,Female,Yes,0,Graduate,No,3091,0,118,360,1.0,Semiurban,Y
LP103444,Female,Yes,0,Graduate,No,5936,1970,327,360,1.0,Rural,Y
LP103445,Male,Yes,0,Graduate,No,2851,2902,240,84,1.0,Urban,Y
LP103446,Female,Yes,1,Graduate,No,1639,1683,161,360,1.0,Rural,Y
LP103447,Male,Yes,0,Graduate,No,1754,968,113,360,1.0,Rural,Y
LP103448,Male,Yes,0,Graduate,No,4058,1244,232,360,1.0,Urban,Y
LP103449,Male,Yes,0,Graduate,No,5504,1815,246,360,1.0,Urban,Y
LP103450,Male,Yes,0,Graduate,No,3746,941,178,360,1.0,Semiurban,Y
LP103451,Male,Yes,1,Graduate,No,5306,1954,230,360,1.0,Semiurban,Y
LP103452,Male,Yes,3+,Not Graduate,No,1350,2072,84,360,1.0,Urban,Y
LP103453,Male,Yes,0,Not Graduate,No,1401,0,36,360,1.0,Urban,Y
LP103454,Female,Yes,0,Graduate,No,14464,2265,462,360,1.0,Semiurban,Y
LP103455,Male,Yes,2,Not Graduate,No,6455,759,194,240,1.0,Semiurban,Y
LP103456,Male,Yes,0,Graduate,No,6391,1128,253,360,0.0,Urban,N
LP103457,Male,Yes,2,Graduate,Yes,3204,1007,100,360,1.0,Rural,Y
LP103458,Male,Yes,0,Graduate,No,3673,0,122,360,1.0,Semiurban,Y
LP103459,Male,No,0,Not Graduate,Yes,3601,0,169,360,1.0,Urban,Y
LP103460,Male,Yes,0,Graduate,No,8627,0,252,180,0.0,Semiurban,N
LP103461,Male,Yes,0,Not Graduate,No,4089,0,93,360,1.0,Urban,N
LP103462,Male,Yes,0,Not Graduate,No,4376,0,119,360,0.0,Semiurban,N
LP103463,Male,Yes,2,Graduate,No,3818,2282,279,360,1.0,Urban,Y
LP103464,Male,Yes,1,Graduate,No,6475,1387,377,360,1.0,Urban,Y
LP103465,Male,Yes,1,Graduate,No,4945,2368,337,360,1.0,Urban,Y
LP103466,Male,No,2,Graduate,No,4290,0,107,360,0.0,Urban,N
LP103467,Male,Yes,0,Graduate,No,2782,959,107,360,1.0,Semiurban,Y
LP103468,Female,Yes,1,Graduate,No,3934,2352,309,360,1.0,Semiurban,N
LP103469,Male,No,0,Graduate,No,2312,0,61,240,1.0,Urban,Y
LP103470,Male,No,2,Graduate,No,4096,0,81,360,1.0,Urban,Y
LP103471,Male,Yes,0,Graduate,Yes,4837,1645,161,360,1.0,Rural,Y
LP103472,Male,Yes,1,Graduate,No,1116,0,54,240,0.0,Urban,N
LP103473,Male,Yes,2,Graduate,No,3689,0,109,360,0.0,Urban,N
LP103474,Female,Yes,0,Graduate,No,2193,0,105,360,1.0,Semiurban,Y
LP103475,Female,Yes,0,Graduate,No,5508,0,103,360,0.0,Rural,N
LP103476,Female,Yes,0,Not Graduate,No,4652,2305,291,360,0.0,Rural,N
LP103477,Male,No,0,Graduate,No,3312,0,61,360,1.0,Semiurban,Y
LP103478,Male,Yes,1,Graduate,No,5663,2141,171,120,1.0,Urban,Y
LP103479,Male,Yes,3+,Not Graduate,No,4536,0,166,360,1.0,Semiurban,Y
LP103480,Male,Yes,0,Graduate,Yes,4059,3821,238,360,1.0,Urban,Y
LP103481,Male,No,0,Graduate,No,9736,0,373,360,0.0,Urban,N
LP103482,Male,Yes,1,Graduate,No,2810,922,183,360,1.0,Semiurban,Y
LP103483,Female,Yes,0,Not Graduate,Yes,8097,2205,174,84,1.0,Semiurban,Y
LP103484,Male,Yes,0,Not Graduate,No,2895,1509,96,360,1.0,Urban,Y
LP103485,Male,Yes,2,Graduate,No,2633,0,98,360,0.0,Urban,N
LP103486,Male,Yes,1,Graduate,No,3451,1983,252,360,1.0,Rural,Y
LP103487,Male,Yes,0,Not Graduate,No,1790,2063,165,360,0.0,Rural,N
LP103488,Male,Yes,0,Not Graduate,No,5045,2689,242,60,1.0,Semiurban,Y
LP103489,Male,Yes,1,Graduate,No,1734,1671,140,360,1.0,Semiurban,N
LP103490,Male,Yes,2,Graduate,No,8992,5467,322,360,1.0,Rural,Y
LP103491,Male,No,2,Not Graduate,No,1958,0,30,120,1.0,Semiurban,N
LP103492,Female,Yes,0,Graduate,No,6634,0,232,180,1.0,Semiurban,Y
LP103493,Female,Yes,3+,Graduate,No,4243,0,184,120,0.0,Urban,N
LP103494,Male,Yes,0,Graduate,No,4860,0,165,180,1.0,Urban,Y
LP103495,Male,Yes,1,Graduate,No,3027,3252,219,360,1.0,Semiurban,Y
LP103496,Female,No,1,Graduate,No,5084,0,151,240,1.0,Urban,Y
LP103497,Female,Yes,0,Graduate,No,4510,0,149,300,0.0,Urban,N
LP103498,Male,Yes,3+,Graduate,No,1878,0,86,360,1.0,Semiurban,Y
LP103499,Male,Yes,0,Graduate,No,2466,2655,163,360,1.0,Urban,Y
LP103500,Male,No,0,Not Graduate,No,2434,1848,65,360,1.0,Rural,Y
LP103501,Female,No,2,Graduate,No,2764,2508,227,360,0.0,Urban,N
LP103502,Female,Yes,0,Graduate,No,8340,0,305,360,0.0,Semiurban,N
LP103503,Male,Yes,2,Graduate,Yes,4624,519,209,360,1.0,Semiurban,N
LP103504,Female,Yes,0,Graduate,No,2728,910,169,120,1.0,Semiurban,Y
LP103505,Male,Yes,0,Graduate,No,3197,3587,170,360,0.0,Urban,N
LP103506,Female,No,3+,Graduate,Yes,3490,0,114,240,1.0,Semiurban,Y
LP103507,Male,Yes,0,Graduate,No,3574,0,129,180,0.0,Rural,N
LP103508,Female,Yes,2,Not Graduate,No,1814,0,49,360,1.0,Rural,Y
LP103509,Male,No,0,Graduate,No,2676,0,119,360,0.0,Semiurban,N
LP103510,Male,No,2,Graduate,No,6383,0,252,360,1.0,Rural,Y
LP103511,Male,Yes,0,Graduate,No,4636,2434,288,300,1.0,Urban,Y
LP103512,Female,No,1,Graduate,No,3851,0,167,120,1.0,Rural,N
LP103513,Female,Yes,2,Graduate,No,4193,0,101,180,1.0,Rural,Y
LP103514,Female,No,0,Graduate,No,4083,0,168,180,1.0,Semiurban,Y
LP103515,Female,No,1,Graduate,No,3732,5445,386,360,1.0,Semiurban,Y
LP103516,Male,Yes,2,Graduate,No,5565,1192,301,360,1.0,Semiurban,Y
LP103517,Male,No,1,Graduate,Yes,5877,2679,275,360,1.0,Urban,Y
LP103518,Male,No,3+,Graduate,Yes,1940,0,63,360,0.0,Rural,N
LP103519,Male,Yes,0,Not Graduate,No,3048,1853,90,360,1.0,Semiurban,Y
LP103520,Male,Yes,0,Graduate,No,1829,0,82,180,1.0,Semiurban,Y
LP103521,Male,No,0,Graduate,No,5939,0,200,360,1.0,Semiurban,Y
LP103522,Male,Yes,0,Graduate,No,6387,3437,352,360,1.0,Rural,Y
LP103523,Male,Yes,0,Not Graduate,No,2342,1205,165,180,1.0,Semiurban,Y
LP103524,Male,No,0,Not Graduate,No,3073,0,111,360,1.0,Urban,Y
LP103525,Male,No,0,Graduate,No,1311,0,22,360,1.0,Semiurban,Y
LP103526,Female,Yes,0,Not Graduate,No,5595,4585,482,36,0.0,Rural,N
LP103527,Male,Yes,0,Graduate,Yes,6805,3580,470,360,0.0,Semiurban,N
LP103528,Female,Yes,2,Not Graduate,No,6168,2817,196,360,1.0,Rural,Y
LP103529,Male,Yes,1,Graduate,No,9484,1363,388,300,1.0,Rural,Y
LP103530,Male,Yes,0,Graduate,No,2136,1247,122,360,1.0,Semiurban,Y
LP103531,Female,No,2,Graduate,No,6824,0,294,240,0.0,Urban,N
LP103532,Male,Yes,0,Graduate,No,9446,953,431,360,1.0,Urban,Y
LP103533,Male,Yes,3+,Graduate,No,1840,1997,191,360,1.0,Semiurban,Y
LP103534,Male,Yes,1,Graduate,No,3811,0,104,360,1.0,Semiurban,Y
LP103535,Male,No,0,Graduate,No,3429,0,66,360,0.0,Rural,N
LP103536,Male,Yes,1,Graduate,No,6703,1412,285,180,1.0,Rural,Y
LP103537,Male,Yes,2,Graduate,No,1122,2114,135,180,1.0,Urban,Y
LP103538,Male,Yes,0,Not Graduate,No,8897,1705,265,360,1.0,Semiurban,Y
LP103539,Male,Yes,2,Not Graduate,No,3080,861,92,360,1.0,Semiurban,Y
LP103540,Male,Yes,0,Not Graduate,No,5423,0,234,360,1.0,Urban,Y
LP103541,Female,Yes,0,Graduate,No,4051,3033,293,360,1.0,Semiurban,Y
LP103542,Male,Yes,0,Graduate,No,5489,0,121,60,1.0,Rural,Y
LP103543,Male,Yes,0,Graduate,No,1168,0,53,360,1.0,Urban,Y
LP103544,Female,Yes,0,Graduate,No,3388,1267,92,360,1.0,Urban,Y
LP103545,Male,Yes,2,Graduate,No,6674,1282,150,360,1.0,Urban,Y
LP103546,Male,Yes,0,Graduate,No,4908,2621,205,360,1.0,Urban,Y
LP103547,Male,Yes,0,Not Graduate,No,1332,5043,293,360,0.0,Semiurban,N
LP103548,Male,Yes,0,Graduate,No,4331,0,170,360,1.0,Urban,N
LP103549,Male,Yes,2,Not Graduate,No,2089,3594,164,360,1.0,Rural,Y
LP103550,Female,Yes,3+,Graduate,No,2545,1457,82,240,1.0,Urban,Y
LP103551,Male,Yes,2,Graduate,No,1996,0,80,360,1.0,Semiurban,Y
LP103552,Male,Yes,3+,Graduate,No,5884,0,212,240,1.0,Urban,Y
LP103553,Male,Yes,2,Graduate,No,7723,2308,497,360,1.0,Rural,Y
LP103554,Male,No,3+,Not Graduate,No,10517,0,440,360,1.0,Semiurban,Y
LP103555,Male,No,1,Graduate,No,1861,3407,98,360,1.0,Rural,Y
LP103556,Male,Yes,0,Graduate,No,6386,0,259,36,1.0,Rural,Y
LP103557,Male,Yes,0,Graduate,No,6621,824,179,180,1.0,Semiurban,Y
LP103558,Male,Yes,1,Graduate,No,3043,0,148,360,1.0,Rural,Y
LP103559,Male,Yes,0,Graduate,No,2528,8315,170,360,1.0,Urban,Y
LP103560,Male,Yes,0,Graduate,No,2304,1615,91,360,1.0,Semiurban,Y
LP103561,Female,No,0,Graduate,No,3133,0,102,180,1.0,Urban,Y
LP103562,Male,Yes,3+,Graduate,No,4681,4203,158,36,1.0,Rural,Y
LP103563,Male,No,0,Graduate,No,8847,0,239,360,1.0,Rural,Y
LP103564,Male,Yes,2,Not Graduate,No,6018,0,195,360,1.0,Rural,Y
LP103565,Male,No,1,Not Graduate,Yes,1482,0,45,360,1.0,Urban,Y
LP103566,Male,No,3+,Graduate,Yes,2985,0,93,240,1.0,Urban,N
LP103567,Male,Yes,3+,Graduate,No,8558,0,392,360,1.0,Urban,Y
LP103568,Male,Yes,2,Graduate,Yes,3081,0,101,360,1.0,Urban,Y
LP103569,Female,Yes,0,Not Graduate,No,3176,0,152,360,0.0,Urban,N
LP103570,Male,Yes,0,Graduate,No,1639,1597,65,360,1.0,Semiurban,Y
LP103571,Male,Yes,0,Not Graduate,No,6178,0,153,360,0.0,Rural,N
LP103572,Female,Yes,2,Graduate,Yes,1609,3558,196,360,1.0,Semiurban,Y
LP103573,Female,Yes,2,Graduate,No,1696,0,42,360,1.0,Semiurban,Y
LP103574,Female,No,2,Graduate,No,7463,0,203,240,1.0,Semiurban,Y
LP103575,Male,Yes,0,Graduate,No,12038,1318,622,360,1.0,Semiurban,Y
LP103576,Male,No,1,Graduate,No,3569,1321,166,360,1.0,Rural,Y
LP103577,Male,Yes,0,Graduate,No,4081,1755,165,36,1.0,Semiurban,Y
LP103578,Male,No,0,Graduate,Yes,7590,1034,364,360,1.0,Urban,Y
LP103579,Male,Yes,0,Graduate,No,4910,0,86,360,1.0,Semiurban,Y
LP103580,Male,Yes,0,Not Graduate,No,2669,1317,138,360,1.0,Rural,Y
LP103581,Female,No,2,Graduate,No,3206,0,59,36,1.0,Semiurban,Y
LP103582,Male,Yes,0,Not Graduate,No,1384,1995,72,360,1.0,Semiurban,Y
LP103583,Female,No,0,Not Graduate,No,3725,1114,83,180,1.0,Urban,Y
LP103584,Male,Yes,3+,Not Graduate,No,3115,4596,359,360,1.0,Urban,Y
LP103585,Male,Yes,0,Graduate,No,3291,4678,133,360,1.0,Rural,Y
LP103586,Male,Yes,0,Not Graduate,No,1889,2378,141,240,1.0,Urban,Y
LP103587,Male,No,0,Graduate,No,2552,1731,98,360,1.0,Urban,Y
LP103588,Male,Yes,0,Graduate,No,5883,1060,197,360,1.0,Semiurban,Y
LP103589,Male,No,0,Graduate,No,6800,0,219,360,1.0,Rural,Y
LP103590,Male,No,0,Graduate,No,3498,0,108,360,1.0,Urban,N
LP103591,Male,Yes,1,Not Graduate,No,2583,1226,157,360,1.0,Rural,Y
LP103592,Male,Yes,0,Graduate,No,2618,1323,185,360,1.0,Urban,Y
LP103593,Male,No,0,Graduate,Yes,7710,0,197,360,1.0,Rural,Y
LP103594,Male,Yes,0,Graduate,No,4259,987,83,360,1.0,Rural,Y
LP103595,Male,Yes,0,Not Graduate,Yes,4413,1373,268,360,1.0,Urban,Y
LP103596,Male,Yes,2,Graduate,Yes,5610,0,276,300,1.0,Urban,Y
LP103597,Male,Yes,0,Graduate,No,3535,1091,140,360,1.0,Urban,Y
LP103598,Male,Yes,0,Graduate,No,2206,1297,108,360,1.0,Semiurban,Y
LP103599,Male,Yes,2,Graduate,No,2421,3441,118,360,1.0,Urban,Y
LP103600,Male,No,0,Graduate,No,7786,0,246,360,1.0,Urban,Y
LP103601,Male,Yes,0,Graduate,Yes,3090,2592,146,360,1.0,Urban,Y
LP103602,Male,Yes,1,Not Graduate,No,2615,2333,246,360,1.0,Urban,Y
LP103603,Male,No,0,Graduate,No,2244,0,48,360,0.0,Urban,N
LP103604,Male,No,2,Graduate,No,2145,2331,126,360,1.0,Rural,Y
LP103605,Male,No,2,Graduate,No,2743,0,100,60,1.0,Rural,Y
LP103606,Female,Yes,0,Not Graduate,No,8294,0,225,360,1.0,Semiurban,Y
LP103607,Male,No,1,Not Graduate,No,4706,3620,263,360,1.0,Semiurban,Y
LP103608,Female,Yes,0,Graduate,No,3134,2692,286,360,1.0,Semiurban,Y
LP103609,Female,Yes,3+,Not Graduate,No,5945,1486,244,360,1.0,Semiurban,Y
LP103610,Male,Yes,2,Graduate,No,3851,3447,342,360,1.0,Semiurban,Y
LP103611,Male,Yes,2,Graduate,No,8819,0,146,360,1.0,Semiurban,Y
LP103612,Male,No,0,Graduate,No,14132,1997,310,360,1.0,Semiurban,N
LP103613,Female,Yes,2,Graduate,No,7371,1390,421,180,0.0,Semiurban,N
LP103614,Male,No,0,Graduate,No,4411,0,86,360,1.0,Urban,Y
LP103615,Male,No,0,Graduate,No,6151,1100,296,360,1.0,Urban,Y
LP103616,Male,Yes,3+,Not Graduate,No,3304,1670,152,360,1.0,Urban,Y
LP103617,Female,Yes,0,Graduate,No,1525,1349,84,360,1.0,Semiurban,Y
LP103618,Female,Yes,3+,Graduate,No,2921,0,111,360,1.0,Urban,Y
LP103619,Male,Yes,0,Graduate,No,2481,2523,202,360,0.0,Semiurban,N
LP103620,Male,Yes,2,Graduate,No,2886,1030,186,360,1.0,Semiurban,Y
LP103621,Male,No,0,Not Graduate,No,8788,0,211,120,1.0,Rural,Y
LP103622,Male,Yes,0,Graduate,No,7762,824,339,360,1.0,Urban,Y
LP103623,Female,Yes,0,Not Graduate,No,4176,0,113,120,1.0,Semiurban,Y
LP103624,Male,No,1,Graduate,No,6546,0,263,360,1.0,Semiurban,Y
LP103625,Male,Yes,0,Graduate,No,1479,0,30,360,0.0,Semiurban,N
LP103626,Male,No,1,Graduate,No,6250,0,194,360,1.0,Semiurban,Y
LP103627,Female,Yes,0,Graduate,No,7020,0,150,360,1.0,Rural,Y
LP103628,Female,Yes,0,Graduate,No,1222,993,59,360,1.0,Urban,Y
LP103629,Male,Yes,0,Graduate,No,6378,3315,388,360,1.0,Rural,Y
LP103630,Male,Yes,0,Graduate,No,1913,0,44,360,1.0,Rural,Y
LP103631,Male,Yes,2,Graduate,No,1417,0,55,360,0.0,Semiurban,Y
LP103632,Male,No,0,Graduate,No,8684,0,281,120,1.0,Rural,Y
LP103633,Male,Yes,0,Graduate,No,2406,2160,83,360,1.0,Semiurban,Y
LP103634,Male,No,0,Graduate,No,2824,0,81,360,1.0,Semiurban,Y
LP103635,Male,Yes,2,Graduate,Yes,7938,1823,443,120,1.0,Rural,Y
LP103636,Female,Yes,0,Graduate,No,3540,1553,253,360,1.0,Urban,Y
LP103637,Male,Yes,0,Graduate,No,3792,1309,142,360,1.0,Urban,Y
LP103638,Male,No,0,Not Graduate,Yes,3225,0,55,360,1.0,Urban,Y
LP103639,Male,Yes,0,Not Graduate,No,3967,2485,126,360,1.0,Semiurban,Y
LP103640,Male,Yes,0,Graduate,No,3697,2323,165,360,1.0,Urban,Y
LP103641,Female,No,0,Graduate,Yes,4904,0,186,360,1.0,Rural,Y
LP103642,Male,Yes,1,Graduate,Yes,3492,2557,151,360,1.0,Semiurban,Y
LP103643,Male,No,0,Graduate,Yes,5589,0,160,360,0.0,Rural,N
LP103644,Male,Yes,0,Not Graduate,No,3894,0,169,360,1.0,Urban,Y
LP103645,Male,No,0,Not Graduate,No,9307,2208,339,360,1.0,Urban,Y
LP103646,Male,No,0,Not Graduate,No,2657,4064,279,360,1.0,Urban,Y
LP103647,Male,No,0,Graduate,No,3784,0,96,360,1.0,Urban,Y
LP103648,Male,Yes,2,Not Graduate,Yes,4111,1651,233,360,1.0,Semiurban,Y
LP103649,Female,Yes,0,Graduate,No,7117,2448,300,360,1.0,Rural,Y
LP103650,Male,No,1,Not Graduate,No,1798,0,61,180,0.0,Semiurban,N
LP103651,Male,Yes,0,Graduate,No,4433,0,159,360,0.0,Semiurban,N
LP103652,Female,Yes,1,Graduate,No,1054,2328,104,360,1.0,Semiurban,Y
LP103653,Male,No,1,Graduate,No,3606,0,113,360,1.0,Urban,Y
LP103654,Male,Yes,0,Graduate,No,7553,3912,279,360,1.0,Semiurban,Y
LP103655,Male,Yes,2,Graduate,Yes,3089,2559,280,360,1.0,Urban,Y
LP103656,Male,Yes,0,Not Graduate,No,3612,523,193,84,1.0,Rural,Y
LP103657,Male,Yes,2,Graduate,No,3130,2183,178,360,1.0,Semiurban,Y
LP103658,Male,Yes,0,Graduate,Yes,2871,0,47,360,1.0,Urban,Y
LP103659,Female,Yes,3+,Graduate,No,7144,1041,171,360,1.0,Semiurban,Y
LP103660,Male,Yes,2,Graduate,No,2356,683,136,360,1.0,Urban,Y
LP103661,Male,No,3+,Not Graduate,No,3850,0,183,180,1.0,Semiurban,Y
LP103662,Male,No,0,Graduate,No,4961,944,122,360,1.0,Rural,Y
LP103663,Male,Yes,0,Graduate,No,2621,0,107,180,1.0,Rural,Y
LP103664,Male,Yes,2,Not Graduate,No,3570,0,131,360,1.0,Urban,Y
LP103665,Male,No,2,Not Graduate,No,1959,0,50,180,1.0,Urban,Y
LP103666,Female,Yes,3+,Graduate,No,5579,2036,230,360,1.0,Semiurban,Y
LP103667,Male,Yes,0,Graduate,Yes,2235,3137,208,360,1.0,Rural,Y
LP103668,Male,Yes,2,Graduate,No,3474,2063,103,360,0.0,Rural,N
LP103669,Male,Yes,0,Graduate,No,3644,3653,158,180,1.0,Urban,Y
LP103670,Male,No,0,Graduate,No,7722,0,125,120,1.0,Rural,Y
LP103671,Male,Yes,0,Not Graduate,No,3539,0,165,240,1.0,Rural,Y
LP103672,Male,No,0,Graduate,No,7080,0,248,360,1.0,Urban,Y
LP103673,Male,Yes,3+,Graduate,No,5681,0,189,360,0.0,Rural,N
LP103674,Male,No,0,Graduate,No,5661,0,225,36,1.0,Urban,Y
LP103675,Male,Yes,1,Graduate,No,3488,1670,256,360,1.0,Urban,Y
LP103676,Male,Yes,1,Not Graduate,No,5745,0,121,360,0.0,Urban,N
LP103677,Male,Yes,0,Graduate,No,3442,0,68,240,1.0,Semiurban,Y
LP103678,Female,Yes,0,Graduate,No,1617,1450,78,360,1.0,Rural,Y
LP103679,Male,Yes,0,Graduate,No,3721,720,207,360,1.0,Semiurban,Y
LP103680,Male,Yes,0,Graduate,No,5373,0,158,360,1.0,Urban,Y
LP103681,Male,Yes,2,Not Graduate,No,1354,2990,186,360,1.0,Urban,N
LP103682,Male,Yes,3+,Graduate,No,2573,1580,92,360,1.0,Semiurban,Y
LP103683,Male,Yes,0,Graduate,No,2128,0,69,360,1.0,Semiurban,Y
LP103684,Male,No,0,Graduate,No,6454,0,126,360,0.0,Semiurban,N
LP103685,Male,No,0,Graduate,No,10507,0,309,300,1.0,Urban,Y
LP103686,Female,No,1,Graduate,No,3731,0,90,360,1.0,Semiurban,Y
LP103687,Male,No,0,Graduate,No,5609,0,192,120,1.0,Rural,Y
LP103688,Male,Yes,0,Not Graduate,No,4327,3842,346,360,1.0,Semiurban,Y
LP103689,Male,Yes,0,Graduate,No,9841,712,505,360,1.0,Semiurban,Y
LP103690,Female,Yes,3+,Graduate,No,2924,2286,130,360,1.0,Rural,Y
LP103691,Male,No,0,Not Graduate,Yes,3194,0,131,360,1.0,Semiurban,Y
LP103692,Male,No,0,Not Graduate,Yes,2989,0,137,360,1.0,Semiurban,Y
LP103693,Male,Yes,3+,Not Graduate,No,3416,2054,106,360,1.0,Semiurban,Y
LP103694,Male,Yes,1,Not Graduate,No,12991,0,461,360,1.0,Urban,Y
LP103695,Male,Yes,1,Graduate,No,4259,1760,219,360,1.0,Semiurban,Y
LP103696,Female,Yes,0,Graduate,No,2617,1995,113,360,1.0,Rural,Y
LP103697,Male,Yes,3+,Graduate,No,2219,2415,73,240,1.0,Urban,Y
LP103698,Female,Yes,1,Graduate,No,8339,1796,243,360,1.0,Rural,Y
LP103699,Male,No,2,Not Graduate,No,2043,0,72,180,1.0,Semiurban,Y
LP103700,Male,Yes,1,Graduate,No,6031,2272,182,360,1.0,Semiurban,Y
LP103701,Male,No,1,Graduate,No,2881,0,72,360,1.0,Semiurban,Y
LP103702,Male,No,0,Not Graduate,No,1633,1605,129,300,1.0,Semiurban,Y
LP103703,Female,No,0,Graduate,No,5841,0,169,360,0.0,Rural,N
LP103704,Female,Yes,0,Graduate,No,2960,297,56,360,1.0,Semiurban,Y
LP103705,Female,Yes,0,Graduate,Yes,5820,4126,288,360,1.0,Rural,N
LP103706,Male,Yes,0,Graduate,Yes,6061,3431,475,360,1.0,Semiurban,N
LP103707,Male,Yes,0,Graduate,No,5655,895,158,360,1.0,Semiurban,Y
LP103708,Male,Yes,2,Not Graduate,No,2828,1332,101,360,1.0,Rural,Y
LP103709,Female,No,0,Graduate,No,6107,0,128,360,1.0,Urban,Y
LP103710,Male,No,2,Not Graduate,No,1973,0,48,360,1.0,Semiurban,Y
LP103711,Male,No,1,Graduate,No,1086,0,38,360,1.0,Urban,Y
LP103712,Male,No,0,Graduate,No,6177,0,301,60,1.0,Rural,N
LP103713,Male,Yes,0,Graduate,No,4586,2556,259,360,0.0,Semiurban,N
LP103714,Female,Yes,0,Graduate,No,2994,2059,148,360,1.0,Rural,Y
LP103715,Male,Yes,0,Not Graduate,No,1459,1686,90,360,0.0,Rural,N
LP103716,Male,Yes,0,Graduate,No,1366,0,22,300,1.0,Urban,Y
LP103717,Male,No,0,Not Graduate,No,3371,1486,73,300,1.0,Urban,Y
LP103718,Male,Yes,3+,Not Graduate,No,8115,685,378,360,1.0,Semiurban,Y
LP103719,Male,Yes,0,Not Graduate,No,3036,1145,134,360,1.0,Semiurban,Y
LP103720,Male,Yes,1,Graduate,No,3432,1066,165,180,1.0,Urban,Y
LP103721,Female,Yes,0,Not Graduate,No,3233,763,100,360,1.0,Urban,Y
LP103722,Female,Yes,1,Graduate,No,13882,2494,450,360,1.0,Semiurban,Y
LP103723,Male,No,0,Graduate,No,6332,0,269,300,1.0,Urban,Y
LP103724,Male,Yes,1,Graduate,No,2506,2471,165,360,1.0,Rural,Y
LP103725,Female,Yes,1,Not Graduate,No,3328,2731,258,240,0.0,Rural,N
LP103726,Male,Yes,1,Graduate,No,5027,3146,304,360,1.0,Rural,Y
LP103727,Male,Yes,0,Graduate,Yes,2576,2551,83,300,1.0,Urban,Y
LP103728,Male,Yes,1,Graduate,No,6357,1110,365,360,1.0,Urban,Y
LP103729,Male,No,0,Graduate,No,2670,2829,117,360,0.0,Semiurban,N
LP103730,Male,Yes,0,Graduate,No,1824,2283,101,240,1.0,Rural,Y
LP103731,Female,Yes,0,Not Graduate,No,3417,7436,470,360,1.0,Urban,Y
LP103732,Male,Yes,0,Graduate,No,4002,2008,130,180,1.0,Urban,Y
LP103733,Male,No,0,Not Graduate,No,3275,0,95,120,1.0,Urban,N
LP103734,Male,Yes,1,Graduate,Yes,3025,1888,222,360,1.0,Semiurban,Y
LP103735,Male,Yes,0,Not Graduate,No,2323,2058,163,360,1.0,Semiurban,Y
LP103736,Male,Yes,0,Graduate,No,7789,1976,250,360,1.0,Urban,Y
LP103737,Male,No,0,Graduate,No,5337,0,200,360,1.0,Semiurban,Y
LP103738,Male,Yes,1,Graduate,No,2474,0,165,360,0.0,Semiurban,N
LP103739,Male,Yes,0,Graduate,No,1432,0,42,360,1.0,Semiurban,Y
LP103740,Female,Yes,0,Not Graduate,No,1982,1554,124,300,1.0,Semiurban,Y
LP103741,Female,Yes,1,Graduate,No,4565,3299,390,180,1.0,Rural,Y
LP103742,Male,No,0,Not Graduate,Yes,2546,0,124,360,1.0,Semiurban,Y
LP103743,Male,No,0,Not Graduate,No,2218,0,73,120,1.0,Semiurban,Y
LP103744,Male,Yes,0,Graduate,No,3028,1121,76,84,1.0,Rural,Y
LP103745,Male,No,1,Graduate,No,4023,2615,262,360,0.0,Rural,N
LP103746,Male,No,1,Graduate,No,6447,0,157,360,1.0,Semiurban,Y
LP103747,Male,No,0,Graduate,No,4186,0,161,360,1.0,Urban,Y
LP103748,Male,Yes,0,Graduate,No,4332,5598,271,360,1.0,Rural,Y
LP103749,Female,Yes,0,Not Graduate,Yes,3185,1119,173,360,1.0,Urban,Y
LP103750,Female,Yes,1,Graduate,Yes,3500,801,120,360,1.0,Rural,Y
LP103751,Female,Yes,2,Graduate,No,6847,0,328,180,1.0,Urban,N
LP103752,Male,Yes,0,Graduate,No,6299,2296,170,360,1.0,Rural,Y
LP103753,Male,Yes,0,Graduate,No,12896,2088,261,84,1.0,Semiurban,Y
LP103754,Male,Yes,2,Not Graduate,No,4585,0,194,360,1.0,Rural,N
LP103755,Male,Yes,2,Not Graduate,Yes,2740,1260,116,360,1.0,Semiurban,Y
LP103756,Male,Yes,2,Graduate,No,2546,2302,152,360,0.0,Rural,N
LP103757,Male,No,1,Not Graduate,No,5535,0,264,300,0.0,Urban,N
LP103758,Male,Yes,2,Graduate,No,2675,1346,143,360,1.0,Urban,Y
LP103759,Female,No,0,Graduate,No,6536,0,249,360,1.0,Urban,Y
LP103760,Male,Yes,0,Graduate,No,2757,0,43,360,1.0,Rural,Y
LP103761,Male,Yes,0,Not Graduate,No,3971,5740,374,360,1.0,Semiurban,Y
LP103762,Male,Yes,1,Graduate,No,2338,3630,171,180,1.0,Semiurban,Y
LP103763,Male,Yes,0,Graduate,No,6430,0,200,360,1.0,Semiurban,Y
LP103764,Male,Yes,0,Graduate,No,2124,3288,234,180,1.0,Rural,Y
LP103765,Male,No,0,Graduate,No,4865,4394,309,360,0.0,Semiurban,N
LP103766,Male,Yes,0,Not Graduate,No,2939,0,146,360,1.0,Semiurban,Y
LP103767,Male,No,2,Graduate,No,4428,0,190,360,1.0,Semiurban,Y
LP103768,Male,Yes,0,Graduate,No,3368,4481,318,360,1.0,Semiurban,Y
LP103769,Male,Yes,0,Graduate,No,3325,2081,192,120,1.0,Urban,Y
LP103770,Male,Yes,2,Graduate,Yes,5015,2596,224,360,1.0,Urban,Y
LP103771,Female,Yes,0,Graduate,No,2413,2084,76,180,1.0,Urban,Y
LP103772,Male,Yes,1,Graduate,No,2405,3411,91,360,1.0,Urban,Y
LP103773,Male,Yes,2,Graduate,No,3438,2718,102,360,1.0,Semiurban,Y
LP103774,Male,Yes,3+,Graduate,No,3365,2130,267,360,0.0,Semiurban,N
LP103775,Female,Yes,2,Graduate,No,2409,0,63,360,1.0,Rural,Y
LP103776,Female,Yes,0,Graduate,No,6961,2934,391,360,1.0,Urban,Y
LP103777,Male,No,1,Graduate,No,3484,0,125,180,1.0,Rural,Y
LP103778,Male,Yes,0,Graduate,Yes,4066,950,176,360,1.0,Semiurban,Y
LP103779,Female,Yes,0,Graduate,Yes,2219,0,78,360,1.0,Urban,Y
LP103780,Male,No,0,Graduate,No,13084,0,335,240,1.0,Semiurban,Y
LP103781,Male,Yes,0,Graduate,Yes,17500,2245,700,360,1.0,Rural,Y
LP103782,Male,Yes,2,Not Graduate,No,2133,0,101,360,1.0,Urban,N
LP103783,Female,Yes,0,Graduate,No,8218,0,309,36,1.0,Semiurban,Y
LP103784,Female,Yes,0,Not Graduate,No,3115,2412,250,360,1.0,Urban,Y
LP103785,Male,No,0,Not Graduate,No,7917,0,135,180,1.0,Urban,Y
LP103786,Male,Yes,0,Graduate,No,5038,0,93,360,0.0,Semiurban,Y
LP103787,Male,No,3+,Graduate,Yes,4866,0,168,360,0.0,Rural,N
LP103788,Male,No,0,Graduate,No,1059,0,47,120,1.0,Semiurban,Y
LP103789,Female,Yes,1,Graduate,No,2583,4422,182,60,1.0,Semiurban,N
LP103790,Male,Yes,0,Not Graduate,No,3314,2219,189,360,1.0,Rural,Y
LP103791,Male,Yes,0,Not Graduate,No,3655,1339,77,360,1.0,Urban,Y
LP103792,Male,Yes,0,Graduate,No,2147,998,156,360,1.0,Semiurban,N
LP103793,Male,Yes,2,Graduate,No,2804,934,156,12,1.0,Semiurban,Y
LP103794,Male,Yes,0,Not Graduate,No,4443,5925,287,300,1.0,Rural,Y
LP103795,Male,Yes,0,Graduate,No,1957,1801,186,360,1.0,Rural,Y
LP103796,Male,Yes,0,Not Graduate,No,3527,1572,93,180,1.0,Rural,Y
LP103797,Male,No,2,Graduate,No,8272,0,258,360,1.0,Urban,Y
LP103798,Male,Yes,1,Graduate,No,5176,1369,112,360,1.0,Semiurban,Y
LP103799,Male,No,0,Graduate,Yes,5539,0,148,360,0.0,Semiurban,Y
LP103800,Male,No,0,Graduate,No,1378,0,31,360,1.0,Semiurban,Y
LP103801,Female,Yes,2,Graduate,No,2664,2016,122,240,1.0,Semiurban,Y
LP103802,Female,No,2,Graduate,No,12959,0,624,360,1.0,Urban,Y
LP103803,Female,Yes,2,Graduate,No,3012,3413,192,240,1.0,Urban,Y
LP103804,Male,Yes,2,Graduate,No,8394,1434,259,60,0.0,Urban,N
LP103805,Female,Yes,1,Graduate,No,2992,1346,162,360,0.0,Rural,N
LP103806,Male,Yes,0,Graduate,No,3594,1310,191,360,1.0,Rural,Y
LP103807,Male,Yes,2,Graduate,No,5560,1063,327,360,1.0,Urban,Y
LP103808,Male,Yes,3+,Graduate,No,4426,2346,231,60,1.0,Rural,Y
LP103809,Male,Yes,0,Graduate,No,5165,3419,355,180,1.0,Urban,N
LP103810,Male,Yes,0,Graduate,No,2670,1295,113,360,1.0,Semiurban,Y
LP103811,Male,Yes,3+,Graduate,No,2241,0,47,300,1.0,Urban,Y
LP103812,Male,Yes,0,Graduate,No,2572,0,77,360,1.0,Rural,Y
LP103813,Male,Yes,2,Graduate,No,3124,1527,138,360,1.0,Semiurban,Y
LP103814,Male,Yes,0,Graduate,No,3691,0,110,120,0.0,Urban,N
LP103815,Male,Yes,0,Graduate,No,7408,0,291,360,1.0,Semiurban,Y
LP103816,Male,Yes,0,Graduate,No,4393,1435,170,300,1.0,Urban,Y
LP103817,Female,No,0,Not Graduate,Yes,4705,0,228,180,0.0,Semiurban,N
LP103818,Female,Yes,0,Graduate,No,4526,0,224,360,1.0,Urban,N
LP103819,Male,No,0,Graduate,No,2267,0,76,360,1.0,Urban,N
LP103820,Male,Yes,1,Not Graduate,Yes,3639,5413,313,360,1.0,Rural,Y
LP103821,Male,No,3+,Graduate,No,4499,0,132,360,1.0,Semiurban,Y
LP103822,Male,Yes,0,Not Graduate,No,4977,1408,175,360,1.0,Urban,Y
LP103823,Male,Yes,0,Graduate,No,2326,0,115,120,1.0,Urban,Y
LP103824,Male,Yes,0,Graduate,No,1363,0,22,360,1.0,Urban,Y
LP103825,Male,Yes,0,Graduate,Yes,5075,1947,206,360,1.0,Urban,Y
LP103826,Male,Yes,0,Graduate,No,5087,2222,148,360,1.0,Semiurban,Y
LP103827,Male,Yes,0,Graduate,No,3794,3010,275,360,1.0,Urban,Y
LP103828,Female,No,0,Graduate,No,4252,3395,167,12,1.0,Semiurban,Y
LP103829,Male,Yes,0,Graduate,Yes,7468,1228,400,360,0.0,Semiurban,N
LP103830,Male,Yes,0,Not Graduate,No,2546,3129,160,360,1.0,Urban,Y
LP103831,Female,No,1,Graduate,No,3592,5431,425,180,1.0,Rural,Y
LP103832,Female,Yes,0,Graduate,No,4373,3392,385,360,1.0,Urban,Y
LP103833,Male,No,2,Graduate,Yes,2355,5023,310,360,1.0,Semiurban,Y
LP103834,Male,Yes,3+,Graduate,No,3852,424,157,12,1.0,Semiurban,Y
LP103835,Male,No,3+,Graduate,No,4043,0,82,360,1.0,Urban,Y
LP103836,Female,Yes,3+,Graduate,No,10302,2342,603,360,1.0,Urban,Y
LP103837,Male,No,0,Graduate,No,3554,0,150,120,1.0,Urban,Y
LP103838,Female,No,0,Graduate,No,4674,0,117,360,1.0,Rural,N
LP103839,Male,Yes,0,Not Graduate,No,5431,1475,217,360,1.0,Rural,N
LP103840,Male,Yes,2,Graduate,Yes,2906,3430,110,120,1.0,Semiurban,Y
LP103841,Male,Yes,2,Graduate,No,8923,1058,380,36,1.0,Semiurban,Y
LP103842,Male,No,2,Graduate,No,11047,0,214,360,1.0,Semiurban,Y
LP103843,Male,Yes,0,Graduate,No,4121,1978,231,360,1.0,Urban,N
LP103844,Male,Yes,2,Graduate,No,3112,1777,188,360,1.0,Urban,Y
LP103845,Male,Yes,0,Graduate,No,10246,2818,344,60,1.0,Urban,Y
LP103846,Female,Yes,0,Not Graduate,No,5076,1023,294,360,1.0,Semiurban,Y
LP103847,Male,Yes,2,Graduate,Yes,4818,1251,256,360,0.0,Urban,N
LP103848,Male,No,0,Graduate,No,9178,0,297,360,1.0,Urban,N
LP103849,Male,Yes,3+,Graduate,Yes,9524,972,495,360,1.0,Urban,Y
LP103850,Male,No,0,Graduate,No,3480,4182,344,240,1.0,Urban,Y
LP103851,Male,Yes,2,Graduate,No,4801,0,188,360,1.0,Semiurban,Y
LP103852,Male,Yes,0,Graduate,No,5750,3203,182,360,0.0,Urban,Y
LP103853,Female,Yes,0,Graduate,No,4254,1182,176,360,1.0,Urban,N
LP103854,Male,Yes,2,Graduate,No,1948,3049,226,360,1.0,Urban,Y
LP103855,Male,No,2,Graduate,No,2499,0,91,360,0.0,Urban,N
LP103856,Male,No,0,Graduate,No,1984,0,68,360,1.0,Urban,Y
LP103857,Male,Yes,3+,Graduate,No,5491,3948,457,360,1.0,Urban,N
LP103858,Male,Yes,0,Graduate,Yes,2401,1434,60,120,1.0,Semiurban,Y
LP103859,Female,Yes,0,Graduate,Yes,5120,1218,98,360,1.0,Semiurban,Y
LP103860,Female,Yes,0,Graduate,No,11468,0,530,84,1.0,Urban,Y
LP103861,Male,No,2,Graduate,No,9182,0,150,360,1.0,Urban,Y
LP103862,Male,No,0,Graduate,No,1524,0,41,360,0.0,Urban,N
LP103863,Male,Yes,2,Graduate,No,2072,1231,156,360,1.0,Urban,Y
LP103864,Male,Yes,1,Not Graduate,No,2138,1715,151,360,1.0,Rural,Y
LP103865,Male,Yes,0,Graduate,No,2201,1358,134,360,1.0,Rural,Y
LP103866,Male,Yes,3+,Not Graduate,No,1320,1238,97,360,1.0,Urban,N
LP103867,Male,Yes,0,Graduate,No,4162,5557,254,360,1.0,Semiurban,Y
LP103868,Male,Yes,2,Graduate,No,6171,3192,314,360,1.0,Urban,Y
LP103869,Male,Yes,0,Graduate,No,7076,822,293,360,1.0,Urban,Y
LP103870,Male,No,0,Graduate,Yes,3548,0,91,360,1.0,Semiurban,Y
LP103871,Male,No,0,Not Graduate,No,2822,0,121,120,1.0,Urban,Y
LP103872,Male,Yes,0,Graduate,No,5092,3573,228,360,1.0,Semiurban,Y
LP103873,Female,Yes,0,Graduate,No,3945,870,84,360,1.0,Semiurban,Y
LP103874,Male,Yes,0,Graduate,No,6539,0,144,360,1.0,Semiurban,Y
LP103875,Male,No,0,Graduate,No,5305,0,155,360,1.0,Rural,Y
LP103876,Male,No,0,Graduate,No,3404,0,159,360,1.0,Rural,N
LP103877,Female,No,0,Graduate,No,1508,0,45,360,1.0,Rural,Y
LP103878,Male,No,2,Graduate,No,9549,0,173,360,1.0,Urban,Y
LP103879,Male,Yes,0,Not Graduate,No,2247,0,49,360,1.0,Urban,Y
LP103880,Male,Yes,2,Graduate,No,5097,905,204,360,1.0,Semiurban,Y
LP103881,Male,Yes,1,Graduate,No,1459,1264,58,360,1.0,Rural,Y
LP103882,Female,Yes,1,Graduate,No,4161,1375,95,360,0.0,Semiurban,N
LP103883,Male,No,1,Not Graduate,No,3463,0,139,360,1.0,Rural,Y
LP103884,Female,Yes,0,Graduate,No,4544,1464,255,180,1.0,Urban,Y
LP103885,Female,Yes,1,Graduate,No,21968,0,700,360,1.0,Urban,Y
LP103886,Female,Yes,0,Not Graduate,No,2316,2406,210,300,1.0,Urban,Y
LP103887,Male,No,2,Graduate,No,6576,0,186,60,0.0,Semiurban,N
LP103888,Male,Yes,2,Graduate,No,5583,3370,364,180,0.0,Rural,N
LP103889,Male,Yes,0,Graduate,No,2883,4403,258,300,1.0,Urban,Y
LP103890,Male,Yes,2,Not Graduate,No,5104,0,165,300,1.0,Rural,Y
LP103891,Male,Yes,0,Not Graduate,No,2994,1094,119,360,1.0,Semiurban,Y
LP103892,Male,Yes,0,Not Graduate,No,5303,3232,144,12,1.0,Semiurban,Y
LP103893,Male,No,0,Graduate,Yes,13543,1979,278,360,1.0,Rural,N
LP103894,Male,Yes,2,Graduate,No,4549,0,77,360,1.0,Urban,Y
LP103895,Female,No,2,Graduate,No,3587,0,174,84,1.0,Rural,Y
LP103896,Male,Yes,2,Not Graduate,No,5843,2949,392,360,1.0,Urban,Y
LP103897,Female,Yes,0,Not Graduate,No,7064,1799,269,360,0.0,Urban,N
LP103898,Male,No,0,Graduate,No,2576,0,61,84,1.0,Semiurban,Y
LP103899,Female,Yes,1,Graduate,Yes,3590,0,63,360,1.0,Rural,Y
LP103900,Male,Yes,0,Graduate,No,6071,2682,263,360,1.0,Semiurban,Y
LP103901,Male,No,1,Graduate,No,3894,3180,255,360,0.0,Semiurban,Y
LP103902,Female,Yes,0,Graduate,No,2477,1604,175,180,1.0,Rural,Y
LP103903,Male,No,0,Graduate,No,5637,0,95,120,1.0,Urban,Y
LP103904,Female,Yes,0,Graduate,No,6058,0,179,240,0.0,Rural,N
LP103905,Male,Yes,1,Graduate,No,3484,3112,324,360,1.0,Semiurban,N
LP103906,Male,Yes,0,Not Graduate,No,3389,3612,135,360,1.0,Urban,N
LP103907,Male,No,0,Not Graduate,No,2386,0,69,360,1.0,Urban,Y
LP103908,Male,Yes,0,Not Graduate,No,1794,1512,81,360,0.0,Urban,N
LP103909,Male,No,0,Graduate,No,3186,4798,157,360,1.0,Urban,Y
LP103910,Male,No,0,Graduate,No,4361,0,193,360,0.0,Urban,N
LP103911,Male,Yes,0,Graduate,Yes,2046,0,81,360,1.0,Urban,N
LP103912,Male,Yes,1,Not Graduate,No,2595,0,76,240,1.0,Semiurban,Y
LP103913,Female,Yes,0,Graduate,No,4394,2643,196,300,1.0,Semiurban,N
LP103914,Female,Yes,2,Graduate,No,8077,3085,491,360,0.0,Semiurban,N
LP103915,Male,Yes,1,Graduate,Yes,3878,0,70,360,1.0,Urban,Y
LP103916,Male,Yes,0,Not Graduate,No,1651,1264,59,360,1.0,Rural,N
LP103917,Male,No,0,Graduate,No,3731,1451,242,36,1.0,Urban,Y
LP103918,Male,No,2,Graduate,No,3066,0,134,60,1.0,Semiurban,Y
LP103919,Female,No,0,Graduate,Yes,6240,0,263,360,1.0,Urban,Y
LP103920,Female,No,0,Not Graduate,No,2721,0,100,360,1.0,Semiurban,N
LP103921,Male,Yes,0,Graduate,No,943,1589,64,360,1.0,Urban,Y
LP103922,Female,No,1,Graduate,No,31893,2324,165,360,1.0,Rural,Y
LP103923,Male,No,1,Graduate,No,4528,0,146,60,1.0,Rural,Y
LP103924,Female,Yes,3+,Graduate,No,4398,0,109,360,1.0,Semiurban,Y
LP103925,Male,No,2,Graduate,Yes,1973,0,165,180,1.0,Urban,Y
LP103926,Male,Yes,0,Graduate,No,1871,1456,52,360,1.0,Urban,Y
LP103927,Male,Yes,0,Graduate,No,3981,2002,143,360,1.0,Rural,Y
LP103928,Male,No,0,Not Graduate,No,3942,0,85,180,1.0,Semiurban,Y
LP103929,Male,No,0,Graduate,No,6161,0,122,360,1.0,Rural,Y
LP103930,Female,Yes,0,Not Graduate,No,3734,1602,86,180,0.0,Semiurban,N
LP103931,Male,No,0,Graduate,Yes,2399,0,55,120,1.0,Rural,Y
LP103932,Male,Yes,0,Graduate,No,1056,1205,42,360,1.0,Rural,Y
LP103933,Male,Yes,0,Not Graduate,Yes,3411,2089,91,360,0.0,Semiurban,N
LP103934,Male,No,0,Graduate,No,3122,1925,100,120,1.0,Urban,Y
LP103935,Male,Yes,3+,Graduate,Yes,2300,0,51,360,0.0,Semiurban,N
LP103936,Male,No,0,Graduate,No,6602,0,195,360,1.0,Rural,Y
LP103937,Male,Yes,3+,Graduate,No,1760,1258,107,300,1.0,Rural,Y
LP103938,Male,Yes,0,Graduate,No,5879,1266,188,240,1.0,Urban,Y
LP103939,Male,Yes,0,Graduate,No,1928,0,38,120,1.0,Semiurban,Y
LP103940,Male,Yes,0,Not Graduate,No,3528,0,169,360,1.0,Rural,Y
LP103941,Female,Yes,0,Graduate,No,6998,1741,289,240,1.0,Semiurban,Y
LP103942,Male,No,0,Graduate,Yes,3825,1833,232,360,1.0,Rural,Y
LP103943,Male,Yes,3+,Graduate,No,10606,2644,521,360,1.0,Rural,Y
LP103944,Male,No,3+,Not Graduate,No,9410,0,235,360,1.0,Rural,Y
LP103945,Male,Yes,0,Graduate,No,4771,2120,238,360,1.0,Urban,Y
LP103946,Male,Yes,0,Graduate,Yes,6203,0,224,180,1.0,Urban,Y
LP103947,Male,Yes,0,Graduate,No,7504,960,231,120,1.0,Urban,Y
LP103948,Male,Yes,0,Not Graduate,No,4421,0,170,360,1.0,Rural,Y
LP103949,Male,Yes,0,Graduate,No,5325,2955,353,360,1.0,Semiurban,Y
LP103950,Male,Yes,0,Graduate,No,3139,2896,167,180,0.0,Urban,N
LP103951,Male,Yes,0,Graduate,No,1655,1720,52,360,1.0,Urban,Y
LP103952,Female,Yes,0,Not Graduate,No,1526,8232,266,360,1.0,Urban,Y
LP103953,Male,Yes,0,Graduate,No,15523,5100,394,360,1.0,Rural,Y
LP103954,Male,Yes,0,Not Graduate,No,3913,0,80,360,1.0,Semiurban,Y
LP103955,Female,Yes,0,Graduate,No,3658,3042,165,360,0.0,Semiurban,Y
LP103956,Female,No,3+,Graduate,No,8388,2631,245,360,0.0,Urban,N
LP103957,Male,Yes,0,Graduate,No,2773,0,132,360,1.0,Rural,Y
LP103958,Male,No,2,Graduate,Yes,6347,0,240,360,1.0,Urban,Y
LP103959,Male,Yes,2,Graduate,No,4369,1063,180,180,1.0,Semiurban,Y
LP103960,Male,Yes,3+,Graduate,No,5393,0,83,180,1.0,Urban,Y
LP103961,Male,Yes,2,Graduate,No,3480,2158,105,360,1.0,Urban,Y
LP103962,Male,No,1,Graduate,No,2463,0,105,300,1.0,Urban,N
LP103963,Male,Yes,2,Graduate,No,2663,2353,144,360,1.0,Semiurban,Y
LP103964,Male,No,0,Graduate,No,2721,0,45,360,1.0,Semiurban,Y
LP103965,Male,No,0,Not Graduate,No,3272,0,144,360,1.0,Urban,Y
LP103966,Male,No,3+,Graduate,No,1779,2074,99,180,1.0,Urban,Y
LP103967,Male,Yes,2,Graduate,No,2108,1786,111,360,1.0,Rural,N
LP103968,Male,Yes,3+,Graduate,No,4511,3486,393,360,1.0,Urban,Y
LP103969,Male,Yes,2,Graduate,No,3903,1067,77,360,1.0,Urban,Y
LP103970,Female,Yes,2,Graduate,No,4649,1733,257,240,1.0,Semiurban,N
LP103971,Male,No,1,Not Graduate,Yes,3516,0,170,360,1.0,Rural,N
LP103972,Male,Yes,2,Not Graduate,No,13096,1198,246,360,1.0,Urban,Y
LP103973,Male,Yes,0,Graduate,No,4489,601,231,84,1.0,Rural,N
LP103974,Male,Yes,3+,Graduate,Yes,3739,1000,140,120,1.0,Urban,Y
LP103975,Female,Yes,2,Graduate,No,4427,1922,290,360,1.0,Semiurban,Y
LP103976,Male,Yes,2,Graduate,No,7337,1721,234,360,1.0,Urban,Y
LP103977,Male,No,1,Graduate,No,4074,0,201,360,1.0,Semiurban,Y
LP103978,Male,Yes,0,Graduate,No,6102,1345,280,120,1.0,Urban,N
LP103979,Male,Yes,0,Graduate,No,5206,909,226,360,1.0,Semiurban,Y
LP103980,Female,Yes,3+,Graduate,No,3569,0,154,360,1.0,Urban,Y
LP103981,Female,Yes,1,Graduate,No,4450,1808,189,360,1.0,Semiurban,Y
LP103982,Male,Yes,0,Graduate,No,10089,2930,313,60,1.0,Rural,Y
LP103983,Male,No,0,Graduate,No,4786,0,116,240,1.0,Semiurban,Y
LP103984,Female,No,0,Graduate,No,2434,0,65,360,1.0,Urban,Y
LP103985,Female,No,2,Graduate,No,3512,419,144,360,1.0,Semiurban,Y
LP103986,Male,No,2,Not Graduate,No,1024,0,45,240,1.0,Semiurban,Y
LP103987,Male,Yes,1,Not Graduate,No,3534,2158,185,180,1.0,Urban,Y
LP103988,Male,No,0,Graduate,No,8616,0,251,240,1.0,Semiurban,Y
LP103989,Female,No,0,Graduate,No,2002,0,86,240,1.0,Urban,Y
LP103990,Male,No,0,Graduate,No,4547,0,114,120,1.0,Semiurban,Y
LP103991,Male,Yes,2,Graduate,No,7199,643,307,360,1.0,Rural,Y
LP103992,Male,No,0,Graduate,No,7630,0,143,360,1.0,Urban,Y
LP103993,Male,No,1,Graduate,No,8465,0,161,360,1.0,Urban,Y
LP103994,Male,No,0,Graduate,No,1499,0,165,360,1.0,Urban,Y
LP103995,Male,Yes,0,Graduate,No,5527,792,113,360,1.0,Rural,Y
LP103996,Male,No,3+,Not Graduate,No,1432,0,29,360,0.0,Semiurban,N
LP103997,Male,No,0,Graduate,No,2418,2053,165,360,1.0,Urban,N
LP103998,Male,No,0,Graduate,No,6577,2370,271,60,1.0,Semiurban,Y
LP103999,Male,Yes,0,Graduate,No,4567,0,158,360,1.0,Urban,Y
LP104000,Male,No,0,Graduate,No,6243,0,307,360,1.0,Semiurban,Y
LP104001,Female,Yes,0,Graduate,No,2512,1415,165,360,1.0,Semiurban,Y
LP104002,Male,Yes,0,Graduate,No,9417,4325,490,360,1.0,Rural,Y
LP104003,Male,Yes,2,Graduate,No,6114,2276,237,300,1.0,Urban,N
LP104004,Male,No,0,Not Graduate,No,5344,0,198,60,1.0,Semiurban,N
LP104005,Male,Yes,0,Graduate,No,2312,3496,90,360,1.0,Semiurban,Y
LP104006,Male,Yes,0,Not Graduate,No,6241,0,215,360,1.0,Rural,N
LP104007,Male,No,1,Graduate,No,3519,1640,90,180,1.0,Semiurban,Y
LP104008,Male,No,2,Graduate,No,2992,959,90,360,1.0,Semiurban,Y
LP104009,Male,Yes,0,Graduate,No,5906,3502,327,360,0.0,Urban,N
LP104010,Male,No,0,Graduate,Yes,6348,2444,337,360,1.0,Semiurban,Y
LP104011,Male,No,2,Graduate,No,2628,0,75,360,1.0,Rural,Y
LP104012,Male,Yes,1,Graduate,No,12974,0,385,180,1.0,Rural,Y
LP104013,Male,Yes,0,Graduate,No,11358,0,368,360,1.0,Semiurban,N
LP104014,Male,Yes,1,Graduate,No,5840,1276,296,300,1.0,Urban,Y
LP104015,Male,Yes,1,Graduate,No,5305,0,83,360,1.0,Rural,Y
LP104016,Female,Yes,1,Graduate,No,5020,1574,202,120,1.0,Urban,Y
LP104017,Male,No,1,Graduate,No,1785,2001,59,360,1.0,Urban,Y
LP104018,Male,No,3+,Not Graduate,No,3487,0,91,360,1.0,Semiurban,Y
LP104019,Male,Yes,0,Not Graduate,No,3461,0,115,360,0.0,Urban,N
LP104020,Male,Yes,3+,Graduate,No,3050,3268,112,300,1.0,Rural,Y
LP104021,Male,Yes,0,Graduate,Yes,3885,3459,235,360,1.0,Semiurban,Y
LP104022,Male,Yes,1,Graduate,No,1130,1441,122,360,1.0,Semiurban,Y
LP104023,Female,Yes,0,Not Graduate,No,1792,2196,155,360,0.0,Semiurban,N
LP104024,Male,No,0,Graduate,No,6952,0,295,360,1.0,Rural,Y
LP104025,Female,No,2,Graduate,No,10850,0,383,360,0.0,Semiurban,N
LP104026,Male,Yes,1,Graduate,No,2492,1831,200,360,0.0,Urban,N
LP104027,Male,No,0,Graduate,Yes,5093,0,103,360,0.0,Rural,N
LP104028,Male,Yes,0,Graduate,No,7661,0,236,360,1.0,Urban,Y
LP104029,Male,No,0,Graduate,No,3145,0,113,360,1.0,Urban,Y
LP104030,Male,Yes,3+,Graduate,Yes,6681,1192,359,360,1.0,Semiurban,Y
LP104031,Male,Yes,2,Graduate,No,4110,3335,192,360,1.0,Urban,N
LP104032,Male,No,0,Not Graduate,No,6307,1190,113,360,1.0,Rural,Y
LP104033,Female,Yes,2,Graduate,No,2068,0,102,360,1.0,Semiurban,Y
LP104034,Male,No,2,Graduate,No,2281,0,36,360,1.0,Rural,Y
LP104035,Female,Yes,0,Graduate,Yes,5371,3722,185,360,1.0,Urban,Y
LP104036,Female,Yes,1,Graduate,No,4415,3318,230,300,1.0,Rural,Y
LP104037,Female,Yes,0,Graduate,No,4059,1394,177,360,1.0,Urban,Y
LP104038,Male,Yes,1,Graduate,No,5747,2827,379,84,1.0,Urban,Y
LP104039,Male,No,0,Graduate,No,2510,0,77,360,1.0,Urban,Y
LP104040,Female,Yes,0,Graduate,No,1972,1148,107,360,1.0,Semiurban,Y
LP104041,Male,No,0,Not Graduate,No,2489,0,55,360,1.0,Urban,Y
LP104042,Male,No,0,Graduate,No,3382,0,118,360,1.0,Semiurban,Y
LP104043,Male,No,2,Graduate,No,3582,0,97,360,1.0,Urban,Y
LP104044,Male,Yes,0,Graduate,Yes,9256,1048,190,360,0.0,Urban,N
LP104045,Male,No,0,Not Graduate,No,5006,0,241,360,1.0,Semiurban,Y
LP104046,Male,Yes,2,Graduate,No,5614,2793,150,240,1.0,Urban,Y
LP104047,Male,Yes,0,Not Graduate,Yes,4073,722,186,360,1.0,Rural,Y
LP104048,Female,Yes,0,Graduate,Yes,3627,0,170,360,1.0,Semiurban,Y
LP104049,Male,Yes,3+,Graduate,No,2618,0,56,360,1.0,Rural,Y
LP104050,Female,Yes,2,Graduate,No,2167,0,50,360,1.0,Urban,Y
LP104051,Male,Yes,0,Graduate,No,2858,0,86,360,1.0,Rural,Y
LP104052,Female,Yes,0,Graduate,No,4089,0,103,360,1.0,Semiurban,Y
LP104053,Male,Yes,3+,Graduate,No,2218,2213,184,360,1.0,Rural,Y
LP104054,Male,No,0,Graduate,No,4596,0,123,84,1.0,Urban,Y
LP104055,Male,Yes,0,Graduate,No,3762,1128,242,180,1.0,Semiurban,Y
LP104056,Female,Yes,0,Graduate,No,3365,1705,228,360,1.0,Rural,Y
LP104057,Male,Yes,0,Not Graduate,Yes,6828,0,316,360,0.0,Urban,N
LP104058,Female,No,1,Not Graduate,No,847,0,15,180,1.0,Semiurban,Y
LP104059,Female,Yes,2,Graduate,No,3390,1543,104,360,1.0,Rural,Y
LP104060,Male,Yes,3+,Not Graduate,Yes,988,0,21,360,1.0,Semiurban,Y
LP104061,Male,Yes,2,Graduate,No,4774,1938,259,360,1.0,Urban,N
LP104062,Male,No,0,Graduate,No,6367,0,98,360,1.0,Semiurban,Y
LP104063,Male,Yes,0,Graduate,No,1992,3020,217,360,1.0,Urban,Y
LP104064,Female,No,3+,Graduate,No,2137,0,73,180,1.0,Rural,Y
LP104065,Male,Yes,0,Graduate,No,1645,0,57,360,1.0,Urban,Y
LP104066,Male,Yes,0,Graduate,No,4336,0,147,360,1.0,Urban,Y
LP104067,Female,Yes,2,Graduate,No,3471,0,117,360,1.0,Urban,Y
LP104068,Male,Yes,1,Graduate,No,3592,0,79,360,1.0,Semiurban,Y
LP104069,Female,Yes,0,Not Graduate,No,2676,4995,191,360,1.0,Rural,Y
LP104070,Male,Yes,2,Not Graduate,No,1918,1181,99,180,1.0,Urban,Y
LP104071,Male,Yes,3+,Graduate,No,7803,0,165,120,1.0,Urban,Y
LP104072,Male,No,0,Graduate,Yes,5350,0,131,360,1.0,Urban,Y
LP104073,Male,Yes,2,Graduate,No,2182,3484,245,180,0.0,Rural,N
LP104074,Male,No,0,Graduate,Yes,3133,4214,319,360,1.0,Semiurban,Y
LP104075,Male,Yes,0,Graduate,No,2592,1070,90,360,1.0,Urban,Y
LP104076,Male,Yes,2,Graduate,No,9073,1320,360,360,1.0,Semiurban,Y
LP104077,Male,Yes,3+,Graduate,Yes,6811,0,185,360,1.0,Urban,Y
LP104078,Male,Yes,0,Graduate,No,3906,2184,132,180,1.0,Semiurban,Y
LP104079,Male,Yes,0,Not Graduate,Yes,9218,525,421,360,1.0,Urban,Y
LP104080,Male,Yes,0,Not Graduate,No,7283,0,362,360,0.0,Rural,N
LP104081,Male,No,0,Graduate,No,3688,2974,232,360,1.0,Rural,Y
LP104082,Male,No,0,Graduate,Yes,3675,0,173,120,1.0,Semiurban,Y
LP104083,Male,Yes,0,Not Graduate,No,2685,889,134,120,0.0,Semiurban,N
LP104084,Male,No,0,Graduate,No,2479,0,165,360,1.0,Semiurban,Y
LP104085,Male,No,0,Graduate,Yes,11953,1775,437,360,1.0,Urban,Y
LP104086,Male,Yes,0,Graduate,No,2407,1082,81,240,1.0,Semiurban,Y
LP104087,Male,No,2,Graduate,Yes,7425,0,133,360,1.0,Semiurban,Y
LP104088,Female,Yes,0,Not Graduate,No,4791,0,146,360,1.0,Rural,Y
LP104089,Male,Yes,0,Graduate,No,3541,1381,171,360,1.0,Urban,Y
LP104090,Male,Yes,2,Graduate,No,11331,651,393,360,1.0,Semiurban,Y
LP104091,Male,Yes,1,Graduate,No,1776,0,70,360,1.0,Semiurban,Y
LP104092,Male,Yes,0,Graduate,No,4008,2842,149,120,0.0,Urban,N
LP104093,Female,Yes,0,Graduate,No,3200,0,88,360,0.0,Semiurban,N
LP104094,Male,No,1,Graduate,Yes,7812,2019,290,360,1.0,Rural,Y
LP104095,Male,No,0,Graduate,No,5086,0,109,360,1.0,Rural,Y
LP104096,Male,No,2,Graduate,No,1619,2985,215,360,1.0,Semiurban,N
LP104097,Male,No,0,Graduate,No,8279,0,322,60,1.0,Urban,Y
LP104098,Male,No,0,Graduate,Yes,6015,0,110,360,1.0,Rural,Y
LP104099,Male,Yes,0,Graduate,Yes,2606,671,131,360,1.0,Semiurban,Y
LP104100,Male,Yes,1,Graduate,No,3455,1762,178,360,1.0,Urban,Y
LP104101,Male,Yes,2,Graduate,No,2048,0,68,180,1.0,Urban,Y
LP104102,Male,No,0,Graduate,Yes,4193,0,208,84,1.0,Urban,Y
LP104103,Male,Yes,0,Graduate,Yes,5002,798,212,360,1.0,Urban,Y
LP104104,Male,No,0,Not Graduate,No,2726,0,126,180,1.0,Semiurban,Y
LP104105,Male,Yes,0,Graduate,No,3268,923,197,360,1.0,Urban,Y
LP104106,Female,Yes,2,Graduate,No,1725,968,50,360,1.0,Urban,Y
LP104107,Male,No,0,Graduate,No,5040,0,77,360,1.0,Semiurban,Y
LP104108,Female,Yes,3+,Graduate,No,1453,2425,117,300,1.0,Semiurban,Y
LP104109,Male,Yes,1,Graduate,No,4259,941,218,120,1.0,Urban,Y
LP104110,Male,Yes,0,Graduate,No,1557,1850,149,360,1.0,Urban,Y
LP104111,Male,Yes,2,Graduate,Yes,4736,1735,275,60,1.0,Urban,Y
LP104112,Male,No,0,Graduate,Yes,4590,0,141,360,0.0,Semiurban,N
LP104113,Male,Yes,0,Graduate,Yes,5750,1268,289,360,0.0,Urban,N
LP104114,Male,Yes,0,Graduate,No,6728,0,270,360,1.0,Semiurban,Y
LP104115,Male,Yes,0,Graduate,No,7450,4272,305,12,0.0,Urban,N
LP104116,Female,No,0,Graduate,No,1727,1784,73,360,0.0,Urban,N
LP104117,Male,Yes,0,Not Graduate,No,3174,1866,185,120,1.0,Semiurban,Y
LP104118,Male,Yes,3+,Not Graduate,No,9904,0,383,300,0.0,Urban,Y
LP104119,Male,No,0,Graduate,No,4471,0,156,360,0.0,Urban,N
LP104120,Male,Yes,2,Graduate,No,2651,3434,137,360,1.0,Urban,Y
LP104121,Male,No,3+,Graduate,No,4008,0,99,360,1.0,Urban,Y
LP104122,Male,Yes,2,Graduate,Yes,3730,2137,233,180,1.0,Semiurban,Y
LP104123,Female,Yes,0,Graduate,No,2192,0,107,360,1.0,Urban,Y
LP104124,Female,Yes,0,Graduate,Yes,7429,3835,541,360,0.0,Rural,N
LP104125,Male,No,0,Graduate,No,5774,0,165,360,1.0,Rural,Y
LP104126,Male,No,0,Graduate,No,2010,0,93,360,0.0,Rural,N
LP104127,Female,Yes,0,Graduate,No,3978,2615,106,360,1.0,Urban,Y
LP104128,Male,Yes,2,Graduate,No,3066,0,138,180,1.0,Rural,Y
LP104129,Male,No,0,Graduate,No,1735,1052,88,360,0.0,Urban,N
LP104130,Male,No,0,Graduate,No,1923,1648,151,360,0.0,Urban,N
LP104131,Male,No,3+,Graduate,No,2087,0,32,360,1.0,Urban,Y
LP104132,Male,Yes,0,Graduate,No,4055,2104,280,180,0.0,Rural,N
LP104133,Male,No,0,Graduate,No,3255,0,117,360,0.0,Urban,N
LP104134,Male,Yes,2,Graduate,No,2471,0,58,180,0.0,Rural,N
LP104135,Male,Yes,0,Graduate,No,3375,2159,150,360,1.0,Urban,Y
LP104136,Male,Yes,1,Graduate,No,6316,2984,205,360,0.0,Rural,N
LP104137,Male,No,0,Graduate,No,5095,3261,249,120,1.0,Rural,Y
LP104138,Male,Yes,2,Graduate,No,7265,1277,227,360,0.0,Rural,N
LP104139,Male,Yes,0,Graduate,Yes,4062,1031,172,240,1.0,Semiurban,Y
LP104140,Male,No,0,Graduate,Yes,11120,0,484,360,1.0,Rural,N
LP104141,Male,Yes,1,Graduate,No,5071,0,250,360,0.0,Rural,N
LP104142,Male,No,0,Graduate,No,3200,716,93,360,1.0,Urban,Y
LP104143,Female,No,0,Graduate,No,4407,0,83,360,1.0,Semiurban,Y
LP104144,Female,Yes,0,Not Graduate,No,1649,1517,91,360,0.0,Semiurban,N
LP104145,Male,No,0,Graduate,No,3538,0,71,360,1.0,Urban,N
LP104146,Male,No,0,Not Graduate,Yes,4566,1949,288,360,1.0,Semiurban,Y
LP104147,Male,No,1,Graduate,No,5862,4669,343,360,1.0,Urban,Y
LP104148,Male,No,0,Not Graduate,No,2615,0,96,360,1.0,Semiurban,Y
LP104149,Male,No,1,Graduate,No,18834,0,165,36,1.0,Urban,Y
LP104150,Male,Yes,0,Not Graduate,Yes,3279,1988,217,360,1.0,Urban,Y
LP104151,Male,Yes,0,Graduate,No,1663,1635,162,360,1.0,Urban,Y
LP104152,Male,No,2,Graduate,No,8160,775,285,84,1.0,Rural,Y
LP104153,Male,Yes,2,Graduate,No,5847,0,285,360,0.0,Urban,N
LP104154,Male,Yes,0,Not Graduate,No,3722,0,60,360,1.0,Rural,Y
LP104155,Male,No,0,Graduate,No,3242,2922,100,120,1.0,Rural,Y
LP104156,Male,No,0,Graduate,No,5198,0,253,360,1.0,Semiurban,Y
LP104157,Female,Yes,0,Graduate,No,10201,787,434,180,1.0,Urban,Y
LP104158,Female,No,1,Graduate,No,4678,0,101,240,1.0,Urban,Y
LP104159,Male,No,0,Graduate,No,1865,0,52,360,1.0,Semiurban,Y
LP104160,Male,Yes,1,Graduate,Yes,689,6456,234,360,1.0,Urban,Y
LP104161,Male,No,0,Not Graduate,No,4049,0,160,360,1.0,Semiurban,N
LP104162,Male,Yes,0,Not Graduate,No,1905,1047,131,360,0.0,Rural,N
LP104163,Male,Yes,2,Graduate,No,3964,1254,93,360,1.0,Urban,Y
LP104164,Male,Yes,0,Graduate,No,2683,1592,162,360,0.0,Semiurban,Y
LP104165,Male,Yes,0,Graduate,No,2579,2483,160,240,1.0,Rural,Y
LP104166,Male,Yes,3+,Graduate,No,2749,2673,195,360,1.0,Rural,Y
LP104167,Male,No,2,Graduate,No,2889,0,95,360,1.0,Rural,Y
LP104168,Male,No,0,Graduate,No,6417,0,197,60,1.0,Rural,Y
LP104169,Male,Yes,0,Graduate,No,5740,1842,168,180,1.0,Urban,Y
LP104170,Male,No,0,Not Graduate,No,1686,1849,111,360,1.0,Rural,Y
LP104171,Female,Yes,0,Not Graduate,Yes,1999,686,58,180,1.0,Rural,Y
LP104172,Male,Yes,0,Graduate,No,5158,0,85,360,1.0,Semiurban,Y
LP104173,Male,No,2,Not Graduate,No,6431,0,181,360,1.0,Urban,Y
LP104174,Female,Yes,0,Graduate,No,7407,0,118,360,1.0,Semiurban,Y
LP104175,Female,Yes,0,Graduate,Yes,2653,8525,388,360,0.0,Urban,N
LP104176,Male,No,3+,Graduate,Yes,7936,2409,181,360,1.0,Urban,Y
LP104177,Female,Yes,0,Graduate,No,1576,2014,109,360,1.0,Semiurban,Y
LP104178,Male,No,0,Graduate,No,3745,1599,263,360,1.0,Semiurban,Y
LP104179,Male,Yes,0,Graduate,No,5473,0,84,360,1.0,Semiurban,Y
LP104180,Male,Yes,0,Graduate,No,1335,995,65,360,1.0,Urban,Y
LP104181,Male,Yes,0,Graduate,No,13238,0,511,240,1.0,Rural,Y
LP104182,Male,Yes,0,Graduate,No,8686,0,165,360,1.0,Urban,Y
LP104183,Male,Yes,0,Graduate,No,5977,0,207,360,1.0,Urban,Y
LP104184,Male,Yes,2,Graduate,No,2463,0,59,84,1.0,Semiurban,Y
LP104185,Male,No,0,Graduate,No,4033,0,92,60,1.0,Semiurban,Y
LP104186,Male,No,3+,Graduate,No,6467,0,300,360,1.0,Urban,N
LP104187,Male,Yes,0,Graduate,No,2258,3180,120,360,0.0,Urban,N
LP104188,Male,Yes,1,Not Graduate,No,2967,2540,155,120,1.0,Rural,Y
LP104189,Male,Yes,0,Graduate,No,6908,3773,224,360,1.0,Semiurban,Y
LP104190,Male,No,1,Graduate,No,1840,1140,74,360,0.0,Urban,N
LP104191,Female,No,3+,Graduate,No,5027,0,127,360,1.0,Urban,Y
LP104192,Male,Yes,2,Graduate,No,1595,654,59,360,1.0,Semiurban,Y
LP104193,Male,No,0,Graduate,No,2492,0,93,84,1.0,Rural,N
LP104194,Male,Yes,0,Graduate,Yes,3490,1440,202,180,1.0,Semiurban,Y
LP104195,Male,Yes,2,Not Graduate,No,4346,0,143,360,1.0,Rural,Y
LP104196,Male,Yes,3+,Graduate,No,2848,1169,146,180,1.0,Semiurban,Y
LP104197,Male,Yes,3+,Graduate,No,4486,1360,254,360,1.0,Semiurban,Y
LP104198,Male,Yes,0,Not Graduate,No,2245,1776,201,360,1.0,Rural,N
LP104199,Male,Yes,3+,Graduate,No,3127,0,97,360,0.0,Rural,N
LP104200,Female,No,0,Not Graduate,Yes,7171,2096,165,360,1.0,Rural,Y
LP104201,Male,Yes,0,Graduate,Yes,2447,0,79,360,1.0,Semiurban,Y
LP104202,Male,Yes,0,Graduate,No,6357,1501,333,180,1.0,Rural,Y
LP104203,Female,Yes,0,Graduate,No,4185,1680,206,360,1.0,Semiurban,Y
LP104204,Male,Yes,2,Graduate,No,3051,2229,243,120,1.0,Rural,Y
LP104205,Male,Yes,2,Graduate,Yes,2358,0,72,360,1.0,Urban,Y
LP104206,Male,Yes,2,Graduate,No,2229,3335,219,360,1.0,Semiurban,Y
LP104207,Male,Yes,1,Graduate,No,2789,0,87,240,0.0,Rural,N
LP104208,Male,Yes,0,Graduate,No,3855,2587,290,360,1.0,Urban,Y
LP104209,Male,Yes,1,Graduate,Yes,6419,2409,440,360,1.0,Semiurban,Y
LP104210,Male,Yes,0,Graduate,No,3550,1654,122,360,1.0,Rural,Y
LP104211,Male,No,2,Not Graduate,No,2882,0,91,360,1.0,Urban,N
LP104212,Male,No,1,Not Graduate,No,3129,0,56,360,1.0,Semiurban,Y
LP104213,Male,Yes,1,Graduate,Yes,5987,0,119,360,1.0,Semiurban,Y
LP104214,Male,Yes,0,Graduate,Yes,6566,0,165,360,0.0,Semiurban,Y
LP104215,Female,Yes,2,Graduate,No,1953,4637,224,360,1.0,Urban,Y
LP104216,Male,Yes,0,Graduate,No,3585,1674,152,360,1.0,Urban,Y
LP104217,Male,Yes,0,Not Graduate,No,6436,2355,338,60,1.0,Urban,N
LP104218,Male,Yes,2,Graduate,No,2030,0,70,360,1.0,Urban,Y
LP104219,Male,Yes,0,Not Graduate,No,3414,0,86,180,1.0,Urban,Y
LP104220,Male,No,2,Graduate,Yes,4193,2085,144,60,0.0,Semiurban,N
LP104221,Male,Yes,0,Graduate,No,3066,1918,178,360,1.0,Semiurban,Y
LP104222,Female,Yes,0,Not Graduate,No,7860,0,170,360,1.0,Rural,Y
LP104223,Female,Yes,2,Graduate,No,4273,1511,115,360,1.0,Urban,Y
LP104224,Male,No,0,Graduate,No,9613,0,251,120,1.0,Semiurban,Y
LP104225,Male,No,0,Graduate,No,4200,0,190,360,1.0,Urban,N
LP104226,Male,Yes,0,Graduate,No,5393,1873,118,360,1.0,Rural,Y
LP104227,Male,No,0,Graduate,No,3048,0,135,360,1.0,Semiurban,Y
LP104228,Male,Yes,1,Not Graduate,Yes,2640,1755,161,180,0.0,Rural,N
LP104229,Male,No,0,Graduate,No,5244,0,86,360,0.0,Urban,N
LP104230,Male,No,2,Not Graduate,No,4146,0,150,360,1.0,Semiurban,Y
LP104231,Male,Yes,2,Graduate,No,5818,727,196,60,0.0,Semiurban,N
LP104232,Male,No,0,Graduate,No,5151,0,229,240,1.0,Rural,Y
LP104233,Female,Yes,0,Not Graduate,No,1571,702,106,360,0.0,Semiurban,N
LP104234,Male,Yes,1,Graduate,No,2687,2758,136,60,1.0,Semiurban,Y
LP104235,Male,Yes,0,Graduate,No,6682,1209,335,240,1.0,Urban,Y
LP104236,Male,No,0,Graduate,No,1426,2807,109,180,1.0,Semiurban,Y
LP104237,Male,Yes,0,Graduate,No,4918,1858,172,300,1.0,Urban,Y
LP104238,Male,Yes,1,Graduate,No,3937,846,104,120,1.0,Urban,Y
LP104239,Male,No,1,Not Graduate,No,5229,4515,378,360,1.0,Urban,Y
LP104240,Male,Yes,0,Not Graduate,No,4121,3184,176,360,1.0,Rural,Y
LP104241,Male,Yes,2,Graduate,No,2906,2702,175,360,1.0,Urban,Y
LP104242,Male,Yes,2,Graduate,No,2834,1361,182,360,1.0,Rural,Y
LP104243,Male,Yes,1,Not Graduate,Yes,2704,3251,254,180,1.0,Rural,Y
LP104244,Male,Yes,2,Graduate,Yes,6337,925,326,360,1.0,Rural,Y
LP104245,Female,Yes,0,Graduate,No,1180,525,35,180,1.0,Rural,Y
LP104246,Male,No,2,Graduate,Yes,5022,783,206,60,1.0,Rural,Y
LP104247,Male,Yes,1,Graduate,No,2576,0,121,360,0.0,Urban,N
LP104248,Male,Yes,2,Graduate,No,4650,0,77,360,1.0,Urban,Y
LP104249,Female,Yes,0,Graduate,No,5061,1539,283,360,1.0,Semiurban,Y
LP104250,Male,Yes,0,Graduate,No,1678,1581,77,360,0.0,Semiurban,N
LP104251,Male,Yes,0,Graduate,No,3696,0,142,360,1.0,Urban,Y
LP104252,Male,Yes,0,Graduate,No,4561,561,205,360,0.0,Semiurban,N
LP104253,Male,Yes,1,Graduate,No,4395,0,208,360,1.0,Semiurban,Y
LP104254,Male,No,0,Graduate,No,3915,1705,184,360,1.0,Rural,N
LP104255,Male,Yes,2,Not Graduate,Yes,1842,1316,141,360,1.0,Semiurban,Y
LP104256,Female,Yes,1,Graduate,No,2326,4623,115,360,0.0,Semiurban,N
LP104257,Male,No,1,Not Graduate,No,1536,1728,97,360,1.0,Semiurban,Y
LP104258,Male,No,0,Not Graduate,No,4444,0,135,360,1.0,Semiurban,Y
LP104259,Male,Yes,3+,Graduate,Yes,4322,0,146,360,1.0,Rural,Y
LP104260,Male,No,2,Graduate,Yes,4477,0,143,360,1.0,Urban,N
LP104261,Female,Yes,2,Not Graduate,No,1283,1971,159,120,1.0,Semiurban,Y
LP104262,Male,No,0,Graduate,No,4110,3215,130,12,0.0,Semiurban,N
LP104263,Male,Yes,0,Not Graduate,No,4643,0,113,360,0.0,Semiurban,N
LP104264,Male,No,0,Graduate,No,1520,0,74,360,1.0,Urban,Y
LP104265,Male,No,0,Graduate,No,3119,0,95,360,1.0,Urban,Y
LP104266,Male,No,0,Graduate,No,1765,0,62,180,0.0,Urban,N
LP104267,Male,No,0,Graduate,No,3323,0,59,360,0.0,Urban,Y
LP104268,Female,Yes,1,Graduate,No,2551,0,64,360,0.0,Rural,N
LP104269,Female,Yes,0,Graduate,No,5163,6530,165,360,0.0,Semiurban,Y
LP104270,Male,Yes,0,Graduate,No,4596,0,91,240,1.0,Urban,Y
LP104271,Female,No,2,Graduate,No,8519,0,317,360,1.0,Semiurban,Y
LP104272,Male,No,0,Graduate,No,4064,3360,310,300,1.0,Urban,Y
LP104273,Male,Yes,2,Graduate,No,5044,2531,344,360,1.0,Rural,Y
LP104274,Male,No,0,Graduate,No,3081,0,73,360,1.0,Semiurban,Y
LP104275,Male,No,0,Graduate,No,2283,2512,128,360,1.0,Rural,Y
LP104276,Male,No,0,Graduate,No,6627,4769,398,240,1.0,Urban,Y
LP104277,Male,No,2,Graduate,No,8296,0,149,360,1.0,Rural,Y
LP104278,Male,Yes,0,Graduate,No,6173,0,267,360,0.0,Urban,N
LP104279,Male,Yes,2,Graduate,No,4500,1802,201,240,1.0,Urban,Y
LP104280,Male,Yes,0,Not Graduate,No,1918,2695,225,360,1.0,Urban,Y
LP104281,Male,Yes,0,Graduate,No,7845,1452,178,360,1.0,Semiurban,Y
LP104282,Male,Yes,1,Graduate,No,5759,2695,166,360,1.0,Urban,Y
LP104283,Male,No,0,Graduate,No,12752,0,347,360,1.0,Semiurban,Y
LP104284,Male,No,2,Graduate,No,2219,0,49,360,1.0,Rural,Y
LP104285,Male,Yes,0,Graduate,No,6729,1079,307,180,1.0,Urban,Y
LP104286,Female,Yes,0,Not Graduate,No,4432,1535,287,240,1.0,Urban,Y
LP104287,Male,Yes,2,Graduate,No,3469,1326,87,120,1.0,Rural,Y
LP104288,Male,Yes,3+,Graduate,No,8865,5515,338,360,1.0,Semiurban,Y
LP104289,Female,Yes,0,Not Graduate,No,4088,1168,123,360,0.0,Rural,N
LP104290,Male,Yes,2,Graduate,No,2501,0,82,180,1.0,Urban,Y
LP104291,Male,Yes,0,Graduate,No,3923,1132,156,84,1.0,Semiurban,Y
LP104292,Male,Yes,2,Graduate,No,2485,2055,184,360,1.0,Urban,Y
LP104293,Female,Yes,1,Graduate,No,3236,2378,228,360,0.0,Rural,N
LP104294,Male,Yes,0,Graduate,No,6166,658,239,180,1.0,Rural,Y
LP104295,Male,Yes,0,Graduate,No,7215,864,288,360,1.0,Rural,Y
LP104296,Male,Yes,0,Graduate,No,4729,0,210,300,1.0,Semiurban,Y
LP104297,Male,Yes,0,Graduate,No,2772,914,106,360,0.0,Rural,N
LP104298,Male,No,0,Not Graduate,No,4042,2102,95,360,1.0,Semiurban,Y
LP104299,Male,Yes,1,Graduate,No,6233,2311,192,360,0.0,Semiurban,N
LP104300,Male,Yes,3+,Graduate,No,1415,0,23,300,1.0,Rural,Y
LP104301,Female,No,0,Graduate,No,4464,0,128,360,1.0,Urban,Y
LP104302,Male,Yes,0,Graduate,No,3771,0,104,84,1.0,Urban,N
LP104303,Male,No,0,Graduate,Yes,7782,0,144,360,1.0,Urban,Y
LP104304,Female,Yes,2,Graduate,No,5177,0,214,360,1.0,Rural,N
LP104305,Male,Yes,0,Graduate,No,5465,0,188,360,1.0,Urban,Y
LP104306,Male,Yes,0,Graduate,Yes,3533,5329,203,360,1.0,Urban,Y
LP104307,Male,Yes,0,Graduate,No,4191,0,174,360,1.0,Rural,Y
LP104308,Female,Yes,0,Not Graduate,No,5506,0,211,360,1.0,Semiurban,Y
LP104309,Female,Yes,0,Not Graduate,Yes,3478,0,75,360,1.0,Urban,Y
LP104310,Male,Yes,0,Graduate,No,4609,0,228,360,1.0,Semiurban,Y
LP104311,Female,Yes,0,Graduate,No,1799,0,38,84,1.0,Rural,Y
LP104312,Male,Yes,0,Graduate,No,4032,0,169,360,1.0,Urban,Y
LP104313,Female,No,0,Graduate,No,1385,0,68,360,1.0,Semiurban,Y
LP104314,Female,Yes,0,Graduate,Yes,3468,0,140,180,1.0,Urban,Y
LP104315,Male,Yes,0,Not Graduate,No,3393,1539,189,360,1.0,Semiurban,Y
LP104316,Male,Yes,3+,Graduate,Yes,7023,0,327,360,1.0,Urban,Y
LP104317,Male,No,2,Graduate,No,2417,0,59,360,0.0,Urban,N
LP104318,Male,Yes,0,Not Graduate,No,4025,1237,130,180,1.0,Semiurban,Y
LP104319,Male,Yes,0,Not Graduate,No,7349,0,275,360,1.0,Rural,Y
LP104320,Male,Yes,1,Graduate,No,2943,1981,226,360,1.0,Semiurban,Y
LP104321,Female,Yes,0,Graduate,No,1788,1042,104,360,1.0,Rural,Y
LP104322,Male,No,0,Graduate,No,4911,3607,419,240,1.0,Semiurban,Y
LP104323,Male,No,0,Graduate,No,2174,1535,85,240,1.0,Urban,Y
LP104324,Female,Yes,2,Graduate,No,2669,1913,201,360,1.0,Urban,N
LP104325,Female,Yes,2,Graduate,No,6958,3718,507,180,0.0,Rural,N
LP104326,Male,No,0,Not Graduate,No,9200,1854,331,360,1.0,Semiurban,Y
LP104327,Female,Yes,0,Graduate,No,2415,3598,293,360,1.0,Rural,Y
LP104328,Male,No,3+,Not Graduate,No,2184,0,48,360,1.0,Urban,Y
LP104329,Female,No,3+,Not Graduate,Yes,2830,0,137,360,1.0,Urban,Y
LP104330,Male,Yes,3+,Graduate,No,3098,3306,298,240,1.0,Urban,Y
LP104331,Male,No,0,Graduate,No,12126,1214,231,360,1.0,Urban,Y
LP104332,Male,Yes,0,Graduate,No,3127,0,104,360,0.0,Urban,N
LP104333,Male,No,1,Graduate,No,3383,0,113,360,1.0,Semiurban,Y
LP104334,Male,Yes,0,Not Graduate,Yes,8768,2266,165,300,1.0,Semiurban,Y
LP104335,Male,Yes,0,Graduate,No,5750,2657,138,360,1.0,Urban,Y
LP104336,Male,Yes,0,Graduate,No,7201,0,109,180,1.0,Urban,Y
LP104337,Female,No,2,Not Graduate,No,1991,1927,131,360,1.0,Semiurban,Y
LP104338,Male,Yes,2,Graduate,No,3128,0,98,360,1.0,Semiurban,Y
LP104339,Male,Yes,0,Graduate,No,2364,3761,293,180,0.0,Semiurban,N
LP104340,Male,Yes,2,Graduate,Yes,7156,3217,280,300,1.0,Semiurban,Y
LP104341,Male,Yes,1,Graduate,No,8214,1780,380,360,1.0,Rural,Y
LP104342,Female,Yes,2,Not Graduate,No,2356,7167,145,360,1.0,Semiurban,Y
LP104343,Female,Yes,0,Not Graduate,No,2682,0,103,120,1.0,Rural,Y
LP104344,Male,Yes,0,Graduate,Yes,3861,2044,277,360,1.0,Semiurban,Y
LP104345,Male,Yes,0,Graduate,No,1788,2281,112,360,1.0,Urban,Y
LP104346,Female,Yes,0,Graduate,No,2890,1517,115,360,1.0,Urban,Y
LP104347,Male,Yes,0,Graduate,No,6406,2530,330,360,1.0,Semiurban,Y
LP104348,Female,Yes,0,Graduate,No,2587,2852,144,360,1.0,Semiurban,Y
LP104349,Male,No,3+,Graduate,Yes,4847,0,141,360,1.0,Semiurban,Y
LP104350,Female,Yes,0,Graduate,No,2039,1793,94,360,1.0,Urban,Y
LP104351,Male,No,0,Not Graduate,No,3027,825,104,360,1.0,Semiurban,Y
LP104352,Male,No,0,Graduate,No,3072,0,119,360,1.0,Rural,Y
LP104353,Female,Yes,0,Graduate,No,2138,3054,245,120,1.0,Semiurban,Y
LP104354,Male,Yes,0,Graduate,No,6467,1111,268,300,1.0,Semiurban,Y
LP104355,Male,No,2,Not Graduate,No,5220,1892,109,300,1.0,Rural,Y
LP104356,Male,Yes,0,Graduate,No,2457,0,60,360,1.0,Semiurban,Y
LP104357,Male,Yes,1,Not Graduate,No,2910,971,188,360,1.0,Urban,Y
LP104358,Male,No,1,Graduate,No,4290,0,201,360,1.0,Rural,Y
LP104359,Male,Yes,0,Graduate,No,1543,4877,122,360,0.0,Urban,N
LP104360,Male,Yes,0,Graduate,No,1942,0,91,360,0.0,Semiurban,N
LP104361,Male,Yes,2,Graduate,No,8495,0,414,360,1.0,Urban,N
LP104362,Male,No,0,Graduate,No,2331,0,61,12,1.0,Urban,Y
LP104363,Male,Yes,0,Not Graduate,Yes,7201,3280,414,360,1.0,Urban,Y
LP104364,Male,Yes,3+,Graduate,No,1998,1769,130,360,1.0,Urban,Y
LP104365,Male,Yes,0,Graduate,No,6016,0,161,360,1.0,Urban,Y
LP104366,Male,Yes,0,Graduate,No,3528,2301,119,360,0.0,Urban,N
LP104367,Male,No,3+,Graduate,No,3812,0,106,360,1.0,Rural,Y
LP104368,Male,Yes,0,Graduate,No,11621,2972,693,360,1.0,Rural,Y
LP104369,Male,No,0,Graduate,Yes,2311,1674,173,12,1.0,Rural,Y
LP104370,Male,Yes,0,Graduate,No,5807,1134,184,36,1.0,Rural,Y
LP104371,Male,Yes,2,Not Graduate,No,4443,0,152,360,0.0,Semiurban,N
LP104372,Male,Yes,0,Graduate,Yes,29146,0,700,360,1.0,Rural,Y
LP104373,Male,Yes,0,Not Graduate,No,1812,1527,105,360,1.0,Semiurban,Y
LP104374,Male,Yes,2,Graduate,No,2967,2740,238,360,1.0,Semiurban,Y
LP104375,Male,Yes,1,Not Graduate,No,5133,4300,321,360,1.0,Semiurban,Y
LP104376,Male,No,0,Graduate,No,3750,0,80,360,1.0,Urban,Y
LP104377,Female,No,0,Graduate,No,3246,0,79,360,1.0,Rural,Y
LP104378,Male,Yes,0,Graduate,No,7090,0,247,360,1.0,Semiurban,Y
LP104379,Male,Yes,2,Graduate,No,3616,1748,211,240,1.0,Urban,Y
LP104380,Male,Yes,2,Not Graduate,No,2006,0,66,360,1.0,Urban,Y
LP104381,Male,Yes,3+,Graduate,No,6243,1974,302,360,1.0,Urban,Y
LP104382,Male,Yes,2,Not Graduate,No,4028,1608,240,360,1.0,Rural,N
LP104383,Male,Yes,1,Graduate,No,3525,0,120,84,1.0,Rural,Y
LP104384,Male,No,0,Graduate,No,3434,0,169,180,1.0,Urban,N
LP104385,Male,No,2,Not Graduate,No,1981,0,46,360,0.0,Urban,N
LP104386,Female,Yes,1,Graduate,No,6239,0,294,180,1.0,Urban,Y
LP104387,Male,Yes,0,Not Graduate,No,2688,385,73,12,1.0,Rural,Y
LP104388,Male,Yes,0,Graduate,No,2742,1025,127,240,1.0,Urban,Y
LP104389,Male,No,3+,Not Graduate,No,1616,0,50,360,1.0,Rural,N
LP104390,Male,Yes,0,Graduate,No,5195,1358,184,360,1.0,Semiurban,N
LP104391,Male,Yes,0,Graduate,No,3165,1410,223,180,1.0,Rural,Y
LP104392,Male,No,1,Graduate,No,1384,950,57,360,1.0,Semiurban,Y
LP104393,Male,Yes,1,Graduate,No,2160,1501,141,360,1.0,Semiurban,Y
LP104394,Female,Yes,0,Not Graduate,No,2882,2245,221,360,0.0,Semiurban,N
LP104395,Male,Yes,2,Not Graduate,No,2927,0,64,360,1.0,Rural,Y
LP104396,Male,Yes,0,Graduate,Yes,4028,1084,251,360,1.0,Rural,Y
LP104397,Male,Yes,0,Graduate,No,3392,3240,226,360,1.0,Semiurban,Y
LP104398,Male,Yes,0,Graduate,No,1859,978,133,120,1.0,Semiurban,Y
LP104399,Male,Yes,1,Graduate,No,2588,0,99,360,1.0,Rural,Y
LP104400,Male,Yes,3+,Graduate,No,8029,2446,395,360,1.0,Rural,N
LP104401,Male,No,2,Graduate,No,7403,1141,232,240,1.0,Semiurban,Y
LP104402,Male,Yes,3+,Graduate,No,5754,1062,286,360,1.0,Urban,Y
LP104403,Male,Yes,0,Graduate,No,5481,0,88,360,1.0,Urban,Y
LP104404,Female,No,0,Graduate,No,6887,1428,286,360,1.0,Rural,Y
LP104405,Male,No,0,Graduate,Yes,2487,1782,69,360,1.0,Urban,Y
LP104406,Female,No,0,Not Graduate,No,3337,0,86,12,0.0,Urban,N
LP104407,Male,Yes,2,Graduate,No,2261,2664,90,120,1.0,Urban,Y
LP104408,Male,Yes,1,Graduate,No,2283,0,107,360,0.0,Semiurban,N
LP104409,Male,No,3+,Graduate,No,5127,0,165,360,1.0,Semiurban,Y
LP104410,Male,No,0,Graduate,No,7048,0,271,360,1.0,Urban,Y
LP104411,Male,Yes,0,Graduate,Yes,4140,0,185,360,1.0,Urban,Y
LP104412,Male,No,0,Graduate,No,10370,0,422,360,1.0,Rural,Y
LP104413,Male,Yes,0,Graduate,No,4704,0,91,240,1.0,Rural,N
LP104414,Male,No,1,Graduate,Yes,3004,0,110,360,1.0,Urban,N
LP104415,Male,No,0,Not Graduate,Yes,1983,3465,268,360,1.0,Urban,Y
LP104416,Male,No,0,Graduate,No,7330,0,165,360,1.0,Semiurban,Y
LP104417,Male,No,0,Not Graduate,No,3517,0,129,360,1.0,Rural,Y
LP104418,Male,No,0,Graduate,No,6073,0,211,360,1.0,Rural,Y
LP104419,Male,Yes,0,Graduate,No,971,0,165,360,1.0,Semiurban,Y
LP104420,Male,Yes,0,Graduate,No,4790,2146,336,360,1.0,Rural,Y
LP104421,Female,Yes,0,Graduate,No,3160,3930,195,360,1.0,Urban,Y
LP104422,Male,Yes,0,Graduate,No,1945,2413,80,360,1.0,Urban,Y
LP104423,Male,No,0,Graduate,No,4045,5293,455,360,0.0,Semiurban,N
LP104424,Male,Yes,0,Graduate,No,7633,690,337,240,1.0,Rural,Y
LP104425,Male,Yes,0,Graduate,No,14562,2508,461,360,1.0,Semiurban,Y
LP104426,Male,Yes,0,Graduate,No,4784,1355,152,360,1.0,Rural,Y
LP104427,Male,No,1,Graduate,No,2835,0,135,360,1.0,Rural,Y
LP104428,Male,Yes,1,Graduate,No,2742,4450,177,360,1.0,Semiurban,Y
LP104429,Female,Yes,2,Graduate,No,7112,1715,298,360,1.0,Urban,Y
LP104430,Male,Yes,0,Not Graduate,No,1894,1618,79,360,1.0,Urban,Y
LP104431,Male,No,0,Graduate,No,5896,0,294,36,1.0,Rural,Y
LP104432,Male,Yes,2,Graduate,Yes,5413,549,250,360,1.0,Urban,N
LP104433,Female,No,0,Graduate,No,4631,4505,319,360,1.0,Urban,Y
LP104434,Male,Yes,1,Graduate,No,1767,6265,330,360,0.0,Rural,N
LP104435,Male,Yes,0,Not Graduate,No,2693,0,127,60,1.0,Rural,N
LP104436,Male,No,0,Graduate,No,1878,0,91,360,1.0,Urban,Y
LP104437,Female,Yes,2,Graduate,No,3030,0,129,360,1.0,Rural,Y
LP104438,Female,Yes,0,Not Graduate,Yes,5969,1048,314,360,0.0,Urban,N
LP104439,Male,Yes,0,Graduate,No,8241,4091,357,360,1.0,Urban,Y
LP104440,Female,Yes,0,Graduate,No,4710,3463,235,360,1.0,Semiurban,Y
LP104441,Female,Yes,0,Graduate,No,3060,0,132,360,0.0,Rural,N
LP104442,Male,Yes,0,Graduate,No,10029,2441,519,360,0.0,Urban,N
LP104443,Male,Yes,0,Graduate,No,3037,2393,253,360,1.0,Urban,Y
LP104444,Male,Yes,2,Graduate,Yes,2466,1457,77,300,1.0,Urban,Y
LP104445,Female,No,2,Not Graduate,No,4806,0,188,360,1.0,Rural,Y
LP104446,Male,No,0,Graduate,No,5386,0,203,360,1.0,Semiurban,Y
LP104447,Female,Yes,3+,Graduate,No,3107,1547,200,240,1.0,Semiurban,Y
LP104448,Male,Yes,1,Graduate,No,4424,3914,132,360,0.0,Urban,N
LP104449,Male,Yes,0,Not Graduate,No,4179,1963,270,360,1.0,Semiurban,Y
LP104450,Male,Yes,0,Graduate,No,4683,1976,176,360,1.0,Semiurban,Y
LP104451,Male,Yes,1,Graduate,No,5389,4669,393,180,0.0,Rural,N
LP104452,Female,Yes,1,Graduate,No,3170,3002,226,360,1.0,Urban,Y
LP104453,Female,Yes,0,Graduate,No,5593,3095,264,120,1.0,Rural,Y
LP104454,Female,Yes,0,Graduate,No,4228,0,174,360,1.0,Semiurban,Y
LP104455,Male,Yes,2,Not Graduate,No,2528,2541,247,12,1.0,Urban,Y
LP104456,Male,No,0,Graduate,No,3657,0,96,360,1.0,Urban,Y
LP104457,Male,Yes,1,Graduate,No,3968,0,163,120,1.0,Semiurban,Y
LP104458,Male,Yes,1,Not Graduate,Yes,1628,2220,100,360,1.0,Rural,N
LP104459,Male,No,2,Graduate,No,2950,1955,219,360,1.0,Semiurban,Y
LP104460,Male,Yes,0,Graduate,No,4339,0,131,360,1.0,Semiurban,Y
LP104461,Male,Yes,0,Graduate,No,1992,3173,159,360,1.0,Urban,Y
LP104462,Female,Yes,0,Graduate,No,2977,3319,265,360,0.0,Urban,N
LP104463,Male,Yes,0,Graduate,No,15542,892,532,360,1.0,Semiurban,Y
LP104464,Male,Yes,1,Not Graduate,No,1761,8247,244,360,1.0,Semiurban,Y
LP104465,Male,Yes,0,Graduate,Yes,3729,1969,284,360,1.0,Semiurban,Y
LP104466,Male,Yes,1,Graduate,No,2647,4137,249,360,1.0,Urban,Y
LP104467,Male,Yes,0,Graduate,No,3926,442,164,360,1.0,Urban,Y
LP104468,Female,No,0,Graduate,No,2675,0,101,60,1.0,Semiurban,Y
LP104469,Female,No,0,Graduate,No,3663,0,168,360,1.0,Rural,Y
LP104470,Female,Yes,0,Graduate,No,2820,1192,86,360,1.0,Semiurban,Y
LP104471,Female,No,0,Graduate,No,7481,0,128,360,1.0,Urban,Y
LP104472,Male,Yes,0,Graduate,No,4379,1635,172,180,1.0,Urban,Y
LP104473,Male,Yes,1,Graduate,No,2412,0,84,360,1.0,Urban,Y
LP104474,Male,Yes,2,Not Graduate,No,5203,5776,274,360,1.0,Semiurban,Y
LP104475,Male,Yes,1,Graduate,No,2472,0,97,180,1.0,Rural,Y
LP104476,Male,No,0,Graduate,No,1771,0,31,360,1.0,Rural,Y
LP104477,Male,Yes,3+,Graduate,No,4180,1076,224,360,1.0,Semiurban,Y
LP104478,Male,Yes,1,Not Graduate,No,9355,3998,536,360,1.0,Urban,Y
LP104479,Male,Yes,0,Graduate,No,1532,0,34,360,1.0,Semiurban,Y
LP104480,Male,Yes,2,Graduate,No,2014,2037,103,360,1.0,Semiurban,Y
LP104481,Male,Yes,0,Graduate,No,6334,0,274,360,1.0,Urban,Y
LP104482,Male,Yes,0,Graduate,No,2941,1658,193,120,1.0,Rural,Y
LP104483,Male,No,0,Not Graduate,No,4588,1195,251,360,1.0,Rural,Y
LP104484,Male,Yes,0,Graduate,Yes,2906,0,76,360,1.0,Semiurban,Y
LP104485,Male,Yes,2,Graduate,No,4527,0,222,360,1.0,Semiurban,Y
LP104486,Male,Yes,0,Graduate,No,10930,0,438,360,1.0,Semiurban,Y
LP104487,Male,Yes,0,Graduate,No,2171,751,50,360,1.0,Semiurban,Y
LP104488,Female,Yes,3+,Graduate,No,7353,0,233,240,1.0,Urban,Y
LP104489,Male,No,3+,Graduate,No,6085,0,233,360,1.0,Urban,Y
LP104490,Male,No,1,Graduate,Yes,2030,0,42,360,1.0,Urban,Y
LP104491,Male,Yes,0,Graduate,No,5694,0,265,240,1.0,Semiurban,Y
LP104492,Male,Yes,0,Graduate,No,4358,1431,240,360,1.0,Semiurban,Y
LP104493,Male,No,2,Graduate,No,4402,4097,152,360,1.0,Semiurban,Y
LP104494,Male,Yes,0,Graduate,No,5038,703,270,360,1.0,Rural,Y
LP104495,Male,Yes,0,Graduate,No,3453,5046,248,360,1.0,Urban,Y
LP104496,Male,Yes,0,Graduate,No,4352,0,134,360,0.0,Semiurban,N
LP104497,Male,No,0,Graduate,No,4782,0,203,360,1.0,Semiurban,Y
LP104498,Male,Yes,0,Not Graduate,No,4939,0,185,360,1.0,Urban,Y
LP104499,Male,No,0,Graduate,No,1808,0,55,180,1.0,Urban,Y
LP104500,Male,No,0,Not Graduate,No,6665,3473,244,360,1.0,Rural,Y
LP104501,Male,Yes,0,Graduate,No,2218,1639,128,180,1.0,Rural,Y
LP104502,Male,No,0,Graduate,No,6366,0,225,360,0.0,Urban,N
LP104503,Male,Yes,0,Graduate,No,4374,0,162,120,1.0,Rural,Y
LP104504,Male,Yes,1,Graduate,No,2070,5926,289,360,0.0,Rural,N
LP104505,Male,Yes,2,Graduate,No,5598,0,205,360,1.0,Urban,Y
LP104506,Male,Yes,0,Not Graduate,No,1948,2027,126,360,0.0,Urban,N
LP104507,Male,Yes,0,Not Graduate,No,5899,2275,283,60,1.0,Urban,Y
LP104508,Male,Yes,0,Graduate,No,2832,1573,111,360,1.0,Semiurban,Y
LP104509,Female,Yes,0,Graduate,No,1840,1393,66,360,1.0,Semiurban,Y
LP104510,Male,Yes,0,Not Graduate,No,7618,0,276,360,1.0,Urban,Y
LP104511,Male,No,0,Not Graduate,Yes,3983,0,66,360,1.0,Semiurban,Y
LP104512,Male,Yes,1,Graduate,No,6746,1623,145,360,1.0,Urban,Y
LP104513,Male,Yes,1,Graduate,No,2621,5299,187,360,1.0,Urban,Y
LP104514,Male,Yes,0,Graduate,No,1479,1254,60,360,1.0,Semiurban,Y
LP104515,Male,Yes,0,Graduate,No,10521,3142,384,180,1.0,Urban,Y
LP104516,Male,Yes,2,Graduate,Yes,4590,697,148,360,0.0,Semiurban,Y
LP104517,Female,Yes,0,Graduate,No,5486,1254,129,360,1.0,Rural,Y
LP104518,Male,Yes,0,Graduate,Yes,6609,1224,185,360,0.0,Urban,N
LP104519,Male,No,0,Graduate,No,3482,0,53,360,0.0,Urban,N
LP104520,Female,No,1,Graduate,Yes,5216,0,142,360,1.0,Urban,Y
LP104521,Male,Yes,2,Not Graduate,No,7874,1870,418,360,1.0,Semiurban,Y
LP104522,Female,No,3+,Not Graduate,No,3219,0,78,360,1.0,Semiurban,Y
LP104523,Male,No,0,Graduate,No,7030,0,264,360,1.0,Semiurban,N
LP104524,Female,Yes,0,Graduate,No,1400,0,26,360,1.0,Semiurban,Y
LP104525,Male,No,0,Graduate,No,7768,0,120,36,1.0,Urban,Y
LP104526,Male,No,3+,Graduate,Yes,1994,4386,207,360,1.0,Urban,N
LP104527,Female,Yes,0,Graduate,Yes,8024,0,250,240,1.0,Urban,Y
LP104528,Male,Yes,0,Graduate,Yes,5710,1671,160,360,1.0,Semiurban,Y
LP104529,Male,Yes,0,Graduate,No,3972,619,115,360,1.0,Urban,Y
LP104530,Male,Yes,0,Graduate,Yes,4360,2804,115,240,1.0,Rural,Y
LP104531,Male,No,0,Graduate,No,3644,0,156,300,0.0,Semiurban,N
LP104532,Male,Yes,0,Not Graduate,No,2087,4203,161,360,1.0,Urban,Y
LP104533,Male,No,0,Graduate,No,3739,0,85,360,1.0,Semiurban,Y
LP104534,Male,No,0,Graduate,No,14104,1524,675,240,1.0,Rural,Y
LP104535,Male,Yes,3+,Graduate,No,8570,893,155,360,1.0,Urban,Y
LP104536,Male,No,2,Graduate,No,2593,937,88,360,0.0,Urban,N
LP104537,Male,Yes,2,Graduate,No,4851,1872,163,84,0.0,Semiurban,N
LP104538,Male,Yes,0,Graduate,No,4414,1770,150,360,1.0,Semiurban,Y
LP104539,Male,Yes,2,Graduate,No,3872,1502,83,360,1.0,Urban,Y
LP104540,Male,Yes,0,Not Graduate,No,1888,6849,417,360,1.0,Rural,Y
LP104541,Male,Yes,0,Graduate,No,5351,2870,372,360,1.0,Semiurban,Y
LP104542,Male,No,0,Graduate,No,6668,0,197,360,1.0,Rural,Y
LP104543,Male,No,0,Graduate,No,2647,382,93,360,1.0,Urban,Y
LP104544,Male,Yes,0,Graduate,No,12275,3280,519,360,1.0,Rural,Y
LP104545,Female,No,3+,Graduate,No,9671,12049,689,360,1.0,Urban,Y
LP104546,Male,No,0,Not Graduate,No,4430,0,187,360,1.0,Urban,Y
LP104547,Male,Yes,0,Graduate,No,2127,0,68,180,1.0,Rural,Y
LP104548,Male,Yes,0,Graduate,No,5221,0,113,360,1.0,Urban,Y
LP104549,Female,No,0,Not Graduate,No,3827,0,73,360,0.0,Rural,N
LP104550,Female,Yes,0,Graduate,No,5552,2637,386,84,1.0,Semiurban,Y
LP104551,Male,Yes,0,Graduate,No,10042,4915,250,360,0.0,Rural,Y
LP104552,Male,Yes,2,Graduate,No,3801,1336,238,360,1.0,Semiurban,Y
LP104553,Female,No,0,Graduate,No,12914,1362,165,360,1.0,Semiurban,Y
LP104554,Male,Yes,1,Graduate,No,5236,0,153,360,1.0,Urban,Y
LP104555,Male,Yes,1,Graduate,Yes,3926,1479,116,360,1.0,Semiurban,Y
LP104556,Male,Yes,2,Graduate,Yes,17236,806,467,240,0.0,Semiurban,Y
LP104557,Male,No,2,Graduate,No,6609,0,222,360,1.0,Rural,Y
LP104558,Female,Yes,1,Graduate,No,3261,0,124,360,1.0,Urban,Y
LP104559,Female,Yes,0,Graduate,No,4386,0,172,240,1.0,Semiurban,Y
LP104560,Male,No,0,Graduate,No,5938,0,182,84,1.0,Semiurban,Y
LP104561,Male,Yes,2,Not Graduate,No,3016,4621,215,360,0.0,Urban,N
LP104562,Female,No,2,Graduate,No,4507,0,189,360,1.0,Semiurban,Y
LP104563,Male,No,0,Not Graduate,No,2091,2261,206,180,0.0,Rural,N
LP104564,Male,No,0,Graduate,No,1657,0,78,360,1.0,Urban,Y
LP104565,Female,Yes,2,Graduate,No,4439,0,152,360,0.0,Semiurban,N
LP104566,Male,Yes,0,Graduate,No,4522,2462,124,360,1.0,Rural,Y
LP104567,Male,No,0,Not Graduate,No,4379,945,94,360,1.0,Urban,Y
LP104568,Male,No,0,Graduate,No,3050,1155,122,360,1.0,Semiurban,Y
LP104569,Female,Yes,1,Not Graduate,No,1568,936,102,240,1.0,Semiurban,N
LP104570,Male,No,3+,Not Graduate,No,1927,583,81,360,1.0,Rural,Y
LP104571,Male,Yes,0,Graduate,No,7483,2523,370,360,0.0,Semiurban,N
LP104572,Male,Yes,0,Graduate,No,2902,951,172,360,1.0,Semiurban,Y
LP104573,Male,Yes,0,Graduate,No,3283,1270,75,360,0.0,Urban,N
LP104574,Male,No,0,Graduate,Yes,3879,2045,280,360,1.0,Semiurban,Y
LP104575,Male,Yes,0,Graduate,No,2978,0,79,360,1.0,Rural,Y
LP104576,Male,Yes,0,Not Graduate,No,2238,1302,59,84,1.0,Urban,Y
LP104577,Male,No,0,Graduate,No,2593,0,115,180,0.0,Urban,N
LP104578,Female,Yes,1,Graduate,No,9046,800,470,360,1.0,Rural,Y
LP104579,Male,Yes,1,Graduate,No,6086,821,289,360,1.0,Semiurban,Y
LP104580,Female,Yes,0,Not Graduate,Yes,7160,0,309,360,1.0,Semiurban,Y
LP104581,Male,Yes,0,Graduate,No,9292,0,423,180,1.0,Rural,Y
LP104582,Male,No,3+,Not Graduate,No,900,1341,75,240,1.0,Rural,Y
LP104583,Male,No,0,Not Graduate,No,3958,1046,194,360,1.0,Rural,Y
LP104584,Male,Yes,2,Graduate,No,3033,2448,137,360,1.0,Rural,Y
LP104585,Female,No,0,Graduate,No,7739,2288,238,360,1.0,Semiurban,Y
LP104586,Male,Yes,2,Graduate,No,2785,0,101,360,1.0,Semiurban,Y
LP104587,Male,Yes,2,Graduate,No,2345,1408,153,360,0.0,Semiurban,N
LP104588,Male,Yes,1,Graduate,No,1903,1273,92,360,1.0,Rural,N
LP104589,Male,Yes,2,Graduate,No,3545,1812,155,360,1.0,Rural,Y
LP104590,Male,Yes,3+,Graduate,No,6926,3569,508,360,1.0,Urban,Y
LP104591,Male,Yes,0,Graduate,No,4821,5120,330,240,1.0,Urban,Y
LP104592,Male,Yes,0,Graduate,No,2161,0,107,360,1.0,Urban,Y
LP104593,Male,Yes,0,Graduate,No,13680,2707,700,360,0.0,Rural,N
LP104594,Male,Yes,2,Graduate,No,5985,0,224,360,0.0,Rural,N
LP104595,Male,Yes,1,Not Graduate,No,5025,983,92,360,1.0,Semiurban,Y
LP104596,Male,No,0,Graduate,No,8489,0,215,360,1.0,Semiurban,Y
LP104597,Male,Yes,0,Graduate,No,1699,2737,131,12,0.0,Rural,N
LP104598,Male,Yes,1,Not Graduate,No,1985,1861,146,360,1.0,Urban,Y
LP104599,Male,No,0,Not Graduate,No,5153,0,149,360,1.0,Urban,Y
LP104600,Male,No,0,Graduate,No,2681,3596,276,360,1.0,Semiurban,Y
LP104601,Female,Yes,1,Graduate,No,3599,3276,263,240,0.0,Rural,N
LP104602,Female,Yes,0,Graduate,Yes,4413,1038,148,360,1.0,Rural,Y
LP104603,Male,No,0,Graduate,No,2074,0,88,180,1.0,Urban,N
LP104604,Male,Yes,0,Not Graduate,No,2687,1150,98,360,1.0,Urban,Y
LP104605,Female,Yes,0,Graduate,No,6924,0,119,300,1.0,Semiurban,Y
LP104606,Female,No,0,Not Graduate,No,4894,716,118,360,1.0,Rural,Y
LP104607,Male,Yes,0,Graduate,No,7723,2165,149,360,1.0,Semiurban,Y
LP104608,Female,Yes,0,Graduate,No,7297,0,322,360,1.0,Semiurban,Y
LP104609,Male,Yes,0,Graduate,No,5234,0,193,360,1.0,Urban,Y
LP104610,Male,Yes,0,Graduate,Yes,5512,0,165,360,1.0,Rural,Y
LP104611,Male,No,0,Graduate,No,4813,0,184,360,0.0,Urban,N
LP104612,Male,Yes,3+,Graduate,No,2966,0,112,360,1.0,Urban,Y
LP104613,Male,No,0,Graduate,No,2376,0,83,300,0.0,Rural,N
LP104614,Male,No,2,Not Graduate,No,2243,0,100,300,1.0,Rural,Y
LP104615,Male,No,2,Graduate,No,3500,1191,143,360,1.0,Semiurban,Y
LP104616,Female,Yes,0,Graduate,No,2919,2154,219,360,1.0,Semiurban,Y
LP104617,Female,Yes,1,Graduate,No,5257,6476,499,360,1.0,Urban,Y
LP104618,Male,Yes,0,Not Graduate,No,3662,1037,103,360,1.0,Urban,Y
LP104619,Female,Yes,1,Not Graduate,No,3885,873,147,360,1.0,Urban,Y
LP104620,Female,Yes,0,Graduate,No,5080,2890,352,360,1.0,Semiurban,Y
LP104621,Male,No,2,Not Graduate,No,6325,1747,356,84,1.0,Urban,N
LP104622,Male,No,0,Graduate,No,4167,0,66,360,0.0,Rural,N
LP104623,Male,Yes,2,Not Graduate,Yes,6276,939,165,120,1.0,Urban,Y
LP104624,Female,Yes,0,Graduate,No,5563,620,184,360,1.0,Semiurban,Y
LP104625,Male,No,2,Graduate,Yes,8573,0,143,360,1.0,Semiurban,Y
LP104626,Male,Yes,0,Graduate,Yes,11194,5266,397,360,1.0,Semiurban,Y
LP104627,Male,Yes,1,Graduate,Yes,6325,1988,200,360,0.0,Urban,N
LP104628,Male,No,0,Graduate,No,4433,0,100,240,1.0,Rural,Y
LP104629,Male,No,0,Not Graduate,No,3457,0,100,84,1.0,Semiurban,N
LP104630,Male,Yes,1,Graduate,No,3233,4192,323,360,1.0,Semiurban,Y
LP104631,Male,No,3+,Graduate,Yes,3491,0,82,360,1.0,Semiurban,Y
LP104632,Female,Yes,0,Not Graduate,No,5382,0,190,360,1.0,Urban,N
LP104633,Female,No,2,Graduate,No,2464,0,85,360,1.0,Semiurban,Y
LP104634,Male,Yes,1,Graduate,No,10177,2170,539,360,1.0,Semiurban,Y
LP104635,Female,Yes,2,Graduate,No,3852,4631,244,180,1.0,Rural,N
LP104636,Male,No,0,Graduate,No,20209,1432,494,360,1.0,Rural,Y
LP104637,Male,Yes,0,Not Graduate,No,2238,1271,162,360,1.0,Urban,Y
LP104638,Male,No,2,Not Graduate,No,3760,0,166,360,0.0,Urban,N
LP104639,Female,No,0,Graduate,No,3450,0,127,360,1.0,Urban,Y
LP104640,Female,No,0,Graduate,No,2707,1936,85,360,1.0,Rural,Y
LP104641,Male,No,0,Not Graduate,No,5882,0,92,240,1.0,Urban,Y
LP104642,Female,Yes,0,Not Graduate,No,1784,2138,84,360,1.0,Semiurban,Y
LP104643,Male,No,1,Graduate,No,2887,0,63,360,0.0,Semiurban,N
LP104644,Male,Yes,1,Graduate,No,5780,1215,138,360,1.0,Semiurban,Y
LP104645,Male,Yes,1,Graduate,No,6307,0,152,300,0.0,Urban,N
LP104646,Male,No,0,Graduate,No,1947,0,52,360,1.0,Urban,Y
LP104647,Male,Yes,0,Graduate,No,5766,0,239,360,1.0,Semiurban,Y
LP104648,Female,Yes,0,Not Graduate,Yes,3869,0,154,360,1.0,Urban,Y
LP104649,Male,Yes,0,Graduate,No,2528,4149,125,360,1.0,Urban,Y
LP104650,Male,Yes,2,Not Graduate,No,2123,2258,216,120,1.0,Urban,Y
LP104651,Male,No,2,Graduate,No,1368,0,57,360,1.0,Semiurban,Y
LP104652,Male,Yes,0,Not Graduate,No,8427,3338,244,360,1.0,Semiurban,Y
LP104653,Female,Yes,2,Graduate,No,7319,2388,188,360,1.0,Urban,Y
LP104654,Male,No,0,Graduate,No,2061,0,165,36,1.0,Urban,Y
LP104655,Male,Yes,1,Graduate,Yes,7147,1463,350,360,1.0,Urban,Y
LP104656,Female,Yes,0,Graduate,No,3054,3944,163,360,1.0,Semiurban,Y
LP104657,Male,Yes,1,Not Graduate,No,5420,3932,164,360,1.0,Urban,Y
LP104658,Male,Yes,0,Graduate,No,3187,1789,148,120,1.0,Semiurban,Y
LP104659,Male,Yes,0,Graduate,No,3429,3075,259,180,1.0,Urban,Y
LP104660,Male,No,0,Not Graduate,No,2796,0,72,360,1.0,Rural,Y
LP104661,Male,Yes,0,Not Graduate,No,2283,0,73,360,1.0,Urban,Y
LP104662,Male,No,0,Graduate,No,9040,1903,238,360,1.0,Rural,Y
LP104663,Female,No,0,Not Graduate,No,5371,0,161,360,1.0,Rural,Y
LP104664,Female,No,0,Graduate,No,4448,1034,151,360,0.0,Semiurban,N
LP104665,Male,Yes,1,Graduate,No,7356,2605,301,360,1.0,Rural,Y
LP104666,Male,Yes,0,Graduate,No,1882,3690,174,360,1.0,Urban,Y
LP104667,Female,Yes,1,Graduate,No,2130,0,39,300,1.0,Urban,Y
LP104668,Male,No,0,Graduate,No,5436,2450,144,360,1.0,Urban,Y
LP104669,Male,Yes,3+,Graduate,No,6275,0,151,360,1.0,Urban,Y
LP104670,Male,Yes,3+,Graduate,No,4883,1567,123,360,1.0,Urban,Y
LP104671,Female,Yes,0,Not Graduate,No,1163,2480,87,360,1.0,Semiurban,Y
LP104672,Male,Yes,1,Graduate,No,2334,1420,60,360,1.0,Urban,N
LP104673,Male,Yes,0,Not Graduate,No,4121,0,112,360,1.0,Semiurban,Y
LP104674,Male,Yes,3+,Not Graduate,No,12447,0,280,180,1.0,Urban,Y
LP104675,Female,Yes,0,Graduate,No,8181,2310,485,120,1.0,Semiurban,Y
LP104676,Male,Yes,0,Graduate,Yes,10966,0,494,300,1.0,Rural,Y
LP104677,Female,Yes,0,Graduate,No,5047,0,129,360,1.0,Semiurban,Y
LP104678,Male,No,0,Not Graduate,No,3934,0,124,240,1.0,Semiurban,Y
LP104679,Male,Yes,0,Graduate,Yes,2609,5428,389,180,1.0,Urban,N
LP104680,Male,Yes,1,Graduate,No,7068,3774,362,360,1.0,Rural,Y
LP104681,Male,Yes,0,Not Graduate,Yes,3462,2448,264,60,0.0,Urban,N
LP104682,Female,Yes,0,Graduate,Yes,6742,0,296,60,1.0,Rural,Y
LP104683,Male,No,0,Graduate,No,4258,0,204,240,1.0,Semiurban,Y
LP104684,Male,Yes,0,Graduate,No,4882,0,125,360,1.0,Urban,Y
LP104685,Male,No,0,Not Graduate,No,3122,0,52,360,1.0,Rural,Y
LP104686,Male,No,2,Not Graduate,No,3708,0,69,300,1.0,Rural,N
LP104687,Male,No,0,Graduate,No,7258,3216,367,360,1.0,Semiurban,Y
LP104688,Male,Yes,1,Graduate,No,2087,4274,213,180,1.0,Urban,Y
LP104689,Female,Yes,0,Not Graduate,No,1442,1880,85,360,1.0,Semiurban,Y
LP104690,Male,No,0,Graduate,No,5292,0,125,180,1.0,Urban,Y
LP104691,Male,Yes,1,Not Graduate,Yes,7961,6772,587,360,1.0,Semiurban,Y
LP104692,Male,No,0,Graduate,No,10623,0,286,360,1.0,Urban,N
LP104693,Male,No,0,Not Graduate,No,1671,0,60,240,1.0,Semiurban,Y
LP104694,Male,No,1,Graduate,Yes,3690,3092,271,360,1.0,Semiurban,Y
LP104695,Female,Yes,0,Graduate,No,1856,4654,196,360,0.0,Urban,N
LP104696,Male,No,0,Graduate,No,3093,5905,196,180,0.0,Rural,N
LP104697,Male,No,0,Graduate,No,7765,0,350,360,1.0,Urban,Y
LP104698,Male,No,1,Not Graduate,No,3254,0,59,360,1.0,Urban,Y
LP104699,Female,Yes,0,Graduate,No,3409,2250,249,180,1.0,Semiurban,Y
LP104700,Male,Yes,0,Not Graduate,No,4422,10362,655,360,1.0,Rural,Y
LP104701,Male,Yes,0,Graduate,No,2704,3867,230,360,1.0,Rural,Y
LP104702,Male,Yes,0,Graduate,No,10056,0,372,300,1.0,Rural,Y
LP104703,Male,Yes,0,Graduate,No,4204,0,116,360,0.0,Urban,N
LP104704,Male,No,2,Graduate,No,3357,0,149,300,0.0,Rural,N
LP104705,Male,Yes,2,Graduate,No,5782,2995,213,360,1.0,Rural,Y
LP104706,Female,No,0,Graduate,No,7019,0,243,360,1.0,Urban,Y
LP104707,Male,Yes,0,Graduate,Yes,11080,3125,214,360,1.0,Semiurban,Y
LP104708,Female,Yes,1,Graduate,Yes,4103,487,220,360,1.0,Semiurban,Y
LP104709,Male,Yes,0,Not Graduate,No,5955,939,332,12,1.0,Semiurban,Y
LP104710,Male,Yes,2,Graduate,No,4427,2666,283,360,1.0,Rural,N
LP104711,Male,No,1,Graduate,No,2991,0,89,360,1.0,Urban,Y
LP104712,Male,Yes,2,Graduate,No,2731,1933,99,120,0.0,Semiurban,N
LP104713,Male,Yes,0,Not Graduate,No,1792,0,58,120,1.0,Urban,Y
LP104714,Male,Yes,0,Graduate,No,2785,1074,165,84,1.0,Semiurban,N
LP104715,Male,No,2,Graduate,No,7734,2263,362,360,1.0,Rural,Y
LP104716,Male,Yes,1,Not Graduate,No,4834,1695,218,360,1.0,Urban,Y
LP104717,Female,Yes,0,Graduate,No,2116,4075,277,360,1.0,Semiurban,Y
LP104718,Male,Yes,0,Graduate,No,1602,1445,79,360,0.0,Rural,N
LP104719,Male,Yes,1,Not Graduate,No,1777,5465,327,360,1.0,Rural,Y
LP104720,Male,Yes,0,Graduate,No,2731,0,83,360,0.0,Semiurban,N
LP104721,Male,No,0,Graduate,No,3544,0,53,360,1.0,Urban,Y
LP104722,Male,Yes,0,Graduate,No,7981,1073,368,360,1.0,Semiurban,N
LP104723,Male,Yes,1,Not Graduate,No,2425,1375,174,360,1.0,Rural,Y
LP104724,Male,Yes,0,Graduate,No,10552,2496,417,300,0.0,Rural,N
LP104725,Male,Yes,0,Graduate,Yes,1828,1386,99,360,1.0,Urban,Y
LP104726,Female,Yes,1,Graduate,No,3457,1221,202,240,1.0,Semiurban,Y
LP104727,Female,No,0,Graduate,No,6450,3408,453,300,1.0,Urban,Y
LP104728,Male,No,2,Graduate,Yes,7340,0,360,360,1.0,Urban,Y
LP104729,Male,No,0,Graduate,No,3481,1544,136,360,0.0,Semiurban,N
LP104730,Male,No,0,Graduate,No,7264,0,260,360,1.0,Urban,Y
LP104731,Male,Yes,3+,Graduate,No,6545,0,287,120,1.0,Urban,Y
LP104732,Male,Yes,2,Graduate,No,2877,0,97,360,1.0,Semiurban,Y
LP104733,Female,Yes,0,Graduate,Yes,5477,0,171,360,1.0,Semiurban,Y
LP104734,Male,Yes,2,Not Graduate,No,4825,0,169,360,0.0,Rural,N
LP104735,Male,Yes,0,Graduate,No,2993,4079,194,360,1.0,Semiurban,Y
LP104736,Male,Yes,0,Graduate,No,10632,0,231,36,1.0,Semiurban,Y
LP104737,Male,No,0,Graduate,No,2645,0,46,120,1.0,Urban,Y
LP104738,Male,No,0,Graduate,No,4532,0,165,360,1.0,Urban,N
LP104739,Male,No,2,Not Graduate,No,1648,0,47,360,1.0,Semiurban,Y
LP104740,Male,No,1,Not Graduate,No,3469,0,159,360,1.0,Urban,Y
LP104741,Male,Yes,3+,Graduate,No,2328,2361,107,240,1.0,Rural,Y
LP104742,Male,Yes,1,Graduate,No,3562,6143,251,360,0.0,Semiurban,Y
LP104743,Female,No,0,Graduate,No,1750,0,86,12,1.0,Urban,Y
LP104744,Male,Yes,1,Not Graduate,No,5087,0,175,360,0.0,Semiurban,N
LP104745,Male,Yes,3+,Graduate,No,5093,0,138,360,0.0,Rural,N
LP104746,Male,Yes,1,Graduate,No,7615,1806,165,360,1.0,Urban,Y
LP104747,Male,Yes,2,Graduate,No,3458,4286,318,360,1.0,Urban,Y
LP104748,Male,Yes,3+,Not Graduate,No,6114,6371,438,240,0.0,Rural,N
LP104749,Female,Yes,0,Graduate,No,4279,0,197,360,1.0,Urban,Y
LP104750,Male,Yes,1,Graduate,No,4456,0,81,36,1.0,Urban,Y
LP104751,Male,No,2,Graduate,Yes,14732,0,424,240,0.0,Urban,N
LP104752,Male,Yes,3+,Graduate,No,3207,422,157,120,1.0,Semiurban,Y
LP104753,Male,Yes,0,Graduate,No,8224,0,234,360,1.0,Semiurban,Y
LP104754,Female,Yes,0,Not Graduate,Yes,4693,2729,352,360,1.0,Semiurban,Y
LP104755,Female,Yes,1,Not Graduate,No,2392,0,49,360,1.0,Rural,Y
LP104756,Male,No,0,Graduate,No,2031,0,54,36,1.0,Rural,Y
LP104757,Male,No,1,Not Graduate,No,1856,3378,157,360,0.0,Rural,N
LP104758,Male,No,0,Graduate,No,7798,0,304,360,1.0,Semiurban,Y
LP104759,Female,Yes,0,Graduate,No,10869,2340,288,84,1.0,Urban,Y
LP104760,Male,Yes,0,Not Graduate,No,3446,3038,99,360,1.0,Rural,Y
LP104761,Female,Yes,0,Graduate,Yes,4985,4500,466,360,1.0,Urban,Y
LP104762,Male,Yes,0,Graduate,No,6418,0,298,360,1.0,Rural,Y
LP104763,Male,Yes,0,Not Graduate,No,3412,0,87,300,1.0,Urban,Y
LP104764,Male,Yes,0,Graduate,No,7666,1933,306,360,1.0,Rural,Y
LP104765,Male,Yes,0,Graduate,No,4916,976,189,60,1.0,Rural,Y
LP104766,Female,No,0,Not Graduate,No,3530,0,160,360,1.0,Semiurban,Y
LP104767,Male,Yes,0,Graduate,No,2850,833,132,120,1.0,Urban,Y
LP104768,Male,No,1,Graduate,No,2490,0,109,360,0.0,Urban,N
LP104769,Male,Yes,2,Graduate,No,737,0,35,360,1.0,Semiurban,Y
LP104770,Male,Yes,0,Graduate,No,8255,0,287,360,1.0,Urban,Y
LP104771,Male,No,0,Graduate,No,3863,815,117,360,1.0,Semiurban,Y
LP104772,Male,No,1,Not Graduate,No,2629,0,85,360,1.0,Urban,N
LP104773,Female,Yes,0,Graduate,No,1431,1626,137,360,1.0,Urban,Y
LP104774,Male,Yes,3+,Graduate,Yes,3239,0,115,360,1.0,Semiurban,Y
LP104775,Female,Yes,1,Graduate,Yes,3013,1870,226,360,1.0,Semiurban,Y
LP104776,Male,Yes,0,Graduate,No,2704,0,125,360,1.0,Urban,Y
LP104777,Male,No,0,Not Graduate,Yes,4329,0,122,360,1.0,Semiurban,Y
LP104778,Male,No,0,Graduate,No,4478,3804,254,360,1.0,Rural,Y
LP104779,Male,Yes,0,Not Graduate,No,1550,1990,137,360,1.0,Urban,Y
LP104780,Male,Yes,0,Graduate,Yes,2256,1309,67,120,1.0,Urban,Y
LP104781,Male,Yes,0,Graduate,No,2049,2695,148,180,1.0,Rural,Y
LP104782,Male,Yes,2,Graduate,Yes,12467,1324,279,360,1.0,Urban,Y
LP104783,Male,No,0,Graduate,No,9516,0,425,360,1.0,Urban,Y
LP104784,Male,Yes,0,Graduate,No,2620,0,126,360,1.0,Semiurban,Y
LP104785,Male,Yes,1,Graduate,No,1412,0,28,300,1.0,Urban,Y
LP104786,Female,Yes,0,Not Graduate,Yes,3868,2718,253,360,1.0,Urban,Y
LP104787,Female,Yes,0,Graduate,No,4297,0,160,360,1.0,Rural,Y
LP104788,Male,Yes,0,Not Graduate,Yes,4291,1602,245,360,0.0,Urban,N
LP104789,Male,No,0,Graduate,No,6295,0,248,360,1.0,Rural,Y
LP104790,Male,Yes,3+,Graduate,No,5368,1727,160,360,1.0,Urban,Y
LP104791,Female,Yes,0,Graduate,No,2266,6387,218,360,1.0,Rural,Y
LP104792,Male,Yes,0,Graduate,No,4922,1319,130,360,1.0,Semiurban,Y
LP104793,Male,No,0,Not Graduate,No,5241,0,248,360,0.0,Urban,N
LP104794,Male,Yes,0,Graduate,No,2812,0,94,360,1.0,Semiurban,Y
LP104795,Male,No,0,Graduate,No,4938,0,243,360,1.0,Rural,Y
LP104796,Male,No,2,Graduate,No,3089,0,95,360,0.0,Urban,N
LP104797,Female,No,2,Graduate,No,12552,0,431,360,1.0,Semiurban,Y
LP104798,Male,Yes,0,Not Graduate,No,1580,1452,129,360,1.0,Semiurban,Y
LP104799,Male,Yes,0,Graduate,Yes,8698,0,373,180,1.0,Semiurban,Y
LP104800,Male,Yes,1,Graduate,Yes,1837,0,42,360,1.0,Semiurban,Y
LP104801,Male,Yes,0,Graduate,No,11225,0,282,180,1.0,Urban,Y
LP104802,Female,Yes,0,Not Graduate,No,1749,0,32,360,1.0,Urban,Y
LP104803,Male,Yes,0,Graduate,No,4647,2838,323,360,1.0,Semiurban,Y
LP104804,Female,Yes,0,Graduate,No,1709,0,73,84,1.0,Rural,N
LP104805,Male,No,0,Graduate,No,1993,0,36,240,0.0,Urban,Y
LP104806,Male,Yes,2,Not Graduate,No,5369,2587,191,360,1.0,Semiurban,Y
LP104807,Female,Yes,2,Graduate,No,7371,939,255,360,1.0,Urban,Y
LP104808,Male,No,0,Graduate,No,4776,0,165,360,1.0,Semiurban,Y
LP104809,Female,No,0,Graduate,No,6294,0,210,300,1.0,Semiurban,Y
LP104810,Male,No,2,Graduate,No,7439,0,368,240,1.0,Semiurban,N
LP104811,Male,No,0,Graduate,No,2874,0,120,180,1.0,Rural,Y
LP104812,Male,No,2,Graduate,No,1940,0,37,360,1.0,Urban,Y
LP104813,Male,Yes,0,Graduate,Yes,4571,1296,148,360,0.0,Urban,N
LP104814,Male,Yes,0,Graduate,No,3048,0,83,360,1.0,Rural,Y
LP104815,Female,Yes,0,Graduate,No,5185,737,154,360,1.0,Urban,Y
LP104816,Female,Yes,2,Not Graduate,Yes,4873,895,245,180,1.0,Semiurban,Y
LP104817,Female,Yes,0,Not Graduate,Yes,2478,3598,168,60,1.0,Semiurban,Y
LP104818,Female,Yes,0,Not Graduate,No,4827,0,156,360,1.0,Semiurban,Y
LP104819,Male,Yes,0,Graduate,No,6000,2291,279,360,1.0,Urban,Y
LP104820,Male,Yes,2,Graduate,No,6233,0,152,360,1.0,Urban,Y
LP104821,Male,Yes,3+,Not Graduate,No,2618,6717,245,84,1.0,Semiurban,Y
LP104822,Male,No,3+,Graduate,No,6430,922,311,360,1.0,Urban,Y
LP104823,Male,Yes,3+,Graduate,No,5573,2367,360,360,1.0,Semiurban,Y
LP104824,Male,No,0,Not Graduate,No,4660,0,76,360,1.0,Semiurban,Y
LP104825,Male,Yes,0,Graduate,No,10536,1596,439,360,1.0,Semiurban,Y
LP104826,Male,No,0,Graduate,No,5014,0,186,360,1.0,Urban,Y
LP104827,Male,No,0,Graduate,No,2999,0,122,360,0.0,Rural,N
LP104828,Male,No,2,Graduate,No,2273,0,89,180,1.0,Semiurban,N
LP104829,Male,No,2,Graduate,No,7786,0,356,360,1.0,Semiurban,Y
LP104830,Female,Yes,0,Not Graduate,No,3988,0,71,360,1.0,Rural,N
LP104831,Male,No,1,Graduate,No,10491,0,300,360,1.0,Semiurban,N
LP104832,Male,No,2,Graduate,No,1371,0,58,360,0.0,Rural,N
LP104833,Male,No,0,Not Graduate,No,5407,0,241,360,1.0,Urban,N
LP104834,Male,No,0,Graduate,No,3627,3169,165,360,1.0,Rural,Y
LP104835,Male,Yes,0,Graduate,No,3447,1998,193,180,0.0,Urban,N
LP104836,Male,No,0,Graduate,No,2749,0,59,360,1.0,Rural,Y
LP104837,Male,Yes,0,Not Graduate,No,5374,10149,695,360,0.0,Rural,N
LP104838,Male,Yes,0,Graduate,Yes,6454,0,262,180,1.0,Urban,Y
LP104839,Male,Yes,0,Graduate,No,2234,0,51,360,0.0,Semiurban,N
LP104840,Female,No,3+,Graduate,Yes,5043,2713,286,360,1.0,Semiurban,Y
LP104841,Female,Yes,0,Graduate,No,6174,2792,294,360,1.0,Urban,Y
LP104842,Male,Yes,0,Graduate,No,4618,7164,283,300,1.0,Semiurban,Y
LP104843,Male,Yes,3+,Graduate,No,7701,0,356,360,1.0,Urban,Y
LP104844,Male,No,0,Graduate,No,3570,1887,110,180,1.0,Rural,Y
LP104845,Male,Yes,0,Graduate,No,1212,5071,197,60,1.0,Urban,Y
LP104846,Female,Yes,2,Graduate,No,4640,0,164,360,1.0,Semiurban,Y
LP104847,Male,Yes,0,Graduate,No,4624,0,203,360,1.0,Urban,Y
LP104848,Male,No,2,Graduate,No,4969,0,101,360,1.0,Urban,Y
LP104849,Male,No,0,Not Graduate,No,6024,3472,345,360,1.0,Semiurban,Y
LP104850,Female,No,0,Not Graduate,No,1120,0,17,360,1.0,Semiurban,Y
LP104851,Male,Yes,0,Not Graduate,No,2874,0,126,360,1.0,Urban,N
LP104852,Male,No,0,Graduate,Yes,2773,0,64,180,1.0,Rural,Y
LP104853,Male,Yes,2,Graduate,No,2155,0,87,300,1.0,Urban,Y
LP104854,Male,Yes,1,Graduate,No,4024,662,169,360,1.0,Rural,Y
LP104855,Male,Yes,3+,Graduate,No,6160,1892,135,180,1.0,Semiurban,Y
LP104856,Male,Yes,2,Graduate,No,4941,0,106,360,1.0,Semiurban,Y
LP104857,Female,No,0,Graduate,No,2869,0,70,360,0.0,Urban,N
LP104858,Female,Yes,0,Graduate,Yes,4252,2165,295,360,1.0,Semiurban,Y
LP104859,Female,Yes,1,Graduate,No,6983,3340,329,360,0.0,Semiurban,N
LP104860,Male,Yes,1,Graduate,No,6097,0,286,300,1.0,Urban,Y
LP104861,Female,Yes,2,Graduate,Yes,3398,3433,114,240,0.0,Urban,N
LP104862,Male,Yes,0,Graduate,No,2981,2561,84,360,1.0,Urban,Y
LP104863,Male,Yes,0,Graduate,No,1629,1646,158,360,1.0,Urban,Y
LP104864,Male,Yes,1,Not Graduate,No,2588,1875,180,360,1.0,Urban,Y
LP104865,Male,No,0,Graduate,No,1612,0,68,360,1.0,Urban,Y
LP104866,Male,No,0,Graduate,No,13051,0,614,360,1.0,Semiurban,Y
LP104867,Male,No,1,Not Graduate,No,2047,0,101,360,1.0,Urban,Y
LP104868,Male,Yes,0,Graduate,No,7706,3788,212,360,1.0,Urban,Y
LP104869,Female,No,0,Graduate,No,11381,0,234,360,0.0,Urban,N
LP104870,Male,No,0,Graduate,No,4716,2191,149,360,1.0,Semiurban,Y
LP104871,Male,No,1,Graduate,Yes,4359,0,190,360,0.0,Urban,N
LP104872,Male,Yes,0,Graduate,No,2023,4014,166,360,1.0,Semiurban,Y
LP104873,Male,Yes,2,Graduate,No,3172,729,140,60,1.0,Semiurban,Y
LP104874,Male,No,0,Graduate,No,10117,0,455,360,1.0,Semiurban,N
LP104875,Male,Yes,0,Not Graduate,No,3975,2779,263,360,0.0,Urban,N
LP104876,Male,Yes,0,Graduate,No,4253,5714,172,360,0.0,Semiurban,N
LP104877,Male,Yes,1,Graduate,Yes,9478,1952,350,360,1.0,Urban,Y
LP104878,Male,Yes,0,Graduate,No,6141,1399,131,360,1.0,Rural,N
LP104879,Female,No,0,Graduate,No,3860,0,123,360,1.0,Rural,Y
LP104880,Male,Yes,3+,Not Graduate,No,3691,0,84,180,1.0,Semiurban,Y
LP104881,Male,Yes,2,Graduate,No,2744,4556,110,360,1.0,Rural,Y
LP104882,Female,No,3+,Not Graduate,No,2407,0,105,180,1.0,Semiurban,N
LP104883,Male,Yes,0,Graduate,No,3738,0,183,360,1.0,Urban,Y
LP104884,Male,Yes,0,Not Graduate,No,4453,1043,268,360,1.0,Urban,N
LP104885,Female,Yes,1,Graduate,No,2108,0,54,360,1.0,Semiurban,Y
LP104886,Male,No,1,Graduate,No,4366,0,192,360,1.0,Rural,Y
LP104887,Male,Yes,2,Graduate,No,3379,0,131,360,1.0,Rural,Y
LP104888,Male,No,1,Not Graduate,Yes,2196,0,94,360,1.0,Semiurban,Y
LP104889,Male,Yes,3+,Graduate,No,3389,4718,362,360,0.0,Semiurban,N
LP104890,Male,Yes,0,Not Graduate,No,914,1601,124,360,1.0,Semiurban,Y
LP104891,Male,Yes,2,Graduate,No,2760,1699,91,360,1.0,Rural,Y
LP104892,Male,Yes,1,Graduate,No,2287,1955,178,240,1.0,Semiurban,Y
LP104893,Male,No,1,Graduate,No,3590,0,146,360,1.0,Semiurban,Y
LP104894,Male,No,0,Graduate,No,1195,4300,138,360,1.0,Semiurban,Y
LP104895,Male,Yes,2,Not Graduate,No,3640,1070,135,360,1.0,Rural,N
LP104896,Male,Yes,2,Graduate,No,6905,1271,173,120,1.0,Rural,Y
LP104897,Male,No,0,Graduate,No,3925,0,184,360,1.0,Urban,Y
LP104898,Male,Yes,1,Graduate,No,5509,6186,535,360,1.0,Urban,Y
LP104899,Female,Yes,0,Graduate,No,3158,1645,175,360,1.0,Rural,Y
LP104900,Male,No,3+,Graduate,No,1781,0,59,360,0.0,Rural,N
LP104901,Male,Yes,0,Graduate,Yes,4610,0,107,180,1.0,Semiurban,Y
LP104902,Male,No,0,Graduate,No,6087,0,260,180,1.0,Semiurban,Y
LP104903,Male,Yes,0,Graduate,No,2021,2976,76,360,1.0,Rural,Y
LP104904,Female,No,1,Graduate,No,3242,0,101,360,1.0,Rural,Y
LP104905,Male,Yes,0,Graduate,No,3655,1572,236,360,1.0,Rural,Y
LP104906,Female,Yes,1,Graduate,No,20091,834,700,84,1.0,Urban,Y
LP104907,Male,Yes,3+,Graduate,No,4734,2172,257,360,1.0,Semiurban,Y
LP104908,Male,Yes,2,Graduate,No,1468,4313,101,360,0.0,Urban,N
LP104909,Male,Yes,0,Graduate,No,1281,1409,67,180,1.0,Rural,Y
LP104910,Female,Yes,3+,Graduate,No,6258,2926,354,360,1.0,Urban,Y
LP104911,Male,Yes,1,Graduate,Yes,18067,1409,326,360,1.0,Semiurban,Y
LP104912,Male,No,0,Not Graduate,No,2808,1035,102,360,1.0,Semiurban,Y
LP104913,Male,Yes,0,Graduate,No,3471,3005,177,360,1.0,Rural,Y
LP104914,Male,Yes,0,Graduate,No,5306,8173,437,360,1.0,Semiurban,Y
LP104915,Female,Yes,2,Graduate,No,2699,2768,151,360,1.0,Urban,Y
LP104916,Male,Yes,0,Graduate,No,1033,1559,80,360,1.0,Semiurban,Y
LP104917,Male,Yes,0,Not Graduate,No,5797,1620,253,180,1.0,Semiurban,Y
LP104918,Male,Yes,2,Not Graduate,No,2339,6282,168,360,1.0,Urban,Y
LP104919,Male,No,1,Graduate,No,7460,0,159,240,1.0,Rural,Y
LP104920,Female,Yes,2,Graduate,No,3031,1262,189,240,1.0,Semiurban,Y
LP104921,Male,Yes,1,Graduate,No,4477,1925,199,360,1.0,Semiurban,Y
LP104922,Male,No,0,Graduate,No,6700,0,184,300,1.0,Semiurban,Y
LP104923,Female,No,2,Graduate,No,7544,0,228,360,1.0,Rural,Y
LP104924,Male,Yes,0,Not Graduate,No,3725,0,79,240,1.0,Semiurban,Y
LP104925,Male,No,0,Graduate,Yes,5094,0,119,360,1.0,Semiurban,Y
LP104926,Male,Yes,1,Not Graduate,No,4608,2251,227,360,0.0,Rural,N
LP104927,Male,No,0,Not Graduate,No,4230,0,117,360,1.0,Semiurban,Y
LP104928,Male,Yes,3+,Not Graduate,Yes,1772,2534,136,120,1.0,Semiurban,Y
LP104929,Female,No,0,Graduate,No,2080,0,42,360,1.0,Rural,Y
LP104930,Male,No,0,Graduate,No,1313,0,27,240,1.0,Urban,Y
LP104931,Male,Yes,3+,Graduate,No,6383,1769,232,360,1.0,Semiurban,Y
LP104932,Female,Yes,1,Graduate,No,3368,2683,171,360,1.0,Rural,Y
LP104933,Male,Yes,1,Graduate,No,6574,0,302,180,0.0,Urban,Y
LP104934,Male,Yes,0,Graduate,No,5228,2784,130,360,1.0,Urban,Y
LP104935,Male,Yes,2,Graduate,No,2413,2295,234,360,1.0,Semiurban,Y
LP104936,Female,Yes,0,Graduate,No,3919,1465,261,120,0.0,Urban,N
LP104937,Male,Yes,0,Graduate,No,3260,1907,176,120,1.0,Rural,Y
LP104938,Male,Yes,0,Graduate,No,2995,0,120,360,1.0,Urban,Y
LP104939,Female,Yes,0,Graduate,No,6927,0,331,120,1.0,Urban,Y
LP104940,Male,Yes,1,Graduate,Yes,18324,555,449,360,1.0,Rural,Y
LP104941,Male,Yes,0,Graduate,No,7736,3573,295,360,1.0,Urban,Y
LP104942,Female,No,0,Not Graduate,Yes,3551,0,67,360,1.0,Semiurban,Y
LP104943,Male,Yes,0,Graduate,No,8371,2119,364,360,1.0,Rural,Y
LP104944,Female,Yes,1,Graduate,No,10741,1451,251,360,1.0,Rural,Y
LP104945,Female,No,2,Graduate,No,1947,1979,187,360,1.0,Rural,Y
LP104946,Male,No,0,Not Graduate,Yes,7070,0,213,360,1.0,Urban,Y
LP104947,Male,Yes,0,Graduate,No,6394,3276,456,360,1.0,Urban,Y
LP104948,Female,No,0,Not Graduate,No,6299,1811,180,360,1.0,Urban,N
LP104949,Female,Yes,1,Not Graduate,No,5125,4960,396,360,1.0,Urban,Y
LP104950,Male,Yes,0,Graduate,No,3694,2528,234,360,0.0,Semiurban,N
LP104951,Male,Yes,0,Graduate,No,12808,2296,438,360,1.0,Semiurban,Y
LP104952,Male,Yes,1,Graduate,No,5047,2542,352,360,1.0,Semiurban,Y
LP104953,Male,Yes,2,Graduate,No,3297,1113,133,360,1.0,Urban,Y
LP104954,Male,No,0,Graduate,No,5531,0,121,360,0.0,Semiurban,N
LP104955,Male,Yes,2,Graduate,Yes,7863,2164,493,300,1.0,Urban,Y
LP104956,Male,Yes,1,Graduate,No,4411,1666,185,360,1.0,Urban,Y
LP104957,Male,Yes,3+,Graduate,No,5198,1414,147,360,1.0,Semiurban,Y
LP104958,Male,No,0,Graduate,No,4396,0,122,360,1.0,Semiurban,Y
LP104959,Male,No,0,Graduate,No,2912,0,106,360,0.0,Rural,N
LP104960,Male,Yes,2,Graduate,No,2664,8032,352,360,1.0,Rural,N
LP104961,Male,Yes,0,Graduate,No,1936,1644,133,180,1.0,Semiurban,Y
LP104962,Male,Yes,0,Graduate,No,9650,1331,419,360,1.0,Semiurban,N
LP104963,Male,Yes,0,Not Graduate,No,2898,1823,91,360,1.0,Urban,Y
LP104964,Male,No,2,Graduate,No,636,4919,145,360,1.0,Urban,Y
LP104965,Male,Yes,0,Graduate,No,5207,5135,426,360,0.0,Rural,N
LP104966,Female,Yes,2,Graduate,Yes,5663,6435,457,360,1.0,Urban,Y
LP104967,Male,Yes,0,Graduate,No,1500,2073,65,360,1.0,Urban,Y
LP104968,Female,Yes,0,Graduate,No,2649,0,69,120,1.0,Urban,Y
LP104969,Male,Yes,0,Graduate,No,2586,1064,174,180,1.0,Urban,Y
LP104970,Male,Yes,0,Graduate,No,2784,0,126,240,1.0,Rural,Y
LP104971,Female,Yes,1,Graduate,No,8158,1023,353,360,1.0,Urban,Y
LP104972,Male,Yes,1,Graduate,No,3858,2654,114,360,1.0,Semiurban,Y
LP104973,Male,Yes,0,Graduate,No,3310,0,120,360,1.0,Urban,Y
LP104974,Male,Yes,0,Not Graduate,No,6075,0,94,120,1.0,Semiurban,Y
LP104975,Male,Yes,1,Graduate,Yes,6048,1203,277,360,1.0,Semiurban,Y
LP104976,Male,No,2,Not Graduate,No,1258,3329,186,360,0.0,Urban,N
LP104977,Male,Yes,1,Graduate,No,2983,471,112,360,1.0,Rural,Y
LP104978,Male,Yes,2,Graduate,No,4998,0,76,360,1.0,Urban,Y
LP104979,Male,No,0,Graduate,No,2505,1874,168,180,1.0,Semiurban,Y
LP104980,Female,No,2,Not Graduate,No,10006,0,437,360,1.0,Semiurban,Y
LP104981,Male,Yes,0,Graduate,No,4455,2516,248,360,1.0,Rural,N
LP104982,Male,Yes,0,Graduate,Yes,3043,1801,193,180,1.0,Urban,Y
LP104983,Female,Yes,2,Graduate,No,2258,2798,92,180,1.0,Urban,Y
LP104984,Male,Yes,3+,Graduate,Yes,7671,6634,573,300,1.0,Urban,Y
LP104985,Male,Yes,1,Not Graduate,No,2295,2428,172,360,0.0,Urban,N
LP104986,Male,No,0,Graduate,No,5160,0,137,360,1.0,Urban,Y
LP104987,Male,No,0,Graduate,No,2223,0,87,360,1.0,Urban,Y
LP104988,Male,Yes,0,Not Graduate,No,3406,2684,229,360,1.0,Semiurban,Y
LP104989,Male,Yes,2,Graduate,No,2951,1189,149,120,1.0,Rural,Y
LP104990,Female,Yes,0,Graduate,No,3520,747,91,360,1.0,Urban,Y
LP104991,Male,Yes,2,Not Graduate,No,2115,2501,117,360,1.0,Rural,Y
LP104992,Male,Yes,0,Graduate,No,7360,0,366,360,1.0,Rural,N
LP104993,Male,No,2,Graduate,No,3196,0,96,240,0.0,Rural,N
LP104994,Male,Yes,3+,Graduate,No,3869,1503,92,360,1.0,Rural,N
LP104995,Female,No,0,Graduate,No,3974,0,185,360,1.0,Semiurban,Y
LP104996,Male,No,0,Graduate,No,10163,0,214,60,1.0,Rural,Y
LP104997,Male,No,2,Graduate,No,6832,1626,246,360,1.0,Semiurban,Y
LP104998,Female,Yes,0,Not Graduate,No,5062,0,125,180,1.0,Semiurban,Y
LP104999,Male,Yes,1,Not Graduate,No,1376,1199,125,360,1.0,Rural,Y
